Date,BTC,ETH,BNB,XRP,ADA,SOL,DOGE,TRX,TON,MATIC,DOT,LTC,AVAX,DAI,LINK,LEO,XLM,WSTETH,HBAR,SHIB,BCH,EWP,PP
2021-10-07 00:00:00+00:00,53805.984375,3587.974853515625,438.7617492675781,1.0680259466171265,2.2769949436187744,154.28118896484375,0.2429230064153671,0.0955139994621276,9.426724433898926,1.2765079736709597,33.97454833984375,178.771728515625,61.48835372924805,1.0002700090408323,26.83403587341309,2.8990249633789062,0.3441070020198822,3767.548095703125,0.3779059946537018,2.300000051036477e-05,612.15673828125,2985.084937545873,46625.15025108654
2021-10-08 00:00:00+00:00,53967.84765625,3563.75927734375,419.10205078125,1.0628910064697266,2.237175941467285,158.94920349121094,0.2438510060310363,0.0976699963212013,10.044754981994627,1.3440279960632324,33.372894287109375,175.97238159179688,60.52022552490234,0.999948024749756,26.40096092224121,2.780317068099976,0.3358120024204254,3723.784423828125,0.3736110031604767,2.700000004551839e-05,595.7726440429688,2987.857228766197,46759.77072657578
2021-10-09 00:00:00+00:00,54968.22265625,3575.716796875,421.5494689941406,1.1599260568618774,2.2666149139404297,156.82583618164062,0.2465959936380386,0.1028700023889541,10.530007362365724,1.351140022277832,36.3274040222168,179.65866088867188,60.56625747680664,1.0009039640426636,27.417076110839844,2.8382530212402344,0.3528690040111542,3739.667724609375,0.3708609938621521,2.700000004551839e-05,614.4834594726562,3038.126448057904,47620.26950192171
2021-10-10 00:00:00+00:00,54771.578125,3425.852783203125,405.0693054199219,1.1384530067443848,2.197213888168335,148.0487060546875,0.2298049926757812,0.0977479964494705,9.828109741210938,1.248175024986267,34.4664192199707,175.31857299804688,56.59357452392578,1.0003360509872437,25.648935317993164,2.7690138816833496,0.332516998052597,3625.785888671875,0.3434630036354065,2.5999999706982635e-05,586.6426391601562,3013.056657626395,47435.63437722523
2021-10-11 00:00:00+00:00,57484.7890625,3545.35400390625,413.4562072753906,1.137887954711914,2.173388957977295,144.85813903808594,0.2315029948949813,0.0971620008349418,9.290955543518066,1.24372398853302,34.18463134765625,179.42605590820312,55.30461120605469,1.000540018081665,25.25881576538086,2.7428228855133057,0.3445560038089752,3658.277099609375,0.3437289893627167,3.099999958067201e-05,601.8111572265625,3150.539337339057,49773.46795532507
2021-10-12 00:00:00+00:00,56041.05859375,3492.5732421875,443.8675231933594,1.1018589735031128,2.119189977645874,152.73712158203125,0.2262420058250427,0.0955090001225471,8.998848915100098,1.2238709926605225,35.159767150878906,172.79776000976562,54.35797119140625,1.0001360177993774,24.623647689819336,2.803812026977539,0.3331409990787506,3627.57568359375,0.3502320051193237,2.9000000722589903e-05,587.449462890625,3078.5930306263317,48529.47612626618
2021-10-13 00:00:00+00:00,57401.09765625,3606.20166015625,470.7496948242188,1.128391981124878,2.189053058624268,148.17604064941406,0.232572004199028,0.0979930013418197,9.756205558776855,1.2411179542541504,41.6169319152832,177.62832641601562,55.152488708496094,1.0010219812393188,25.61174964904785,2.807291984558105,0.3676629960536957,3705.888427734375,0.3585700094699859,2.9000000722589903e-05,594.5084838867188,3154.562446177117,49708.31410828358
2021-10-14 00:00:00+00:00,57321.5234375,3786.01416015625,472.02239990234375,1.132315993309021,2.170362949371338,149.75680541992188,0.2322729974985122,0.0971589982509613,9.616424560546877,1.2630540132522583,40.75510025024414,180.11839294433594,56.08110427856445,1.0005569458007812,26.647485733032227,2.678873062133789,0.3693259954452514,3925.743896484375,0.3884539902210235,2.700000004551839e-05,597.6168212890625,3170.248972879236,49663.56964920695
2021-10-15 00:00:00+00:00,61593.94921875,3862.634765625,473.70263671875,1.1405500173568726,2.214651107788086,162.59620666503906,0.2337819933891296,0.0985039994120597,8.843438148498535,1.583204984664917,43.15711212158203,188.8141326904297,56.2510871887207,1.000116944313049,26.94454574584961,2.845787048339844,0.3614340126514435,4004.518798828125,0.3633430004119873,2.499999936844688e-05,624.5038452148438,3383.607485038341,53340.17559017508
2021-10-16 00:00:00+00:00,60892.1796875,3830.382080078125,465.6424560546875,1.1350959539413452,2.177712917327881,157.538818359375,0.237292006611824,0.0986900031566619,8.86861515045166,1.506134033203125,41.757625579833984,186.18930053710935,57.48309326171875,1.0000059604644775,27.228479385375977,2.9040489196777344,0.3961029946804046,3976.294189453125,0.3723790049552917,2.5999999706982635e-05,626.3204956054688,3346.6529680361564,52734.224934137215
2021-10-17 00:00:00+00:00,61553.6171875,3847.1044921875,470.6255493164063,1.0934679508209229,2.1569631099700928,159.74380493164062,0.2378980070352554,0.0986900031566619,8.555994987487793,1.4565349817276,42.073951721191406,183.73052978515625,56.07736587524414,1.0001909732818604,26.54088592529297,2.872941017150879,0.382656991481781,3978.87158203125,0.3561950027942657,2.8000000384054147e-05,611.6915283203125,3378.4899256485187,53302.957898147615
2021-10-18 00:00:00+00:00,62026.078125,3748.76025390625,485.1110229492188,1.0838420391082764,2.128262996673584,157.2312774658203,0.2472810000181198,0.098140001296997,8.351451873779297,1.4791159629821775,41.18367004394531,185.55674743652344,55.47448348999024,0.9995949864387512,25.70457649230957,2.913383960723877,0.3798370063304901,3862.9814453125,0.3568949997425079,2.9000000722589903e-05,611.1658325195312,3391.2992984972943,53695.98537765391
2021-10-19 00:00:00+00:00,64261.9921875,3877.65087890625,488.14886474609375,1.092079997062683,2.112962007522583,156.01702880859375,0.2457879930734634,0.1006089970469474,8.752814292907715,1.471904993057251,41.38401412963867,188.9398193359375,56.81697463989258,0.9999639987945556,25.936241149902344,2.9835660457611084,0.3739239871501922,4009.06591796875,0.3755429983139038,2.8000000384054147e-05,619.0848999023438,3511.5974290665754,55631.40276803375
2021-10-20 00:00:00+00:00,65992.8359375,4155.9921875,501.0203247070313,1.1423280239105225,2.1859500408172607,175.94686889648438,0.2540929913520813,0.1030640006065368,8.743448257446289,1.5318690538406372,44.3486557006836,206.87078857421875,59.55984115600586,0.9997609853744508,27.419164657592773,3.16813588142395,0.390976995229721,4294.9765625,0.4014509916305542,2.9000000722589903e-05,644.3960571289062,3624.8708330734553,57150.59616199656
2021-10-21 00:00:00+00:00,62210.171875,4054.32275390625,471.2569274902344,1.0893150568008425,2.1365909576416016,190.3184356689453,0.2423910051584243,0.0995220020413398,8.491109848022461,1.5044549703598022,42.84651947021485,196.8691864013672,61.30981063842773,0.9996269941329956,28.268346786499023,3.1874239444732666,0.372622013092041,4239.583984375,0.3783490061759949,2.700000004551839e-05,623.7405395507812,3435.104276765982,53894.26954271758
2021-10-22 00:00:00+00:00,60692.265625,3970.181884765625,478.6431579589844,1.0883740186691284,2.1541988849639893,196.43153381347656,0.2442210018634796,0.0998260006308555,9.23044204711914,1.514093041419983,43.44936752319336,190.82228088378903,65.45528411865234,0.9995350241661072,28.661046981811523,3.4131860733032227,0.3721350133419037,4127.6787109375,0.3785539865493774,2.8000000384054147e-05,623.5930786132812,3354.1274554137303,52579.91534068283
2021-10-23 00:00:00+00:00,61393.6171875,4171.66357421875,485.9064331054688,1.0944969654083252,2.1668150424957275,197.703857421875,0.2517330050468445,0.1007400006055831,9.103256225585938,1.6419179439544678,44.04997253417969,196.30950927734372,65.45916748046875,1.0016069412231443,31.45980834960937,3.2150089740753174,0.3786669969558716,4324.5380859375,0.3798500001430511,3.400000059627928e-05,629.4553833007812,3407.5951002486413,53205.39880364163
2021-10-24 00:00:00+00:00,60930.8359375,4087.903076171875,476.6331176757813,1.0842829942703247,2.1234350204467773,202.3619842529297,0.2770479917526245,0.0992339998483657,8.895752906799316,1.5737379789352417,42.38565826416016,190.9056854248047,64.51839447021484,0.9999449849128724,29.770856857299805,3.25548791885376,0.3728429973125458,4223.98193359375,0.3675729930400848,3.600000127335079e-05,617.8567504882812,3375.533465261203,52797.15709783546
2021-10-25 00:00:00+00:00,63039.82421875,4217.876953125,484.6450805664063,1.0951579809188845,2.144066095352173,210.1042938232422,0.2647069990634918,0.1007080003619194,9.169527053833008,1.6744489669799805,44.5266227722168,195.299560546875,69.82469177246094,1.000012993812561,32.46010971069336,3.254196882247925,0.3868040144443512,4367.2412109375,0.3867729902267456,4.199999966658652e-05,621.6943359375,3490.617786758054,54623.54826806108
2021-10-26 00:00:00+00:00,60363.79296875,4131.10205078125,478.0250549316406,1.108093023300171,2.138777017593384,199.8072509765625,0.255731999874115,0.1011890023946762,8.92619514465332,1.7360249757766724,44.88387298583984,197.4688720703125,68.87113189697266,1.000128984451294,32.503047943115234,3.3783419132232666,0.373432993888855,4292.94921875,0.3915629982948303,4.8000001697801054e-05,611.6384887695312,3354.3072135194607,52317.03259861901
2021-10-27 00:00:00+00:00,58482.38671875,3930.25732421875,449.0079956054688,0.9954519867897034,1.9132369756698608,183.77459716796875,0.2376900017261505,0.0907059982419014,8.026748657226562,1.7599420547485352,40.41045379638672,179.33412170410156,61.51663589477539,1.0002280473709106,28.88567352294922,3.152013063430786,0.3307560086250305,4101.2998046875,0.3501090109348297,7.999999797903001e-05,549.0943603515625,3239.229745119249,50678.23366201559
2021-10-28 00:00:00+00:00,60622.13671875,4287.31884765625,492.0155334472656,1.0588200092315674,1.9882190227508545,194.86398315429688,0.3004469871520996,0.0953690037131309,8.396422386169434,2.128509998321533,41.86169052124024,189.9776306152344,64.4300765991211,1.0009180307388306,30.22704696655273,3.2140469551086426,0.3428049981594085,4433.3798828125,0.3709689974784851,6.800000119255856e-05,579.4688720703125,3378.7893750943613,52555.90149062007
2021-10-29 00:00:00+00:00,62227.96484375,4414.74658203125,529.6221313476562,1.0815030336380005,2.0121870040893555,200.1827545166016,0.2878530025482178,0.0994390025734901,8.768141746520996,2.0205719470977783,44.07362365722656,196.3447113037109,64.77246856689453,1.000010967254639,30.93483161926269,3.288168907165528,0.3616490066051483,4595.001953125,0.3893710076808929,7.500000356230885e-05,593.519287109375,3472.212959888198,53951.6736675076
2021-10-30 00:00:00+00:00,61888.83203125,4325.650390625,527.9212036132812,1.0839489698410034,1.9574220180511477,195.4160614013672,0.2683449983596802,0.1011269986629486,8.767767906188965,1.8681089878082275,42.747833251953125,190.4823455810547,62.41526794433594,1.00047504901886,29.78166961669922,3.318455934524536,0.3586150109767914,4446.79296875,0.4190250039100647,6.500000017695129e-05,584.8463745117188,3443.5252144010833,53646.44993245674
2021-10-31 00:00:00+00:00,61318.95703125,4288.07421875,524.3644409179688,1.113247036933899,1.9650260210037231,202.4210205078125,0.2802439928054809,0.1015269979834556,8.793124198913574,1.9350030422210691,42.742095947265625,191.81637573242188,64.28780364990234,0.999900996685028,29.98500633239746,3.349679946899414,0.372851014137268,4457.81103515625,0.4070309996604919,6.70000008540228e-05,596.2386474609375,3416.000732235819,53155.929579859876
2021-11-01 00:00:00+00:00,61004.40625,4324.626953125,551.2559204101562,1.0928670167922974,1.9500019550323489,203.5450897216797,0.2717280089855194,0.1005479991436004,8.736418724060059,1.903897047042847,49.98225402832031,197.55499267578125,65.07251739501953,1.0009390115737915,31.56523704528809,3.315819025039673,0.3665519952774048,4492.09033203125,0.4003100097179413,7.200000254670158e-05,587.6728515625,3406.0434071803647,52890.222461390986
2021-11-02 00:00:00+00:00,63226.40234375,4584.798828125,554.4476318359375,1.1361960172653198,1.9713770151138303,220.23959350585935,0.2731209993362427,0.1073950007557869,9.090848922729492,1.937505006790161,51.63135147094727,200.7246856689453,67.58455657958984,1.0013099908828735,32.265533447265625,3.355285882949829,0.3818199932575226,4732.75048828125,0.3966059982776642,6.900000153109431e-05,598.3413696289062,3537.5637102914793,54826.96534722546
2021-11-03 00:00:00+00:00,62970.046875,4607.19384765625,568.5787963867188,1.2087960243225098,2.0637009143829346,242.89881896972656,0.2694070041179657,0.1058629974722862,9.23495864868164,2.0345981121063232,53.44370269775391,207.11013793945312,75.430419921875,1.000818967819214,31.99086570739746,3.393197059631348,0.3849669992923736,4814.26171875,0.3906039893627167,5.500000042957254e-05,611.1063232421875,3533.435641523264,54613.41446771153
2021-11-04 00:00:00+00:00,61452.23046875,4537.32421875,559.7373046875,1.202003002166748,1.9848819971084597,247.3877716064453,0.2632800042629242,0.1034270003437995,9.045702934265137,1.9170409440994265,53.88173294067383,202.96798706054688,79.29322052001953,1.000080943107605,31.02092933654785,3.2768590450286865,0.3696840107440948,4686.3017578125,0.3955860137939453,4.8999998398358e-05,596.4094848632812,3450.767308153449,53298.73397405699
2021-11-05 00:00:00+00:00,61125.67578125,4486.2431640625,608.6480712890625,1.161532998085022,1.9862060546875,236.47433471679688,0.2614650130271911,0.1037190034985542,9.147650718688965,1.9014639854431152,51.89467239379883,199.53793334960935,74.36473846435547,1.0010210275650024,32.917903900146484,3.18670392036438,0.3599959909915924,4665.95654296875,0.3916800022125244,6.199999916134402e-05,598.8560180664062,3433.336698151238,53014.620121108754
2021-11-06 00:00:00+00:00,61527.48046875,4521.5810546875,636.1139526367188,1.1524540185928345,2.0066089630126958,258.934326171875,0.261898010969162,0.1025940030813217,8.943717002868652,1.8848860263824463,52.00921630859375,197.86636352539065,78.6852035522461,1.00115704536438,32.083438873291016,3.241633892059326,0.3591710031032562,4672.1650390625,0.3856050074100494,5.900000178371556e-05,589.2490234375,3456.452755760879,53362.049985119855
2021-11-07 00:00:00+00:00,63326.98828125,4620.5546875,650.4540405273438,1.2175339460372925,2.021872043609619,249.823486328125,0.2663150131702423,0.1045849993824958,9.189379692077637,1.884112000465393,52.27798080444336,202.0513153076172,87.7054214477539,1.0017629861831665,32.34956359863281,3.2776989936828613,0.3634339869022369,4782.388671875,0.3947640061378479,5.700000110664405e-05,600.8812866210938,3553.580773806079,54919.12469614769
2021-11-08 00:00:00+00:00,67566.828125,4812.08740234375,654.3150024414062,1.282377004623413,2.124418973922729,248.46717834472656,0.2823590040206909,0.1099629998207092,8.925788879394531,1.8940470218658447,53.34845733642578,228.6961975097656,91.18478393554688,1.0014879703521729,34.47759246826172,3.277095079421997,0.3776139914989471,4976.2490234375,0.4222249984741211,5.500000042957254e-05,638.9419555664062,3777.3472928241513,58581.399072616034
2021-11-09 00:00:00+00:00,66971.828125,4735.06884765625,635.1906127929688,1.258929967880249,2.2734830379486084,239.213134765625,0.2735260128974914,0.1144329980015754,8.983800888061523,1.77646803855896,50.77936172485352,262.9067077636719,88.45486450195312,0.9994909763336182,33.85927200317383,3.3486759662628174,0.4121490120887756,4961.57666015625,0.4256759881973266,5.500000042957254e-05,716.318603515625,3748.3363275126953,58066.094484514826
2021-11-10 00:00:00+00:00,64995.23046875,4636.17431640625,615.278076171875,1.1933729648590088,2.101802110671997,233.77952575683597,0.2557089924812317,0.1067880019545555,8.57138729095459,1.7056560516357422,46.87133026123047,261.2629699707031,85.29527282714844,0.9877539873123168,34.34270477294922,3.4633750915527344,0.3852550089359283,4710.69873046875,0.4084010124206543,4.999999873689376e-05,666.6940307617188,3633.562236983821,56348.13469649281
2021-11-11 00:00:00+00:00,64949.9609375,4730.38427734375,629.892333984375,1.2183640003204346,2.085524082183838,234.24075317382807,0.2611669898033142,0.1092509999871254,8.723410606384277,1.7595410346984863,47.64762496948242,263.0867004394531,88.06133270263672,1.0053540468215942,34.8371696472168,3.2308130264282227,0.3920750021934509,4957.33251953125,0.4339410066604614,5.700000110664405e-05,676.9935913085938,3649.1265113521936,56329.7062638078
2021-11-12 00:00:00+00:00,64155.94140625,4667.115234375,626.6425170898438,1.1893550157546997,2.045766115188598,228.5020904541016,0.2594139873981476,0.1078739985823631,8.581704139709473,1.7157000303268433,45.88080596923828,251.5583648681641,84.72491455078125,1.001870036125183,34.26552200317383,3.1195590496063232,0.3794789910316467,4876.162109375,0.4516049921512604,5.199999941396527e-05,668.2821655273438,3602.758452800882,55639.51594900882
2021-11-13 00:00:00+00:00,64469.52734375,4651.46044921875,650.1041259765625,1.191938042640686,2.0531039237976074,241.8250274658203,0.261705994606018,0.1126310005784034,8.627314567565918,1.754876971244812,47.12905502319336,258.0932006835937,97.26046752929688,1.0013489723205566,34.0648307800293,2.79961895942688,0.3789159953594208,4848.62060546875,0.4374420046806335,5.199999941396527e-05,666.955810546875,3618.2695173750044,55906.34061883066
2021-11-14 00:00:00+00:00,65466.83984375,4626.35888671875,650.9180908203125,1.1885969638824463,2.0408530235290527,238.42552185058597,0.2629120051860809,0.1169470027089119,8.686605453491211,1.7296680212020874,46.40182113647461,278.00750732421875,95.4035415649414,1.000728964805603,33.77658462524414,2.911832094192505,0.3774290084838867,4799.06005859375,0.4383420050144195,5.299999975250103e-05,678.7428588867188,3663.4613658482613,56758.11597917137
2021-11-15 00:00:00+00:00,63557.87109375,4557.50390625,633.0486450195312,1.1713709831237793,2.015587091445923,237.55360412597656,0.2565290033817291,0.1236020028591156,8.752381324768066,1.6917239427566528,44.68871688842773,262.7633972167969,93.55023193359376,1.0001599788665771,32.0107536315918,2.98136305809021,0.3759410083293915,4789.44775390625,0.42569300532341,5.299999975250103e-05,665.6408081054688,3566.327300725075,55114.76883389935
2021-11-16 00:00:00+00:00,60161.24609375,4216.365234375,589.8228759765625,1.0909340381622314,1.877235054969788,219.2390289306641,0.2372490018606186,0.109495997428894,8.925883293151855,1.5629819631576538,40.89931488037109,230.59942626953125,97.97557067871094,1.001155972480774,29.225008010864254,3.0658750534057617,0.3440569937229156,4419.73583984375,0.3953939974308014,4.8000001697801054e-05,599.5039672851562,3363.010603303161,52156.51188097145
2021-11-17 00:00:00+00:00,60368.01171875,4287.59375,578.0927734375,1.096290946006775,1.875540018081665,218.7152404785156,0.2374870032072067,0.1112219989299774,9.616817474365234,1.634735941886902,42.70829391479492,229.5041046142578,107.80207824707033,1.0030699968338013,29.19304847717285,3.141165971755981,0.3463959991931915,4474.99072265625,0.406904011964798,4.8000001697801054e-05,595.5667724609375,3378.6499133523203,52341.26865080046
2021-11-18 00:00:00+00:00,56942.13671875,4000.65087890625,532.2376098632812,1.0419540405273438,1.7883310317993164,195.48741149902344,0.2213830053806305,0.1004350036382675,8.304668426513672,1.498249053955078,39.04596710205078,204.42291259765625,100.25276947021484,0.9964560270309448,26.525693893432617,3.161623001098633,0.3281559944152832,4156.453125,0.3577280044555664,4.199999966658652e-05,554.8060302734375,3179.515149664008,49364.30880186424
2021-11-19 00:00:00+00:00,58119.578125,4298.306640625,581.5308227539062,1.0914920568466189,1.8647929430007932,215.28001403808597,0.2331099957227707,0.1040119975805282,8.533556938171387,1.6179649829864502,41.26102066040039,218.1385803222656,112.0235595703125,1.0048329830169678,28.29111671447754,3.1477649211883545,0.3540210127830505,4468.58544921875,0.3801180124282837,4.8999998398358e-05,575.6010131835938,3270.3299074728816,50411.3885412215
2021-11-20 00:00:00+00:00,59697.1953125,4409.93115234375,603.8400268554688,1.0976459980010986,1.921736001968384,218.0152740478516,0.233024001121521,0.105112999677658,8.826652526855469,1.6646909713745115,42.060428619384766,227.07960510253903,125.7706298828125,1.0074069499969482,28.334068298339844,3.204158067703247,0.3487319946289062,4630.58984375,0.3881509900093078,4.8000001697801054e-05,584.3694458007812,3361.237292652489,51781.91928437864
2021-11-21 00:00:00+00:00,58730.4765625,4269.73291015625,585.2942504882812,1.0601730346679688,1.839763045310974,231.2826232910156,0.2263280004262924,0.1068769991397857,8.895161628723145,1.6024030447006226,42.005706787109375,221.77194213867188,128.59982299804688,0.9969369769096376,29.03616142272949,3.300621032714844,0.3441599905490875,4478.77099609375,0.3855429887771606,4.400000034365803e-05,575.9271850585938,3300.555055794113,50934.81437670039
2021-11-22 00:00:00+00:00,56289.2890625,4088.457763671875,559.1270141601562,1.0366220474243164,1.7765549421310425,215.73727416992188,0.2196760028600692,0.1018169969320297,8.525486946105957,1.558411955833435,39.447872161865234,209.15802001953125,134.53103637695312,0.996703028678894,26.75899124145508,3.3590829372406006,0.3366099894046783,4253.60791015625,0.3632999956607818,4.3000000005122274e-05,557.3172607421875,3161.5098339544033,48815.12461616856
2021-11-23 00:00:00+00:00,57569.07421875,4340.763671875,591.4395751953125,1.0670570135116575,1.7505029439926147,221.8368988037109,0.226511999964714,0.1028269976377487,8.654620170593262,1.7532110214233398,40.79104232788086,216.38897705078125,123.83104705810548,1.0075260400772097,26.93367576599121,3.316632032394409,0.3407250046730041,4563.93505859375,0.3703919947147369,4.199999966658652e-05,571.2039794921875,3251.6565805777,49947.0832444142
2021-11-24 00:00:00+00:00,56280.42578125,4239.9814453125,581.3953247070312,1.0420750379562378,1.6864229440689087,214.92153930664065,0.2218250036239624,0.1006949990987777,8.581276893615723,1.680279016494751,39.36941909790039,209.8065948486328,120.22818756103516,1.0047290325164795,26.259172439575195,3.3870439529418945,0.3332670032978058,4473.5361328125,0.3596090078353882,3.9999998989515007e-05,559.1209716796875,3179.211515805093,48829.56666366268
2021-11-25 00:00:00+00:00,57274.6796875,4274.7431640625,603.730224609375,1.0318880081176758,1.6513450145721436,206.25299072265625,0.2163259983062744,0.0984549969434738,9.041735649108888,1.7870880365371704,38.45594787597656,215.63497924804688,122.64852905273438,1.0016640424728394,26.18510627746582,3.324070930480957,0.3319610059261322,4478.17138671875,0.3470419943332672,3.9999998989515007e-05,612.6768188476562,3232.000497647236,49685.90995524455
2021-11-26 00:00:00+00:00,53569.765625,4030.908935546875,585.1473388671875,0.9363499879837036,1.5284199714660645,191.51174926757807,0.200886994600296,0.0919239968061447,8.377876281738281,1.6318609714508057,34.38590621948242,194.8746490478516,103.82958221435548,0.999200999736786,23.856281280517575,3.1643059253692627,0.3279300034046173,4256.21435546875,0.3215500116348266,3.7999998312443495e-05,555.8290405273438,3026.852562218292,46477.77029172363
2021-11-27 00:00:00+00:00,54815.078125,4096.912109375,600.3367919921875,0.9471579790115356,1.5461180210113523,193.10215759277344,0.2053470015525818,0.0934400036931037,9.00537395477295,1.6140400171279907,35.18669891357422,195.17442321777344,113.27664947509766,1.0003999471664429,24.11475944519043,3.12915301322937,0.326568990945816,4261.90673828125,0.3314070105552673,3.899999865097925e-05,563.3384399414062,3091.267901817777,47550.97434414921
2021-11-28 00:00:00+00:00,57248.45703125,4294.45361328125,611.3668212890625,0.9687510132789612,1.5928549766540527,200.67665100097656,0.2074719965457916,0.0951030030846595,8.630541801452637,1.6518399715423584,35.76512145996094,199.35421752929688,110.58901977539062,1.0005170106887815,24.823909759521484,3.4119040966033936,0.3236399888992309,4448.99609375,0.3324230015277862,3.899999865097925e-05,568.336181640625,3226.715892695065,49662.3232982402
2021-11-29 00:00:00+00:00,57806.56640625,4445.10498046875,624.31005859375,0.9919610023498536,1.6025079488754272,204.31936645507807,0.2151750028133392,0.0966610014438629,8.648002624511719,1.817824959754944,37.16265487670898,205.8702087402344,120.25830078125,1.004699945449829,25.01792526245117,3.3517510890960693,0.3285230100154876,4630.3486328125,0.3561129868030548,4.600000102072954e-05,576.1217651367188,3271.1187411880264,50161.09240991559
2021-11-30 00:00:00+00:00,57005.42578125,4631.47900390625,622.6698608398438,0.9987540245056152,1.5549030303955078,208.6709899902344,0.2147150039672851,0.0966100022196769,8.689726829528809,1.785351037979126,37.96049499511719,208.01454162597656,120.34369659423828,1.0002119541168213,25.341773986816406,3.358181953430176,0.3361639976501465,4851.33935546875,0.3490779995918274,4.70000013592653e-05,570.5296630859375,3252.3885192655503,49497.34949818508
2021-12-01 00:00:00+00:00,57229.828125,4586.990234375,627.9715576171875,0.9909300208091736,1.547713041305542,229.7992401123047,0.2094870060682296,0.096900001168251,8.84383487701416,2.008297920227051,36.77326583862305,208.97125244140625,119.75084686279295,0.9979850053787231,25.356210708618164,3.3383591175079346,0.3278799951076507,4749.1044921875,0.3514310121536255,4.400000034365803e-05,571.056884765625,3257.3483319955144,49681.36587083329
2021-12-02 00:00:00+00:00,56477.81640625,4511.30224609375,619.4701538085938,0.9723119735717772,1.715366005897522,233.9930419921875,0.2097260057926178,0.0974150002002716,8.671818733215332,2.1272881031036377,35.75789260864258,203.4896240234375,107.86654663085938,0.9974579811096193,24.537094116210938,3.446240901947021,0.3383100032806396,4696.60986328125,0.3389990031719208,4.199999966658652e-05,561.4506225585938,3213.8670698607057,49028.23290401425
2021-12-03 00:00:00+00:00,53598.24609375,4220.7060546875,594.635986328125,0.9222440123558044,1.5565550327301023,211.22439575195312,0.1999929994344711,0.0938939973711967,8.352381706237793,2.268029928207397,33.639530181884766,188.09971618652344,108.13784790039062,0.996616005897522,23.291526794433597,3.299983024597168,0.3261730074882507,4397.4814453125,0.3154360055923462,3.9999998989515007e-05,532.3550415039062,3044.102332577006,46521.439568703456
2021-12-04 00:00:00+00:00,49200.703125,4119.58740234375,569.0772705078125,0.8470289707183838,1.420706033706665,201.1248321533203,0.1788530051708221,0.086897000670433,7.007440090179443,1.9803060293197632,29.368837356567383,163.05270385742188,92.88023376464844,1.0007649660110474,20.667728424072266,3.5486230850219727,0.2891579866409302,4285.04638671875,0.285860002040863,3.700000161188655e-05,473.8507995605469,2817.71452351697,42733.483636101395
2021-12-05 00:00:00+00:00,49368.84765625,4198.32275390625,557.7830810546875,0.8055949807167053,1.3781050443649292,196.1682586669922,0.1712550073862075,0.0843280032277107,6.460696220397949,2.0456020832061768,28.310138702392575,156.4097900390625,85.79002380371094,0.9990490078926086,19.47732162475586,3.60042405128479,0.2805449962615967,4335.8046875,0.2755419909954071,3.600000127335079e-05,453.4902648925781,2829.3573882774363,42885.04726315416
2021-12-06 00:00:00+00:00,50582.625,4358.7373046875,589.2561645507812,0.8282880187034607,1.425392985343933,194.19921875,0.1783999949693679,0.0873849987983703,6.592738151550293,2.2797110080718994,28.2495231628418,161.8865203857422,93.31929779052734,1.009840965270996,19.88426780700684,3.615097999572754,0.2960399985313415,4546.9814453125,0.2802020013332367,3.700000161188655e-05,475.75677490234375,2907.9756500224476,43949.199090266804
2021-12-07 00:00:00+00:00,50700.0859375,4315.0615234375,579.6898803710938,0.8185880184173584,1.3819409608840942,190.59690856933597,0.1768050044775009,0.0902049988508224,6.840640068054199,2.366476058959961,30.543865203857425,162.29286193847656,89.95217895507812,0.9972689747810364,21.09157371520996,3.6287529468536377,0.2871840000152588,4484.599609375,0.2737190127372741,3.600000127335079e-05,475.1602783203125,2907.9017254014234,44043.68834173639
2021-12-08 00:00:00+00:00,50504.796875,4439.35791015625,607.5927734375,0.863306999206543,1.3970739841461182,194.6217041015625,0.1791509985923767,0.0924569964408874,6.97121000289917,2.4187300205230717,29.87049865722656,165.2234649658203,93.22105407714844,1.0007139444351196,22.886016845703125,3.609822988510132,0.3061810135841369,4599.92822265625,0.280236005783081,3.700000161188655e-05,480.8507080078125,2912.165149898067,43890.38420574802
2021-12-09 00:00:00+00:00,47672.12109375,4119.81591796875,571.6489868164062,0.8612719774246216,1.2904399633407593,181.17808532714844,0.1694840043783188,0.0887809991836547,6.42097806930542,2.090277910232544,26.95192146301269,151.79530334472656,85.4617691040039,0.9973099827766418,20.306026458740234,3.700701951980591,0.274055004119873,4328.5849609375,0.2519130110740661,3.5000000934815034e-05,449.4764404296875,2743.9755120701807,41423.77466446665
2021-12-10 00:00:00+00:00,47243.3046875,3908.49609375,552.9668579101562,0.8010969758033752,1.211688995361328,167.954833984375,0.1644220054149627,0.0879440009593963,6.189981937408447,2.097673892974853,26.453914642333984,148.59829711914062,80.73967742919922,0.9982749819755554,18.583904266357425,3.7086119651794434,0.2612029910087585,4100.611328125,0.2369440048933029,3.400000059627928e-05,439.2785034179688,2700.130760661691,41029.63404185492
2021-12-11 00:00:00+00:00,49362.5078125,4084.452392578125,564.322509765625,0.8393129706382751,1.354248046875,171.94949340820312,0.1690189987421035,0.0916140004992485,6.329225063323975,2.1325159072875977,27.77472877502441,158.0419158935547,86.39281463623047,1.0026370286941528,19.94931030273437,3.736459970474243,0.2746460139751434,4266.6787109375,0.2535710036754608,3.400000059627928e-05,459.7817687988281,2819.906416219048,42868.986233820906
2021-12-12 00:00:00+00:00,50098.3359375,4134.453125,570.823974609375,0.841323971748352,1.3472820520401,173.43167114257812,0.1698909997940063,0.0911360010504722,6.387646198272705,2.086988925933838,29.608980178833008,159.20396423339844,88.10911560058594,1.0019789934158323,20.45658493041992,3.726886034011841,0.2762599885463714,4332.16943359375,0.2559190094470978,3.700000161188655e-05,458.7115783691406,2861.023319730112,43507.41288227331
2021-12-13 00:00:00+00:00,46737.48046875,3784.226806640625,521.0115966796875,0.7828940153121948,1.2253479957580566,155.2130584716797,0.1575649976730346,0.0850090011954307,5.686758995056152,1.8202769756317136,25.971105575561523,144.53590393066406,79.14962768554688,0.9982060194015504,17.77545928955078,3.6251049041748047,0.2531250119209289,3940.18798828125,0.2255810052156448,3.300000025774352e-05,421.6638488769531,2659.146465052517,40578.274393001375
2021-12-14 00:00:00+00:00,46612.6328125,3745.4404296875,511.2293701171875,0.7962489724159241,1.2228349447250366,153.34144592285156,0.1801570057868957,0.0855889990925788,5.697103023529053,1.8027689456939695,26.168418884277344,146.0780029296875,87.31190490722656,0.999450981616974,17.587615966796875,3.5200839042663574,0.2606559991836548,4023.695068359375,0.2250110059976577,3.400000059627928e-05,424.4429626464844,2655.3675223668424,40473.8791950168
2021-12-15 00:00:00+00:00,48896.72265625,4018.388671875,541.0269775390625,0.8274310231208801,1.3118469715118408,178.34078979492188,0.1810819953680038,0.0875879973173141,5.873085975646973,2.122060060501098,27.14575958251953,153.51541137695312,101.18144989013672,0.997664988040924,19.71448516845703,3.536150932312012,0.2729879915714264,4202.8056640625,0.2565160095691681,3.400000059627928e-05,447.7202453613281,2790.5727885164683,42461.304449681775
2021-12-16 00:00:00+00:00,47665.42578125,3962.4697265625,526.2465209960938,0.8062300086021423,1.2405339479446411,176.9546661376953,0.173454001545906,0.0854270011186599,5.786733150482178,2.0726890563964844,26.04307746887207,148.9417266845703,98.40188598632812,0.9984210133552552,18.78617286682129,3.58705997467041,0.2558700144290924,4140.41259765625,0.2612409889698028,3.300000025774352e-05,438.5856628417969,2724.6445481242117,41397.28132170341
2021-12-17 00:00:00+00:00,46202.14453125,3879.486572265625,525.706298828125,0.7992910146713257,1.2198920249938965,175.5032958984375,0.1690099984407425,0.0796910002827644,5.771809101104736,2.128067970275879,24.663026809692383,144.33840942382812,111.0087661743164,0.9957389831542968,18.291275024414062,3.6063389778137207,0.2551470100879669,4042.791259765625,0.2516269981861114,3.099999958067201e-05,425.8277282714844,2645.95418132336,40130.55176928984
2021-12-18 00:00:00+00:00,46848.77734375,3960.860107421875,533.891357421875,0.8273789882659912,1.242534041404724,182.8351287841797,0.1723999977111816,0.080435000360012,5.81366491317749,2.231473922729492,25.49075698852539,148.80140686035156,116.0168685913086,1.0008749961853027,19.518829345703125,3.5140480995178223,0.2552010118961334,4145.8583984375,0.3091639876365661,3.099999958067201e-05,436.0589599609375,2687.312207786721,40696.6223557477
2021-12-19 00:00:00+00:00,46707.015625,3922.592529296875,529.9720458984375,0.8350329995155334,1.2446609735488892,180.09805297851562,0.1695760041475296,0.0795259997248649,5.721312046051025,2.222235918045044,24.791400909423828,153.07763671875,107.6737823486328,0.999351978302002,18.85244369506836,3.4767210483551025,0.2532649934291839,4126.65576171875,0.3235929906368255,3.099999958067201e-05,433.0191040039063,2677.0987470723867,40571.539008500855
2021-12-20 00:00:00+00:00,46880.27734375,3933.844482421875,523.1624755859375,0.8798279762268066,1.2382400035858154,173.67178344726562,0.1673219949007034,0.077514000236988,5.51118278503418,2.127742052078247,24.05067443847656,152.62867736816406,113.40851593017578,1.0015710592269895,18.747501373291016,3.5723330974578857,0.2577170133590698,4119.8173828125,0.3040879964828491,3.099999958067201e-05,430.4444885253906,2685.0090902205557,40720.403120955074
2021-12-21 00:00:00+00:00,48936.61328125,4020.260009765625,528.7109985351562,0.9476460218429564,1.2808589935302734,180.09254455566406,0.1711750030517578,0.0788950026035308,5.644827842712402,2.375984907150269,25.19419479370117,154.92709350585938,123.33294677734376,1.0045100450515747,19.45420455932617,3.608678102493286,0.267562985420227,4230.109375,0.3087109923362732,3.300000025774352e-05,438.41510009765625,2793.942791987454,42497.14368799708
2021-12-22 00:00:00+00:00,48628.51171875,3982.099609375,533.6449584960938,0.9546989798545836,1.3280409574508667,178.5971221923828,0.1732140034437179,0.0791200026869773,5.7913498878479,2.501101016998291,27.216073989868164,155.46749877929688,116.47735595703124,0.998874008655548,19.91473960876465,3.615981101989746,0.2672390043735504,4181.00390625,0.3187350034713745,3.5000000934815034e-05,438.3659973144531,2775.1108271276034,42227.58173600704
2021-12-23 00:00:00+00:00,50784.5390625,4108.015625,548.725830078125,0.9932850003242492,1.4746910333633425,190.03631591796875,0.1844899952411651,0.0826419964432716,5.9817070960998535,2.679162979125977,29.111093521118164,163.44949340820312,121.20996856689452,1.004580020904541,22.141969680786133,3.624206066131592,0.2872030138969421,4323.1767578125,0.328931987285614,3.899999865097925e-05,455.4015197753906,2893.4499321166572,44094.247210837246
2021-12-24 00:00:00+00:00,50822.1953125,4047.98291015625,541.9020385742188,0.9120470285415648,1.3923670053482056,190.273193359375,0.1866219937801361,0.0809200033545494,6.086131095886231,2.467272996902466,28.139497756958008,161.42103576660156,114.97645568847656,1.0015660524368286,21.47300910949707,3.5829129219055176,0.2785519957542419,4250.87158203125,0.3099760115146637,3.600000127335079e-05,451.6958923339844,2887.9633014467636,44118.69096022148
2021-12-25 00:00:00+00:00,50429.859375,4093.281005859375,547.3262329101562,0.924818992614746,1.4534950256347656,193.1209259033203,0.1906570047140121,0.0814979970455169,6.095486164093018,2.6368279457092285,28.837757110595703,157.7855987548828,115.03192901611328,1.002405047416687,22.12022590637207,3.5684590339660645,0.2891530096530914,4319.3486328125,0.3151420056819916,3.7999998312443495e-05,456.433837890625,2875.2239762566887,43788.72686829849
2021-12-26 00:00:00+00:00,50809.515625,4067.328125,546.9949951171875,0.921180009841919,1.4560450315475464,198.000732421875,0.1900199949741363,0.0815759971737861,6.03895902633667,2.8767569065093994,31.332836151123047,155.99234008789062,115.21482849121094,1.0007599592208862,23.00971221923828,3.4901740550994877,0.2914699912071228,4274.09912109375,0.3189780116081238,3.7999998312443495e-05,452.2210998535156,2890.01787487711,44110.35778623842
2021-12-27 00:00:00+00:00,50640.41796875,4037.547607421875,562.6414794921875,0.9261839985847472,1.5129129886627195,195.42950439453125,0.1877049952745437,0.0810019969940185,6.0055341720581055,2.725954055786133,30.908672332763672,155.8812255859375,113.59861755371094,0.9997289776802064,22.98203659057617,3.466471910476685,0.2989110052585602,4245.6708984375,0.3131319880485534,3.899999865097925e-05,465.2685241699219,2880.3268623722774,43962.03143847756
2021-12-28 00:00:00+00:00,47588.85546875,3800.89306640625,534.9280395507812,0.8529599905014038,1.4022639989852903,177.42562866210938,0.1741169989109039,0.0772589966654777,5.616055965423584,2.4982059001922607,27.907102584838867,145.88687133789062,107.21561431884766,0.9956079721450806,20.391454696655277,3.588468074798584,0.2745740115642547,3976.446044921875,0.2909139990806579,3.5000000934815034e-05,439.571533203125,2706.4424421590784,41312.529182414626
2021-12-29 00:00:00+00:00,46444.7109375,3628.53173828125,514.0007934570312,0.8167139887809753,1.330814003944397,170.65756225585938,0.1677650064229965,0.0764660015702247,5.404983043670654,2.470005989074707,26.744373321533203,145.5126190185547,102.99812316894533,0.9962499737739564,19.70285415649414,3.72170090675354,0.2664420008659363,3804.471923828125,0.282472014427185,3.400000059627928e-05,430.0830993652344,2633.473698632491,40310.01176666371
2021-12-30 00:00:00+00:00,47178.125,3713.85205078125,518.9097290039062,0.8396490216255188,1.360414981842041,172.75119018554688,0.171313002705574,0.0779239982366561,5.41949987411499,2.557750940322876,27.56778907775879,148.2860107421875,101.92827606201172,1.0006320476531982,19.9703426361084,3.790644884109497,0.268325001001358,3900.654052734375,0.2977460026741028,3.400000059627928e-05,431.5367431640625,2677.5888151495947,40950.24872895191
2021-12-31 00:00:00+00:00,46306.4453125,3682.6328125,511.7083129882813,0.8311629891395569,1.310209035873413,170.299072265625,0.1704960018396377,0.0753969997167587,5.396605014801025,2.527107000350952,26.719675064086918,146.51473999023438,109.2704849243164,0.9990800023078918,19.59232521057129,3.7680740356445312,0.2673940062522888,3878.53857421875,0.2905429899692535,3.300000025774352e-05,430.6395568847656,2633.237950839168,40198.87965743644
2022-01-01 00:00:00+00:00,47686.8125,3769.697021484375,527.3527221679688,0.8494719862937927,1.3769750595092771,178.5179443359375,0.1730349957942962,0.0766099989414215,5.43222713470459,2.574790954589844,28.58358192443848,150.6974334716797,114.15801239013672,0.9998589754104614,20.665088653564453,3.8035600185394287,0.2763350009918213,3925.9521484375,0.3008899986743927,3.400000059627928e-05,444.4561767578125,2707.750305606993,41391.806766208894
2022-01-02 00:00:00+00:00,47345.21875,3829.56494140625,531.3966674804688,0.8591179847717285,1.3775839805603027,176.38284301757812,0.1744029968976974,0.0777819976210594,5.678126811981201,2.549190044403076,29.73116683959961,151.2554931640625,113.18633270263672,1.0004220008850098,21.83189010620117,3.779417991638184,0.2917029857635498,4009.76904296875,0.31215301156044,3.400000059627928e-05,447.8326416015625,2698.6795096711044,41107.12834199182
2022-01-03 00:00:00+00:00,46458.1171875,3761.38037109375,512.135986328125,0.8328850269317627,1.3216370344161987,170.29774475097656,0.170087993144989,0.0770810022950172,5.714999198913574,2.432651996612549,30.105100631713867,148.4615936279297,108.14521026611328,0.9997490048408508,23.57390594482422,3.79596209526062,0.2901810109615326,3951.66552734375,0.3064999878406524,3.300000025774352e-05,434.94384765625,2648.3222972616504,40338.019579029155
2022-01-04 00:00:00+00:00,45897.57421875,3794.056640625,507.506103515625,0.8246729969978333,1.3116580247879028,167.93890380859375,0.1688030064105987,0.0762000009417533,5.985151767730713,2.367248058319092,28.77773094177246,146.81228637695312,103.23924255371094,0.9990990161895752,23.52586555480957,3.783945083618164,0.2796669900417328,3992.730224609375,0.3258979916572571,3.199999991920777e-05,427.5243225097656,2624.086091151538,39861.105828602005
2022-01-05 00:00:00+00:00,43569.00390625,3550.386962890625,475.0569458007813,0.7743579745292664,1.236001968383789,155.0997314453125,0.1594199985265731,0.071382001042366,5.271204948425293,2.1954751014709477,26.796140670776367,136.089111328125,97.85257720947266,0.9999300241470336,25.44780158996582,3.8018059730529785,0.2672800123691559,3733.18603515625,0.2882609963417053,2.999999924213625e-05,401.572509765625,2485.026517671677,37832.328592930615
2022-01-06 00:00:00+00:00,43160.9296875,3418.408203125,473.2756042480469,0.7813460230827332,1.2797820568084717,150.4313507080078,0.1602129936218261,0.0711119994521141,5.192502021789551,2.2507801055908203,26.760822296142575,136.5037841796875,95.19853973388672,0.999460995197296,25.377212524414062,3.7679500579833984,0.2680839896202087,3609.691650390625,0.294404000043869,3.099999958067201e-05,400.6392517089844,2452.9657986503803,37467.05529066793
2022-01-07 00:00:00+00:00,41557.90234375,3193.21044921875,447.7884826660156,0.7630739808082581,1.2115470170974731,136.40281677246094,0.155022993683815,0.0681260004639625,4.808456897735596,2.053826093673706,24.92523956298828,131.4884490966797,86.76771545410156,0.9995579719543456,25.96063995361328,3.563759088516236,0.2569580078125,3372.082763671875,0.2724120020866394,2.9000000722589903e-05,386.0583190917969,2351.273332775815,36063.57906957572
2022-01-08 00:00:00+00:00,41733.94140625,3091.97265625,430.24615478515625,0.7476879954338074,1.1875120401382446,142.51345825195312,0.1519539952278137,0.0657220035791397,4.793290138244629,1.995859980583191,24.029129028320312,130.13748168945312,84.05683898925781,0.9996749758720398,25.47480010986328,3.7520809173583984,0.2560740113258362,3271.561767578125,0.265500009059906,2.8000000384054147e-05,374.2579650878906,2348.686049623183,36202.61267361358
2022-01-09 00:00:00+00:00,41911.6015625,3157.75146484375,438.8030700683594,0.7545049786567688,1.17385995388031,140.83900451660156,0.1510650068521499,0.0662669986486435,4.953569889068604,2.115518093109131,24.6273193359375,131.29832458496094,89.20655822753906,0.9997140169143676,27.56621742248535,3.752955913543701,0.2612740099430084,3328.5400390625,0.272504985332489,2.8000000384054147e-05,377.1028442382813,2363.897031745065,36362.38639270383
2022-01-10 00:00:00+00:00,41821.26171875,3083.097900390625,424.9337768554688,0.7393350005149841,1.128051996231079,135.95494079589844,0.1433590054512024,0.0635650008916854,4.675558090209961,2.0718019008636475,23.780059814453125,126.83382415771484,84.5326156616211,1.0003160238265991,27.88326644897461,3.741364002227783,0.2531079947948456,3238.604248046875,0.2609899938106537,2.700000004551839e-05,364.0692138671875,2349.7632876570306,36274.91272561922
2022-01-11 00:00:00+00:00,42735.85546875,3238.111572265625,463.518310546875,0.7705540060997009,1.1851099729537964,140.18385314941406,0.1533990055322647,0.0649340003728866,4.882016181945801,2.356945037841797,25.543930053710938,131.54498291015625,89.50181579589844,1.000296950340271,26.69095039367676,3.7353899478912354,0.2627319991588592,3416.901123046875,0.2747710049152374,2.8000000384054147e-05,369.8307495117188,2412.017568215762,37079.88034802036
2022-01-12 00:00:00+00:00,43949.1015625,3372.25830078125,487.0074157714844,0.7995479702949524,1.3045350313186646,151.70310974121094,0.161651998758316,0.0680629983544349,5.053946018218994,2.3925909996032715,27.319494247436523,141.73719787597656,95.8235092163086,1.0011240243911743,26.777944564819336,3.849265098571777,0.2826089859008789,3565.376708984375,0.2956939935684204,3.199999991920777e-05,383.9136352539063,2486.487044669321,38138.2148243519
2022-01-13 00:00:00+00:00,42591.5703125,3248.28857421875,475.0291137695313,0.7683280110359192,1.2331609725952148,146.01004028320312,0.1720429956912994,0.066272996366024,4.86383581161499,2.263317108154297,25.82888984680176,136.6365203857422,89.40788269042969,0.9989320039749146,24.872852325439453,3.8045849800109854,0.2699649930000305,3441.42236328125,0.2776370048522949,2.999999924213625e-05,377.5850524902344,2408.160462317556,36958.276669383915
2022-01-14 00:00:00+00:00,43099.69921875,3310.00146484375,489.867431640625,0.7742969989776611,1.2909259796142578,146.15902709960938,0.1835490018129348,0.0676660016179084,5.003859996795654,2.3377270698547363,27.71286392211914,144.72491455078125,90.3405303955078,1.0000699758529663,25.781768798828125,3.775701999664306,0.2663399875164032,3499.604736328125,0.2812150120735168,3.099999958067201e-05,386.1727600097656,2439.764099969662,37401.661817448214
2022-01-15 00:00:00+00:00,43177.3984375,3330.53076171875,494.9880676269531,0.7814229726791382,1.2962629795074463,147.80117797851562,0.1851029992103576,0.0685440003871917,4.996815204620361,2.353693008422852,27.73683357238769,147.93740844726562,93.3158187866211,0.9993929862976074,25.252832412719727,3.7692620754241934,0.2599430084228515,3534.018310546875,0.2802369892597198,3.099999958067201e-05,391.1540832519531,2446.9106875745847,37471.69714791572
2022-01-16 00:00:00+00:00,43113.87890625,3350.921875,498.4279174804688,0.778954029083252,1.407251000404358,147.8565216064453,0.1771759986877441,0.069872997701168,4.991456985473633,2.329822063446045,27.665128707885746,146.533203125,92.23979949951172,1.0002830028533936,25.55315589904785,3.787921905517578,0.2587670087814331,3530.017333984375,0.2793299853801727,3.099999958067201e-05,388.7116088867188,2444.613634115085,37418.09843870005
2022-01-17 00:00:00+00:00,42250.55078125,3212.304931640625,475.7098693847656,0.7627419829368591,1.5941309928894043,139.92601013183594,0.1711450070142746,0.0707919970154762,4.791515827178955,2.2219700813293457,25.727352142333984,151.66726684570312,86.75066375732422,0.999888002872467,23.8410587310791,3.771327972412109,0.2562479972839355,3371.966064453125,0.2702150046825409,2.9000000722589903e-05,381.1038208007813,2387.3551344287234,36659.39910354702
2022-01-18 00:00:00+00:00,42375.6328125,3164.025146484375,472.0050659179688,0.7526310086250305,1.4655410051345823,141.58718872070312,0.165484994649887,0.0684849992394447,4.625448226928711,2.128438949584961,25.168928146362305,141.89076232910156,86.01341247558594,0.9997439980506896,23.003719329833984,3.678723096847534,0.2544310092926025,3355.4267578125,0.2662400007247925,2.8000000384054147e-05,382.0470275878906,2389.5812388854,36762.96150545231
2022-01-19 00:00:00+00:00,41744.328125,3095.825927734375,462.8220825195313,0.739749014377594,1.34175705909729,135.79238891601562,0.1623560041189193,0.0692809969186782,4.484309196472168,2.035978078842163,24.129552841186523,136.9167022705078,82.90330505371094,0.9995980262756348,21.653993606567383,3.6598310470581055,0.24651500582695,3290.71337890625,0.2672140002250671,2.700000004551839e-05,370.5811767578125,2351.4130118588178,36213.09163128328
2022-01-20 00:00:00+00:00,40680.41796875,3001.1201171875,440.0054321289063,0.7194210290908813,1.2580549716949463,127.20528411865234,0.1552039980888366,0.0677379965782165,4.3381757736206055,1.960373044013977,22.984886169433597,130.36500549316406,79.0684585571289,0.9996780157089232,20.19513893127441,3.707648992538452,0.2316370010375976,3172.453125,0.2599549889564514,2.5999999706982635e-05,358.1083374023437,2287.886745978559,35287.050431299176
2022-01-21 00:00:00+00:00,36457.31640625,2557.931640625,383.0739135742188,0.6357380151748657,1.1232329607009888,111.96605682373048,0.1426399946212768,0.0609080009162426,3.841860055923462,1.698989987373352,19.64629364013672,114.3918685913086,65.92256164550781,1.0002909898757937,17.426189422607422,3.5203630924224854,0.2029860019683838,2700.076171875,0.2343540042638778,2.200000017182901e-05,315.2086486816406,2035.9724350586853,31607.559723459977
2022-01-22 00:00:00+00:00,35030.25,2405.18115234375,358.0961608886719,0.5960419774055481,1.066715955734253,94.1783676147461,0.1328919976949691,0.0566859990358352,3.446324110031128,1.530622959136963,18.229856491088867,108.42849731445312,59.72904968261719,0.9999510049819946,15.82758617401123,3.586916923522949,0.1920180022716522,2534.353759765625,0.2209369987249374,2.099999983329326e-05,291.4414978027344,1948.930716905059,30363.486652369767
2022-01-23 00:00:00+00:00,36276.8046875,2535.0390625,383.9339599609375,0.6287559866905212,1.122370958328247,99.5782241821289,0.141863003373146,0.0575730018317699,3.5837950706481934,1.6162480115890503,18.82877540588379,112.08950805664062,64.72541046142578,1.000553011894226,16.56523323059082,3.557343006134033,0.2005919963121414,2669.22607421875,0.2222229987382888,2.200000017182901e-05,301.8079528808594,2023.3681060687027,31449.292652345208
2022-01-24 00:00:00+00:00,36654.328125,2440.352294921875,371.3689575195313,0.6121389865875244,1.0665980577468872,91.65016174316406,0.1377979964017868,0.0550430007278919,3.5221259593963623,1.5075730085372925,18.0367488861084,109.5915985107422,62.87763214111328,1.0006849765777588,15.584161758422852,3.539088010787964,0.1976539939641952,2572.12060546875,0.2067530006170272,2.099999983329326e-05,292.2291259765625,2030.4754709484578,31761.866076785493
2022-01-25 00:00:00+00:00,36954.00390625,2455.93505859375,384.6193542480469,0.617563009262085,1.043573975563049,94.72035217285156,0.1430490016937255,0.0558749996125698,3.482084989547729,1.5585379600524902,18.34864616394043,108.06637573242188,67.90058898925781,1.0003750324249268,15.527324676513672,3.5063400268554688,0.1968120038509369,2595.565673828125,0.2116860002279281,2.099999983329326e-05,292.2338256835937,2047.5589059208378,32021.489007749085
2022-01-26 00:00:00+00:00,36852.12109375,2468.0302734375,375.7554626464844,0.6220719814300537,1.0790469646453855,92.23804473876952,0.143788993358612,0.056267000734806,3.6115810871124263,1.5910550355911257,18.076839447021484,107.2821807861328,65.99578857421875,1.0007890462875366,15.270565032958984,3.575200080871582,0.1971340030431747,2620.6806640625,0.2123199999332428,2.099999983329326e-05,289.95135498046875,2043.6900734594792,31936.14682438935
2022-01-27 00:00:00+00:00,37138.234375,2423.001220703125,390.0882873535156,0.6087700128555298,1.0435329675674438,89.63249206542969,0.1412470042705536,0.056402999907732,3.629230976104736,1.591683030128479,18.134811401367188,106.9535140991211,64.69680786132812,1.0003889799118042,15.18051815032959,3.46561598777771,0.1938370019197464,2546.484130859375,0.2081429958343505,2.099999983329326e-05,289.5102844238281,2052.0883483273187,32174.777379708867
2022-01-28 00:00:00+00:00,37784.33203125,2547.092041015625,386.0843811035156,0.6125119924545288,1.0506060123443604,91.31289672851562,0.1416559964418411,0.057592999190092,3.717133045196533,1.679216980934143,18.339580535888672,109.43273162841795,67.12731170654297,1.0002859830856323,16.1232852935791,3.445595026016236,0.1987220048904419,2680.30224609375,0.2161930054426193,2.099999983329326e-05,296.7961120605469,2095.669626260113,32744.54516184618
2022-01-29 00:00:00+00:00,38138.1796875,2597.084716796875,389.1327819824219,0.6169350147247314,1.0595699548721311,96.2234878540039,0.1430560052394867,0.0602679997682571,3.845493078231812,1.694964051246643,18.710241317749023,110.82367706298828,72.12027740478516,1.0000150203704834,16.205904006958008,3.467034101486206,0.2027290016412735,2740.872802734375,0.2218839973211288,2.200000017182901e-05,298.87139892578125,2118.5969974195636,33054.828009431636
2022-01-30 00:00:00+00:00,37917.6015625,2603.466552734375,377.6129150390625,0.603181004524231,1.03747296333313,93.29767608642578,0.1394709944725036,0.0587339997291564,3.905273914337158,1.605329990386963,18.172527313232425,108.79985809326172,67.97378540039062,0.999813973903656,17.76853370666504,3.555912971496582,0.1955099999904632,2756.62158203125,0.2183980047702789,2.099999983329326e-05,290.500732421875,2107.8159449592135,32866.631825162825
2022-01-31 00:00:00+00:00,38483.125,2688.27880859375,375.2773132324219,0.6191490292549133,1.0523029565811155,99.73883819580078,0.1418049931526184,0.0591409988701343,3.867768049240112,1.6439210176467896,19.42054557800293,109.58769989013672,69.99242401123047,1.0001699924468994,17.240427017211914,3.705928087234497,0.1998340040445327,2845.74267578125,0.22188700735569,2.099999983329326e-05,285.5392761230469,2143.1645207408897,33362.204270137496
2022-02-01 00:00:00+00:00,38743.2734375,2792.1171875,385.46380615234375,0.6292330026626587,1.0886240005493164,109.9789810180664,0.1426309943199157,0.0598669983446598,3.875435113906861,1.6475930213928225,19.61420440673828,115.4020004272461,73.44881439208984,1.0002169609069824,17.0242919921875,4.251046180725098,0.2018450051546096,2954.337646484375,0.2293149977922439,2.200000017182901e-05,288.1484375,2167.234982649943,33598.1096584147
2022-02-02 00:00:00+00:00,36952.984375,2682.85400390625,367.4716796875,0.6014829874038696,1.028905987739563,101.8376007080078,0.1372350007295608,0.0586460009217262,3.9379169940948486,1.5418850183486938,18.796897888183597,108.55602264404295,67.87997436523438,0.9998360276222228,15.819188117980955,4.124062061309815,0.1929620057344436,2833.916748046875,0.2213499993085861,2.099999983329326e-05,278.5903625488281,2068.645293142672,32047.69324646209
2022-02-03 00:00:00+00:00,37154.6015625,2679.16259765625,370.8777465820313,0.6076840162277222,1.0564440488815308,101.45903778076172,0.1375409960746765,0.0596590004861354,4.194860935211182,1.550246000289917,18.81250762939453,110.28700256347656,68.10771942138672,1.0002620220184326,16.178110122680664,4.121439933776856,0.1942680031061172,2821.50732421875,0.2368759959936142,2.099999983329326e-05,279.9759216308594,2077.815658669412,32219.832143604817
2022-02-04 00:00:00+00:00,41500.875,2983.5869140625,399.0296020507813,0.6558769941329956,1.1356240510940552,112.17424774169922,0.1475030034780502,0.064409002661705,4.37086296081543,1.6908299922943115,20.42466354370117,120.91803741455078,77.31163787841797,1.000370979309082,17.4454402923584,5.188880920410156,0.2088879942893982,3148.381591796875,0.2481629997491836,2.200000017182901e-05,305.9831237792969,2319.08769949802,35987.95955581869
2022-02-05 00:00:00+00:00,41441.1640625,3014.648193359375,414.2000122070313,0.6671270132064819,1.1273449659347534,113.89430236816406,0.1471409946680069,0.0647590011358261,4.538252830505371,1.714359998703003,21.366989135742188,121.91674041748048,77.2494888305664,0.999459981918335,17.80269432067871,4.812545776367188,0.2133930027484893,3193.33154296875,0.2588250041007995,2.300000051036477e-05,320.8785400390625,2321.4759903674353,35941.44654821834
2022-02-06 00:00:00+00:00,42412.43359375,3057.47607421875,419.5455627441406,0.6836469769477844,1.1445469856262207,115.2997589111328,0.1537699997425079,0.0662060007452964,4.520445823669434,1.7399510145187378,21.903335571289062,127.44550323486328,78.75726318359375,1.0006200075149536,18.039453506469727,5.094941139221191,0.2236829996109008,3228.844482421875,0.2580380141735077,2.8000000384054147e-05,325.0093688964844,2372.363822542875,36779.80145477477
2022-02-07 00:00:00+00:00,43840.28515625,3142.470703125,433.2292785644531,0.8278189897537231,1.197306990623474,117.35514831542967,0.1655779927968979,0.0685620009899139,4.695709228515625,2.019141912460327,22.36450958251953,137.10739135742188,83.16699981689453,0.9999290108680724,18.87679481506348,4.824516773223877,0.2392909973859787,3330.3916015625,0.2618579864501953,3.300000025774352e-05,342.7969055175781,2451.5878206566636,38016.64508226401
2022-02-08 00:00:00+00:00,44118.4453125,3122.608642578125,408.7767639160156,0.8781939744949341,1.178719997406006,113.5954818725586,0.1584050059318542,0.0681490004062652,4.510770797729492,1.9486140012741089,21.68914794921875,133.99124145507812,86.62419891357422,0.9996259808540344,18.42635536193848,7.500967025756836,0.242804005742073,3302.68994140625,0.254038006067276,3.099999958067201e-05,336.2540283203125,2460.9924491937495,38252.34646140083
2022-02-09 00:00:00+00:00,44338.796875,3239.45703125,422.4655456542969,0.8706269860267639,1.1948100328445437,114.01937866210938,0.1591230034828186,0.0698200017213821,4.51887321472168,2.0427680015563965,21.93041229248047,140.17160034179688,90.02086639404297,0.9998540282249452,18.64273452758789,6.827477931976318,0.2387830018997192,3438.6962890625,0.2568910121917724,3.300000025774352e-05,345.8336486816406,2485.1054020038623,38456.5546414878
2022-02-10 00:00:00+00:00,43565.11328125,3077.482177734375,415.1192321777344,0.8300099968910217,1.1524779796600342,106.20280456542967,0.1518889963626861,0.0686599984765052,4.417030811309815,1.8958829641342163,20.635053634643555,135.08839416503906,91.13622283935548,0.9990630149841307,17.525623321533203,6.147470951080322,0.2324209958314895,3264.9794921875,0.2469960004091262,3.099999958067201e-05,341.83203125,2431.0122021826073,37772.64251238379
2022-02-11 00:00:00+00:00,42407.9375,2927.383544921875,400.4223937988281,0.7602260112762451,1.080346941947937,96.3818817138672,0.1448470056056976,0.0640479996800422,4.199921131134033,1.7146209478378296,18.96244239807129,126.03115844726562,81.73299407958984,1.0001399517059326,16.184280395507812,6.156628131866455,0.2155520021915435,3099.1640625,0.2335519939661026,2.9000000722589903e-05,320.5527038574219,2357.6344225347448,36760.47489801957
2022-02-12 00:00:00+00:00,42244.46875,2917.36279296875,403.3897399902344,0.8224080204963684,1.0581990480422974,95.91820526123048,0.1444050073623657,0.0634879991412162,4.11716890335083,1.6995110511779783,18.81874084472656,126.68367767333984,81.24567413330078,0.9999200105667114,15.951390266418455,5.926129817962647,0.2181989997625351,3078.01708984375,0.2311799973249435,2.9000000722589903e-05,329.23687744140625,2348.8749322037306,36618.425771773545
2022-02-13 00:00:00+00:00,42197.515625,2883.46337890625,398.88677978515625,0.8102729916572571,1.0458190441131592,93.24410247802734,0.14894799888134,0.0644640028476715,4.14569902420044,1.6700210571289062,18.831485748291016,126.20421600341795,78.24311828613281,0.9993730187416076,15.735865592956545,5.835488796234131,0.2116210013628006,3048.776123046875,0.227535992860794,2.999999924213625e-05,334.8714904785156,2343.377688488269,36574.43929283222
2022-02-14 00:00:00+00:00,42586.91796875,2933.47900390625,403.6607971191406,0.8022180199623108,1.050266981124878,96.43327331542967,0.1460029929876327,0.0645489990711212,4.062861919403076,1.658877968788147,18.714754104614254,124.80005645751952,82.01966857910156,0.9997339844703674,15.939895629882812,5.865060806274414,0.2110459953546524,3106.063720703125,0.2419289946556091,2.999999924213625e-05,331.3344116210937,2367.3555298499164,36914.98744646317
2022-02-15 00:00:00+00:00,44575.203125,3179.877197265625,432.4093933105469,0.8523330092430115,1.1075860261917114,104.87330627441406,0.151760995388031,0.0668469965457916,4.281649112701416,1.8628549575805664,20.144676208496094,131.7626190185547,92.67250061035156,1.0001050233840942,17.319860458374023,5.958703994750977,0.2210679948329925,3367.449462890625,0.2590489983558655,3.099999958067201e-05,343.13092041015625,2489.5526214074343,38651.77489816826
2022-02-16 00:00:00+00:00,43961.859375,3127.830078125,427.9181213378906,0.8390359878540039,1.0849809646606443,101.93289947509766,0.1490949988365173,0.0664710029959678,4.281588077545166,1.8385260105133057,19.80115509033203,128.1608428955078,95.34611511230467,0.9991480112075806,17.17413330078125,5.865306854248047,0.2192710041999817,3324.1630859375,0.2617520093917846,3.099999958067201e-05,335.3616027832031,2455.007267379956,38119.62018761905
2022-02-17 00:00:00+00:00,40538.01171875,2881.48193359375,402.4500427246094,0.7671729922294617,1.0198949575424194,93.4104232788086,0.1385519951581955,0.0624799989163875,3.8849480152130127,1.6568700075149536,18.109920501708984,116.30241394042967,88.12377166748047,0.9990689754486084,15.57224464416504,5.586009979248047,0.2024320065975189,3058.090576171875,0.2345310002565384,2.8000000384054147e-05,312.8161926269531,2263.758153610853,35150.2736271591
2022-02-18 00:00:00+00:00,40030.9765625,2785.7275390625,399.5691833496094,0.7858899831771851,0.9971129894256592,90.06546020507812,0.1387680023908615,0.0631470009684562,3.889689922332764,1.5955140590667725,17.845699310302734,115.19709014892578,83.83697509765625,0.9994940161705016,15.232380867004396,5.667549133300781,0.201102003455162,2949.2060546875,0.2296259999275207,2.8000000384054147e-05,310.9779357910156,2229.200133434753,34702.99111289311
2022-02-19 00:00:00+00:00,40122.15625,2763.701171875,400.0435791015625,0.8225280046463013,0.9977030158042908,91.49665069580078,0.1412059962749481,0.0635560005903244,3.788444995880127,1.6318349838256836,17.89225959777832,115.7090072631836,85.09931945800781,0.9997490048408508,15.521562576293944,5.795434951782227,0.2042389959096908,2923.018798828125,0.2325260043144226,2.8000000384054147e-05,312.02392578125,2231.4923702443275,34778.4387273858
2022-02-20 00:00:00+00:00,38431.37890625,2628.6484375,380.825927734375,0.7782959938049316,0.9329019784927368,90.9014129638672,0.1368680000305175,0.0620659999549388,3.6257829666137695,1.515848994255066,16.930509567260742,110.83203887939452,77.33678436279297,0.9993659853935242,14.649103164672852,5.7721757888793945,0.1949319988489151,2795.9228515625,0.2157270014286041,2.5999999706982635e-05,303.1356201171875,2136.418837276655,33311.57901805973
2022-02-21 00:00:00+00:00,37075.28125,2573.816162109375,356.6612548828125,0.70346599817276,0.8582360148429871,83.12316131591797,0.128490000963211,0.0596249997615814,3.404711961746216,1.4087870121002195,16.192121505737305,103.45049285888672,69.98892974853516,0.9992510080337524,13.538114547729492,5.862610816955566,0.1788199990987777,2738.492919921875,0.2007029950618744,2.4000000848900527e-05,284.3456726074219,2063.271181157382,32140.607956156502
2022-02-22 00:00:00+00:00,38286.02734375,2639.29931640625,374.3074645996094,0.722832977771759,0.8890169858932495,86.46538543701172,0.1315529942512512,0.0626640021800994,3.561290979385376,1.4644759893417358,16.56427574157715,107.52279663085938,74.57435607910156,1.0001300573349,14.026960372924805,5.832304954528809,0.1858759969472885,2795.425048828125,0.2348469942808151,2.499999936844688e-05,293.67535400390625,2128.665396132442,33187.23747884187
2022-02-23 00:00:00+00:00,37296.5703125,2590.359619140625,366.53948974609375,0.6987460255622864,0.8691689968109131,84.90278625488281,0.1278460025787353,0.0609659999608993,3.562541961669922,1.4423739910125732,16.00956916809082,105.96595001220705,73.6986312866211,0.9994630217552184,13.407191276550291,6.104641914367676,0.1820030063390731,2757.431396484375,0.2189359962940216,2.499999936844688e-05,289.308349609375,2076.5933336854846,32332.764919572466
2022-02-24 00:00:00+00:00,38332.609375,2598.067138671875,361.2346496582031,0.6962720155715942,0.8534250259399414,89.19474792480469,0.1238130033016204,0.0611210018396377,3.462778091430664,1.439592957496643,16.170917510986328,104.2304916381836,76.52396392822266,1.0002460479736328,13.26722812652588,5.6931681632995605,0.1825059950351715,2750.565185546875,0.2160509973764419,2.4000000848900527e-05,300.8105163574219,2126.495391031541,33222.14100006705
2022-02-25 00:00:00+00:00,39214.21875,2764.53564453125,374.9149475097656,0.7689030170440674,0.8980270028114319,92.59882354736328,0.1275759935379028,0.0594960004091262,3.7890350818634033,1.5506500005722046,17.25030517578125,109.2663116455078,80.8326187133789,0.9996529817581176,14.338565826416016,5.922957897186279,0.1906969994306564,2938.142333984375,0.2246109992265701,2.499999936844688e-05,308.45904541015625,2187.099475110373,33999.85350160057
2022-02-26 00:00:00+00:00,39105.1484375,2781.11181640625,373.6387634277344,0.7509729862213135,0.8879179954528809,90.14156341552734,0.1276469975709915,0.0595300011336803,3.946368932723999,1.5152939558029177,18.024559020996094,108.24365997314452,81.87970733642578,1.0001920461654663,14.690320014953612,6.05531120300293,0.192780002951622,2952.376953125,0.2234629988670349,2.4000000848900527e-05,314.5308532714844,2183.5498159338767,33908.08241754731
2022-02-27 00:00:00+00:00,37709.78515625,2621.8017578125,360.5310363769531,0.721992015838623,0.858335018157959,85.51905059814453,0.1231110021471977,0.0580530017614364,3.805959939956665,1.4530019760131836,17.473413467407227,103.10559844970705,74.9911880493164,0.9994890093803406,13.654266357421877,5.955400943756104,0.1812680065631866,2781.479736328125,0.2100670039653778,2.300000051036477e-05,304.1036071777344,2099.3719767516595,32690.782816841027
2022-02-28 00:00:00+00:00,43193.234375,2919.201171875,395.6124267578125,0.782043993473053,0.9598280191421508,99.52034759521484,0.1331560015678405,0.0617490001022815,4.03973388671875,1.6111910343170166,18.94108772277832,113.47457885742188,84.3392333984375,1.000300049781799,15.116470336914062,5.941997051239014,0.1968870013952255,3092.857177734375,0.2300579994916916,2.5999999706982635e-05,337.1220092773437,2394.4940880282156,37433.77395146412
2022-03-01 00:00:00+00:00,44354.63671875,2972.485107421875,408.4822998046875,0.7848619818687439,0.9623460173606871,98.65355682373048,0.1339379996061325,0.0621250011026859,4.025154113769531,1.621351957321167,18.880502700805664,112.5440444946289,86.73593139648438,1.0000619888305664,15.334708213806152,5.928515911102295,0.1985320001840591,3151.7060546875,0.2268860042095184,2.700000004551839e-05,328.2313842773437,2455.3635289783915,38437.22867246768
2022-03-02 00:00:00+00:00,43924.1171875,2950.118408203125,409.0003051757813,0.7684959769248962,0.9386619925498962,100.6496353149414,0.1329900026321411,0.0615109987556934,4.091023921966553,1.6352449655532837,18.593467712402344,110.35135650634766,83.29166412353516,0.9996359944343568,15.29494857788086,5.935037136077881,0.1934960037469864,3141.802490234375,0.2232040017843246,2.5999999706982635e-05,320.4051513671875,2432.7906638909526,38065.7474963179
2022-03-03 00:00:00+00:00,42451.7890625,2834.468994140625,402.5506896972656,0.7521849870681763,0.902658998966217,95.53919982910156,0.129610002040863,0.0599640011787414,3.883085012435913,1.5844130516052246,18.019323348999023,111.35211944580078,78.55764770507812,0.9998279809951782,14.897106170654297,5.621327877044678,0.1879190057516098,3010.0927734375,0.2212910056114196,2.499999936844688e-05,315.1263122558594,2349.8445493073136,36787.35635197804
2022-03-04 00:00:00+00:00,39137.60546875,2617.156005859375,374.2808837890625,0.7126719951629639,0.8428890109062195,88.24597930908203,0.122590996325016,0.0581910014152526,3.677040100097656,1.4749460220336914,16.757080078125,101.3917999267578,75.65424346923828,0.9997190237045288,13.714876174926758,5.511385917663574,0.1759330034255981,2777.684326171875,0.2055390030145645,2.4000000848900527e-05,289.9174499511719,2166.9613830263506,33915.79043888967
2022-03-05 00:00:00+00:00,39400.5859375,2664.8310546875,384.8733520507813,0.7548999786376953,0.8656719923019409,89.64784240722656,0.1249959990382194,0.060428000986576,3.730103969573975,1.5082659721374512,17.312721252441406,104.97718811035156,76.72742462158203,1.0000460147857666,14.022286415100098,5.343326091766357,0.1800999939441681,2827.397705078125,0.2106440067291259,2.499999936844688e-05,293.9798583984375,2185.1492322638783,34147.360181032156
2022-03-06 00:00:00+00:00,38419.984375,2555.037353515625,375.0111999511719,0.7259939908981323,0.8237519860267639,84.54218292236328,0.1207659989595413,0.0589199997484684,3.630783081054688,1.4366979598999023,16.978824615478516,101.59391784667967,72.52902221679688,0.999439001083374,13.338134765625,5.3729329109191895,0.1733669936656952,2719.219970703125,0.2027619928121566,2.4000000848900527e-05,283.0827941894531,2126.422057792447,33292.69177453804
2022-03-07 00:00:00+00:00,38062.0390625,2497.771240234375,381.3446350097656,0.7232869863510132,0.7973790168762207,82.13006591796875,0.1171049997210502,0.0586800016462802,3.566844940185547,1.416363000869751,16.431495666503906,98.8692626953125,71.88053894042969,0.9998250007629396,12.71272087097168,5.381678104400635,0.1704529970884323,2653.854248046875,0.2067939937114715,2.300000051036477e-05,274.9350891113281,2103.1146090969114,32978.19993802945
2022-03-08 00:00:00+00:00,38737.26953125,2576.74755859375,381.9585571289063,0.7209770083427429,0.8012499809265137,82.2547607421875,0.117028996348381,0.0605439990758895,3.663397073745728,1.4452840089797974,16.953651428222656,100.61764526367188,72.9183578491211,1.0003069639205933,13.077510833740234,5.6429290771484375,0.1729860007762909,2735.103759765625,0.204937994480133,2.300000051036477e-05,284.36962890625,2143.576220279296,33567.27763514557
2022-03-09 00:00:00+00:00,41982.92578125,2729.783447265625,393.5557556152344,0.7672359943389893,0.8492929935455322,88.20206451416016,0.1215879991650581,0.0608410015702247,3.814619064331055,1.5068169832229614,17.866676330566406,106.9420928955078,77.71604919433594,1.0002050399780271,14.015893936157228,5.805222988128662,0.1890240013599395,2894.6865234375,0.2129870057106018,2.4000000848900527e-05,308.3489074707031,2315.6367166181494,36371.827698271474
2022-03-10 00:00:00+00:00,39437.4609375,2608.048583984375,372.1590270996094,0.7374650239944458,0.8063160181045532,82.9390869140625,0.1168849989771843,0.05986899882555,3.71160888671875,1.4391969442367554,16.97911834716797,102.65550994873048,74.00409698486328,1.0001410245895386,13.195725440979004,5.803005218505859,0.1790380030870437,2774.0791015625,0.2166530042886734,2.300000051036477e-05,289.86834716796875,2180.2599874319803,34172.40111497019
2022-03-11 00:00:00+00:00,38794.97265625,2559.56298828125,372.1840515136719,0.8021550178527832,0.7901250123977661,80.7449951171875,0.1156020015478134,0.0602670013904571,3.6583409309387207,1.4065040349960327,17.73442268371582,104.9653549194336,71.2354736328125,0.9994639754295348,13.07819938659668,5.828771114349365,0.183906003832817,2726.864990234375,0.2060060054063797,2.200000017182901e-05,288.1972961425781,2144.9329329171314,33615.30367578105
2022-03-12 00:00:00+00:00,38904.01171875,2574.754150390625,372.7303771972656,0.7865869998931885,0.7906739711761475,81.55381774902344,0.1151359975337982,0.0596750006079673,3.655390977859497,1.3994849920272827,18.15392303466797,105.8323974609375,71.002197265625,0.999805986881256,13.186159133911133,5.815075874328613,0.1852879971265792,2745.11962890625,0.2061199992895126,2.200000017182901e-05,291.2015991210937,2151.97901089553,33710.89952217288
2022-03-13 00:00:00+00:00,37849.6640625,2518.944580078125,361.8498229980469,0.7613509893417358,0.7909950017929077,78.93607330322266,0.1116079986095428,0.0593630000948905,3.557523012161255,1.362876057624817,17.24793243408203,102.11479949951172,68.07599639892578,0.9994969964027404,12.74045753479004,5.812333106994629,0.1772280037403106,2675.542236328125,0.1998230069875717,2.200000017182901e-05,280.4122314453125,2094.255276747328,32798.34251154313
2022-03-14 00:00:00+00:00,39666.75390625,2590.696044921875,373.4661560058594,0.7746559977531433,0.8039169907569885,81.17333984375,0.11404799669981,0.0601430013775825,3.542764902114868,1.3778990507125854,17.695951461791992,105.67365264892578,68.89183807373047,1.00067400932312,13.401471138000488,5.869568824768066,0.1801279932260513,2752.545166015625,0.2035689949989318,2.200000017182901e-05,289.5464782714844,2189.2272092567987,34366.92857784182
2022-03-15 00:00:00+00:00,39338.78515625,2620.149658203125,371.62884521484375,0.7667829990386963,0.8000059723854065,82.95508575439453,0.1127839982509613,0.0605010017752647,3.497859001159668,1.38019597530365,17.828996658325195,106.9885711669922,69.88738250732422,0.999576985836029,13.714278221130373,5.88040018081665,0.182546004652977,2789.820556640625,0.2003359943628311,2.200000017182901e-05,289.6955261230469,2176.920717469209,34089.34698912513
2022-03-16 00:00:00+00:00,41143.9296875,2772.0556640625,385.5282287597656,0.793537974357605,0.8383740186691284,87.90362548828125,0.116907998919487,0.0610839985311031,3.609265089035034,1.4683589935302734,19.053367614746094,111.35919189453124,74.18374633789062,0.9997959733009338,14.696399688720703,6.022833824157715,0.1892729997634887,2943.0849609375,0.2044990062713623,2.300000051036477e-05,299.7217712402344,2279.3247903047954,35656.88887580514
2022-03-17 00:00:00+00:00,40951.37890625,2814.8544921875,391.8247375488281,0.7935029864311218,0.8367840051651001,87.87684631347656,0.1165020018815994,0.0607969984412193,3.650724887847901,1.449110984802246,18.751731872558597,110.31023406982422,79.53851318359375,0.9995999932289124,14.421710968017578,6.22924280166626,0.1896730065345764,2995.157958984375,0.2054799944162368,2.200000017182901e-05,296.458740234375,2275.0050148225223,35497.21008912368
2022-03-18 00:00:00+00:00,41801.15625,2945.343017578125,397.6455078125,0.7982659935951233,0.8534330129623413,89.82203674316406,0.1193059980869293,0.0616890005767345,3.6908040046691895,1.499554991722107,18.991891860961918,112.1158676147461,85.76238250732422,0.9998379945755004,15.02858066558838,6.069159030914307,0.1930419951677322,3135.687744140625,0.2081400007009506,2.200000017182901e-05,305.8638916015625,2329.6147821213126,36242.663714707815
2022-03-19 00:00:00+00:00,42190.65234375,2946.257080078125,399.8535461425781,0.8193730115890503,0.9010990262031556,92.41815185546876,0.1235689967870712,0.0619090013206005,3.780963897705078,1.528071045875549,19.35950469970703,116.3732681274414,89.69412231445312,0.9996179938316344,14.97515869140625,6.031686782836914,0.2000049948692321,3134.3330078125,0.2103219926357269,2.4000000848900527e-05,327.6200866699219,2349.818710042155,36577.20151459511
2022-03-20 00:00:00+00:00,41247.82421875,2860.459228515625,390.7683715820313,0.8061209917068481,0.8770920038223267,88.61486053466797,0.1191539987921714,0.061438001692295,3.743496894836426,1.4639190435409546,18.638643264770508,114.82913970947266,84.72430419921875,0.9992600083351136,14.552144050598145,6.063270092010498,0.1969909965991974,3047.7255859375,0.2087689936161041,2.300000051036477e-05,326.9633483886719,2295.6971132836907,35757.73808991588
2022-03-21 00:00:00+00:00,41077.99609375,2897.9765625,396.4478149414063,0.8381519913673401,0.916782021522522,88.7572021484375,0.1193389967083931,0.0617819987237453,3.738641023635864,1.466493010520935,18.795270919799805,116.15872955322266,86.44969940185547,0.9990010261535645,15.007802963256836,6.167806148529053,0.2038879990577697,3086.630859375,0.2115129977464676,2.300000051036477e-05,335.2315979003906,2292.1035739841586,35616.58164336839
2022-03-22 00:00:00+00:00,42358.80859375,2973.131103515625,404.31494140625,0.8370969891548157,0.9764400124549866,90.51296997070312,0.1224810034036636,0.0634080022573471,3.858678102493286,1.5054479837417605,20.252199172973636,122.92796325683594,83.9814453125,0.9990350008010864,15.450860977172852,6.169386863708496,0.2071499973535537,3163.5576171875,0.2144419997930526,2.300000051036477e-05,376.73681640625,2363.0775285671893,36725.34975366459
2022-03-23 00:00:00+00:00,42892.95703125,3031.067138671875,408.6097717285156,0.8378869891166687,1.1074819564819336,95.1026840209961,0.1297270059585571,0.0643360018730163,3.928589105606079,1.5563030242919922,21.003955841064453,122.47541809082033,86.25101470947266,0.9998340010643004,15.800262451171877,6.010436058044434,0.2094749957323074,3217.676513671875,0.2185849994421005,2.4000000848900527e-05,364.3054809570313,2393.824378549068,37190.31582898972
2022-03-24 00:00:00+00:00,43960.93359375,3108.06201171875,414.1269836425781,0.8429679870605469,1.130010962486267,102.22369384765624,0.1365499943494796,0.0655710026621818,3.974143028259277,1.6287649869918823,21.24549102783203,126.5812759399414,87.55538940429688,0.999556005001068,16.171621322631836,6.009944915771484,0.2147690057754516,3311.96435546875,0.2203450053930282,2.499999936844688e-05,366.1062927246094,2453.818731273371,38117.15353207843
2022-03-25 00:00:00+00:00,44348.73046875,3106.67138671875,410.8111572265625,0.8251270055770874,1.0978879928588867,98.6581039428711,0.1310130059719085,0.0644659996032714,3.99392294883728,1.5795730352401731,20.54728507995605,124.06736755371094,83.66136932373047,0.9992420077323914,15.584914207458496,5.89239501953125,0.2115650027990341,3303.544677734375,0.2232650071382522,2.4000000848900527e-05,364.74017333984375,2471.0493040429783,38449.3688801011
2022-03-26 00:00:00+00:00,44500.828125,3143.178955078125,415.9197998046875,0.8327720165252686,1.1505939960479736,101.7641830444336,0.1358679980039596,0.066161997616291,4.135398864746094,1.6108030080795288,20.88795661926269,124.88133239746094,85.95565032958984,0.9999330043792723,15.821913719177246,5.784212112426758,0.2154639959335327,3344.864990234375,0.2265429943799972,2.4000000848900527e-05,361.8934631347656,2482.435911588096,38584.51239656119
2022-03-27 00:00:00+00:00,46820.4921875,3291.57763671875,430.5032653808594,0.8573430180549622,1.182147979736328,107.08422088623048,0.1447319984436035,0.0691699981689453,4.300179958343506,1.6934809684753418,22.44786262512207,129.39747619628906,89.82484436035156,0.999970018863678,16.84952735900879,6.116147994995117,0.2297870069742202,3500.95263671875,0.2426770031452179,2.5999999706982635e-05,376.5374450683594,2609.595369750425,40593.70208184318
2022-03-28 00:00:00+00:00,47128.00390625,3336.634521484375,430.390869140625,0.8633040189743042,1.1701840162277222,106.46525573730467,0.142656996846199,0.069081000983715,4.610167980194092,1.6603870391845703,21.97044944763184,127.93861389160156,89.60455322265625,0.9992129802703856,16.517032623291016,6.1334228515625,0.2304259985685348,3543.28759765625,0.2361339926719665,2.5999999706982635e-05,368.1392822265625,2627.8603373597994,40862.683026885854
2022-03-29 00:00:00+00:00,47465.73046875,3401.98779296875,434.5056762695313,0.8579999804496765,1.191112041473389,111.71031188964844,0.1444700062274933,0.0693819969892501,4.626208782196045,1.6747870445251465,22.48617935180664,130.0612335205078,92.84088897705078,0.999763011932373,16.973129272460938,5.9719319343566895,0.233362004160881,3615.631103515625,0.2549189925193786,2.700000004551839e-05,373.5299682617188,2651.4990816939016,41160.7566419387
2022-03-30 00:00:00+00:00,47062.6640625,3385.157958984375,442.6848449707031,0.8608139753341675,1.1903849840164185,120.6994857788086,0.1432099938392639,0.0730869993567466,4.7376389503479,1.6846189498901367,22.46834754943848,131.16934204101562,95.7799835205078,0.9996359944343568,17.209745407104492,6.062673091888428,0.2348189949989318,3608.608154296875,0.2534599900245666,2.700000004551839e-05,379.6378173828125,2632.4914338740846,40813.55221735262
2022-03-31 00:00:00+00:00,45538.67578125,3281.642822265625,428.9161071777344,0.8145639896392822,1.1418509483337402,122.66146087646484,0.13782599568367,0.0738760009407997,4.961254119873047,1.617285966873169,21.30251121520996,123.71601104736328,96.9246597290039,0.9998329877853394,16.910993576049805,5.808413982391357,0.2282769978046417,3495.332275390625,0.2356400042772293,2.5999999706982635e-05,384.0443420410156,2548.8640862648904,39492.66420248055
2022-04-01 00:00:00+00:00,46281.64453125,3449.55224609375,446.6042785644531,0.8277400135993958,1.165424942970276,134.43093872070312,0.1413149982690811,0.0748940035700798,5.101822853088379,1.6939140558242798,22.016986846923828,124.8831787109375,96.69318389892578,1.000303030014038,17.312368392944336,5.981730937957764,0.2325319945812225,3676.57861328125,0.2460529953241348,2.5999999706982635e-05,376.8889770507813,2602.051002792184,40150.967270146895
2022-04-02 00:00:00+00:00,45868.94921875,3445.059326171875,436.9553527832031,0.8249189853668213,1.1560070514678955,132.19886779785156,0.1389130055904388,0.0732500031590461,5.332411766052246,1.654024958610535,22.644535064697266,124.9234848022461,95.9732666015625,0.9989929795265198,17.403167724609375,6.072326183319092,0.2333090007305145,3679.365234375,0.2449170053005218,2.5999999706982635e-05,373.2934265136719,2581.594998929707,39796.54026153302
2022-04-03 00:00:00+00:00,46453.56640625,3522.83349609375,450.348876953125,0.8429499864578247,1.1859409809112549,136.77532958984375,0.1464529931545257,0.0731580033898353,5.094771862030029,1.6888099908828735,23.2082462310791,128.9462127685547,98.0777816772461,0.9994789958000184,18.09421730041504,5.996935844421387,0.2370470017194748,3758.3623046875,0.2485339939594268,2.700000004551839e-05,378.7779541015625,2618.357377728848,40307.707087196
2022-04-04 00:00:00+00:00,46622.67578125,3521.2412109375,447.5249328613281,0.8272510170936584,1.2129449844360352,132.41262817382812,0.1485909968614578,0.0708160027861595,4.783974170684815,1.6499179601669312,22.65777015686035,124.86170196533205,95.5202178955078,0.9999409914016724,17.474639892578125,6.023297786712647,0.2321429997682571,3753.85400390625,0.2384639978408813,2.5999999706982635e-05,375.8177185058594,2625.2489510691807,40452.42257010987
2022-04-05 00:00:00+00:00,45555.9921875,3411.79248046875,445.172607421875,0.8176419734954834,1.170801043510437,126.86223602294922,0.1729069948196411,0.0694269984960556,4.6734299659729,1.592921018600464,21.789714813232425,123.21317291259766,91.0210952758789,0.9991070032119752,16.77373504638672,5.761684894561768,0.2253219932317733,3644.12841796875,0.2269439995288849,2.700000004551839e-05,365.98480224609375,2562.782888693426,39523.86024132121
2022-04-06 00:00:00+00:00,43206.73828125,3171.69189453125,420.1463623046875,0.7613139748573303,1.052770972251892,112.88338470458984,0.1434170007705688,0.0632859990000724,4.159380912780762,1.4587470293045044,19.83963394165039,112.46133422851562,82.9559097290039,0.9994930028915404,15.427790641784668,5.825942993164063,0.2033980041742324,3384.891357421875,0.2105830013751983,2.4000000848900527e-05,331.06793212890625,2422.522963703468,37477.50992943454
2022-04-07 00:00:00+00:00,43503.84765625,3233.274658203125,436.7967834472656,0.7879999876022339,1.091894030570984,118.79651641845705,0.1461019963026046,0.0644299983978271,4.333849906921387,1.5140539407730105,20.4263916015625,114.23019409179688,87.91970825195312,0.9996899962425232,15.77530002593994,5.84674882888794,0.2129350006580352,3450.28271484375,0.2231689989566803,2.499999936844688e-05,336.7745056152344,2444.445015544495,37740.18010777166
2022-04-08 00:00:00+00:00,42287.6640625,3192.073974609375,421.67724609375,0.7540559768676758,1.0263259410858154,109.8008804321289,0.142548993229866,0.0625189989805221,4.136961936950684,1.4357019662857056,19.4008846282959,110.88206481933594,83.76922607421875,0.9993879795074464,15.135031700134276,5.870569229125977,0.2017270028591156,3398.56103515625,0.2082609981298446,2.4000000848900527e-05,323.3428955078125,2379.864065930682,36690.55219023014
2022-04-09 00:00:00+00:00,42782.13671875,3261.916259765625,427.1530456542969,0.7635849714279175,1.0450149774551392,112.97279357910156,0.1443029940128326,0.0639659985899925,4.176169872283936,1.4643219709396362,19.787586212158203,112.77727508544922,84.5946273803711,1.000359058380127,15.433225631713867,5.854590892791748,0.2050179988145828,3475.15234375,0.2139540016651153,2.499999936844688e-05,326.0784912109375,2411.0920797502863,37123.653362299316
2022-04-10 00:00:00+00:00,42207.671875,3211.866943359375,418.5906677246094,0.7566140294075012,1.0308849811553955,111.74243927001952,0.1495350003242492,0.0625350028276443,4.134737014770508,1.4334650039672852,19.285306930541992,111.17377471923828,81.81646728515625,0.9994400143623352,15.34876823425293,5.951510906219482,0.2018389999866485,3436.72119140625,0.2093819975852966,2.499999936844688e-05,320.9402770996094,2378.5756037609362,36625.27746013609
2022-04-11 00:00:00+00:00,39521.90234375,2981.05224609375,394.0868835449219,0.6950230002403259,0.92044997215271,99.33910369873048,0.1346540004014969,0.0582269988954067,3.84181809425354,1.3331739902496338,17.188892364501953,102.60739135742188,74.17261505126953,0.998874008655548,13.75277042388916,5.554004192352295,0.1867900043725967,3185.67919921875,0.1948190033435821,2.200000017182901e-05,294.7629699707031,2223.7362986066123,34291.20886809906
2022-04-12 00:00:00+00:00,40127.18359375,3030.37646484375,413.8739318847656,0.7166140079498291,0.955145001411438,103.30638885498048,0.1380760073661804,0.0599559992551803,3.998317003250122,1.3928680419921875,17.785879135131836,104.8284149169922,76.36006164550781,1.0002349615097046,13.973590850830078,5.705574035644531,0.1926169991493225,3229.252685546875,0.1986410021781921,2.700000004551839e-05,304.5862731933594,2258.851683556281,34816.435366392194
2022-04-13 00:00:00+00:00,41166.73046875,3118.34423828125,423.1301574707031,0.7238500118255615,0.9746959805488586,105.00194549560548,0.1400800049304962,0.0615149997174739,4.182704925537109,1.420106053352356,18.19849967956543,110.48245239257812,80.0019760131836,1.0001699924468994,14.183897972106934,5.6898579597473145,0.1965370029211044,3326.78955078125,0.2033179998397827,2.700000004551839e-05,341.9760131835937,2319.9729553309858,35720.061425736756
2022-04-14 00:00:00+00:00,39935.515625,3019.909423828125,414.6637268066406,0.7268189787864685,0.9324120283126832,100.70780181884766,0.1439200043678283,0.0601320005953311,4.068213939666748,1.3726409673690796,17.930795669555664,107.41104125976562,76.81785583496094,1.0000929832458496,13.646020889282228,5.740508079528809,0.1938800066709518,3222.30517578125,0.1960500031709671,2.5999999706982635e-05,337.5608215332031,2250.51918968635,34651.23313728404
2022-04-15 00:00:00+00:00,40553.46484375,3040.91650390625,417.2937316894531,0.7856749892234802,0.954716980457306,101.30977630615234,0.146026000380516,0.061889000236988,4.06580114364624,1.396420955657959,18.35092163085937,111.10934448242188,77.43753814697266,1.0000020265579224,14.120528221130373,5.773069858551025,0.2041999995708465,3242.807373046875,0.2000250071287155,2.5999999706982635e-05,340.6129150390625,2282.4767299133614,35184.133720054146
2022-04-16 00:00:00+00:00,40424.484375,3062.310302734375,417.47845458984375,0.781840980052948,0.9526399970054626,102.25731658935548,0.1437119990587234,0.0619600005447864,4.049415111541748,1.3909319639205933,18.63007926940918,114.4307098388672,77.89026641845703,0.9997000098228456,14.150530815124512,5.827218055725098,0.205608993768692,3273.2373046875,0.1982669979333877,2.5999999706982635e-05,343.1981506347656,2279.1751814612894,35076.51816919986
2022-04-17 00:00:00+00:00,39716.953125,2993.4033203125,407.3777160644531,0.7531539797782898,0.9174659848213196,100.40969848632812,0.1394589990377426,0.0602389983832836,3.945600032806397,1.3400739431381226,17.780473709106445,109.04278564453124,75.70925903320312,0.9997400045394896,13.76498794555664,5.854565143585205,0.1973800063133239,3195.43896484375,0.1925980001688003,2.499999936844688e-05,328.70330810546875,2236.808759011308,34460.367743069175
2022-04-18 00:00:00+00:00,40826.21484375,3057.606689453125,416.9684143066406,0.7680169939994812,0.9367300271987916,102.15853118896484,0.1402859985828399,0.0615609996020793,3.9297258853912354,1.4211549758911133,18.169546127319336,111.22614288330078,77.7936782836914,0.9998810291290284,14.037701606750488,5.952357769012451,0.2050949931144714,3262.230224609375,0.1947949975728988,2.499999936844688e-05,340.0191345214844,2297.1921207333403,35420.36056378945
2022-04-19 00:00:00+00:00,41502.75,3104.1064453125,422.3870544433594,0.7750629782676697,0.953333020210266,108.58203125,0.1426649987697601,0.0633680000901222,4.767186164855957,1.4281760454177856,18.896812438964844,113.81208801269533,80.28591918945312,0.9999120235443116,14.258341789245604,5.820404052734375,0.2040340006351471,3314.961181640625,0.1994930058717727,2.499999936844688e-05,340.39520263671875,2335.0375588573315,36006.94990079795
2022-04-20 00:00:00+00:00,41374.37890625,3077.745849609375,418.354248046875,0.7521780133247375,0.9373409748077391,105.49700164794922,0.1408780068159103,0.0626420006155967,4.367045879364014,1.4177440404891968,19.088777542114254,111.9796905517578,78.27433013916016,0.999646008014679,14.024039268493652,5.95620584487915,0.200422003865242,3288.5576171875,0.1962279975414276,2.499999936844688e-05,330.7242126464844,2325.4121442218775,35893.53187939338
2022-04-21 00:00:00+00:00,40527.36328125,2987.480712890625,405.0214538574219,0.7331780195236206,0.9104740023612976,101.77613830566406,0.136364996433258,0.0714569985866546,4.104972839355469,1.3798619508743286,18.18599510192871,106.99798583984376,75.08074188232422,0.9996110200881958,13.588746070861816,5.944632053375244,0.1964620053768158,3187.67041015625,0.1909620016813278,2.4000000848900527e-05,315.8807067871094,2273.9863891442706,35155.01706521275
2022-04-22 00:00:00+00:00,39740.3203125,2964.835693359375,406.9875183105469,0.7191939949989319,0.9071540236473083,100.61205291748048,0.1363950073719024,0.0667899996042251,4.033188819885254,1.3991390466690063,18.299129486083984,105.60062408447266,74.12296295166016,0.9997689723968506,13.60935401916504,5.850450038909912,0.1956139951944351,3170.427978515625,0.1897709965705871,2.4000000848900527e-05,320.96746826171875,2234.775265871494,34477.197292841374
2022-04-23 00:00:00+00:00,39486.73046875,2938.114013671875,401.6524658203125,0.707705020904541,0.8885030150413513,100.74443817138672,0.1342409998178482,0.0676520019769668,4.018770217895508,1.3659709692001345,18.7326717376709,105.5043716430664,72.92001342773438,0.9989029765129088,13.34372615814209,5.887743949890137,0.1919910013675689,3141.684814453125,0.1874870061874389,2.4000000848900527e-05,313.4471435546875,2219.396338978419,34256.16462799228
2022-04-24 00:00:00+00:00,39469.29296875,2922.732666015625,399.1053771972656,0.6987389922142029,0.8863499760627747,99.2357940673828,0.1319469958543777,0.0656969994306564,3.936306953430176,1.3442449569702148,18.15865707397461,104.6226043701172,71.60303497314453,0.99938702583313,13.287423133850098,5.828708171844482,0.1898970007896423,3126.688232421875,0.1856150031089782,2.4000000848900527e-05,308.1383972167969,2216.5300986331226,34239.33826129282
2022-04-25 00:00:00+00:00,40458.30859375,3009.3935546875,404.3502807617188,0.6944260001182556,0.8986949920654297,101.24763488769533,0.1579589992761612,0.0653309971094131,3.820091009140015,1.3526660203933716,18.11997985839844,104.68701934814452,72.86742401123047,0.999882996082306,13.45869255065918,5.932983875274658,0.1922110021114349,3217.57177734375,0.1818470060825348,2.4000000848900527e-05,314.77447509765625,2272.8131213902097,35098.77093709996
2022-04-26 00:00:00+00:00,38117.4609375,2808.29833984375,385.4830627441406,0.6416990160942078,0.8276450037956238,95.78215026855467,0.1377670019865036,0.0619199983775615,3.6586880683898926,1.2428330183029177,16.65060043334961,98.40467834472656,68.67205810546875,0.9999709725379944,12.35457706451416,5.82572078704834,0.1803430020809173,2995.12548828125,0.1675010025501251,2.300000051036477e-05,295.910400390625,2138.4707811355975,33064.317442908934
2022-04-27 00:00:00+00:00,39241.12109375,2888.9296875,391.4458312988281,0.652318000793457,0.840595006942749,98.37886810302734,0.1396999955177307,0.0632210001349449,3.760622978210449,1.2576849460601809,16.948017120361328,100.53875732421876,69.85772705078125,0.9997910261154176,12.733110427856444,5.783480167388916,0.1843699961900711,3086.5791015625,0.1693619936704635,2.300000051036477e-05,307.33380126953125,2201.3198649294345,34039.06812720093
2022-04-28 00:00:00+00:00,39773.828125,2936.94091796875,406.71820068359375,0.6443629860877991,0.8439499735832214,98.18572998046876,0.137363001704216,0.0637520030140876,3.839432001113892,1.2389039993286133,16.99651336669922,103.32334899902344,67.31945037841797,0.9996690154075624,12.662813186645508,5.711273193359375,0.1856929957866668,3137.26806640625,0.1698819994926452,2.300000051036477e-05,306.7344055175781,2232.0862797931572,34502.2073553417
2022-04-29 00:00:00+00:00,38609.82421875,2815.601806640625,393.0621643066406,0.6114069819450378,0.8050429821014404,94.01134490966795,0.1350270062685012,0.0635339990258216,3.670909881591797,1.1405789852142334,16.162790298461914,100.37800598144533,63.41709518432617,0.9998289942741394,11.970266342163086,5.710405826568604,0.1779199987649917,3003.4248046875,0.159182995557785,2.200000017182901e-05,294.709228515625,2162.668361203227,33487.88173236852
2022-04-30 00:00:00+00:00,37714.875,2730.186767578125,377.767822265625,0.5870910286903381,0.756659984588623,85.09593200683594,0.1275569945573806,0.0627669990062713,3.425158977508545,1.0357500314712524,14.519939422607422,96.16598510742188,57.04800415039063,0.9996160268783568,10.997047424316406,5.666691780090332,0.1693789958953857,2917.714599609375,0.1412680000066757,1.9999999494757503e-05,278.6688842773437,2109.3339019362256,32709.37405228738
2022-05-01 00:00:00+00:00,38469.09375,2827.756103515625,390.281982421875,0.6078439950942993,0.7903439998626709,89.6715087890625,0.1327729970216751,0.0709059983491897,3.463736057281494,1.1011639833450315,15.381729125976562,99.43577575683594,58.85614776611328,1.000404953956604,11.312018394470217,5.556923866271973,0.1759900003671646,3025.02978515625,0.1463090032339096,2.200000017182901e-05,284.4119873046875,2156.3941526231274,33368.94401780185
2022-05-02 00:00:00+00:00,38529.328125,2857.410400390625,389.670654296875,0.6142690181732178,0.7815290093421936,87.58101654052734,0.1309379935264587,0.0687889978289604,3.378746032714844,1.0775909423828125,14.978443145751951,100.69322967529295,60.51710510253906,0.9992709755897522,11.17877960205078,5.742866039276123,0.1737059950828552,3056.514404296875,0.1399189978837967,2.099999983329326e-05,285.0909423828125,2162.1938450207213,33424.2367372549
2022-05-03 00:00:00+00:00,37750.453125,2783.476318359375,383.4757995605469,0.6048489809036255,0.7711449861526489,85.84237670898438,0.1295199990272522,0.0723360031843185,3.39774489402771,1.0759589672088623,14.72703742980957,99.343017578125,59.66010665893555,0.9999629855155944,11.121427536010742,5.602704048156738,0.172106996178627,2976.949951171875,0.1390829980373382,1.9999999494757503e-05,279.4828186035156,2117.0236861650274,32746.583587965284
2022-05-04 00:00:00+00:00,39698.37109375,2940.644775390625,402.5026550292969,0.6464740037918091,0.8969420194625854,92.7708511352539,0.1358090043067932,0.0862490013241767,3.625446081161499,1.1710319519042969,16.30525779724121,106.27486419677734,67.08610534667969,1.0002069473266602,12.145609855651855,5.6231231689453125,0.1845709979534149,3140.4072265625,0.1512670069932937,2.200000017182901e-05,299.85614013671875,2228.0897962563768,34437.738495417056
2022-05-05 00:00:00+00:00,36575.140625,2749.213134765625,378.7736206054688,0.5988860130310059,0.7911520004272461,84.59602355957031,0.1284299939870834,0.0745849981904029,3.321943044662476,1.0646909475326538,14.58102798461914,96.91891479492188,59.12744140625,0.9997519850730896,10.917400360107422,5.136645793914795,0.1712639927864074,2935.530029296875,0.1359799951314926,1.9999999494757503e-05,277.2933044433594,2056.8816605229304,31733.26142331037
2022-05-06 00:00:00+00:00,36040.921875,2694.979736328125,379.3042907714844,0.6025699973106384,0.7833589911460876,81.76410675048828,0.1279010027647018,0.0861750021576881,3.358328104019165,1.044132947921753,14.313101768493652,96.79175567626952,57.034324645996094,1.0000619888305664,10.799843788146973,5.376832962036133,0.1712940037250518,2881.218017578125,0.1340339928865432,1.9999999494757503e-05,274.9815368652344,2025.9425380078649,31268.328352628778
2022-05-07 00:00:00+00:00,35501.953125,2636.093017578125,365.6841125488281,0.5823469758033752,0.7618820071220398,78.9834213256836,0.1275320053100586,0.0832649990916252,3.274106979370117,1.0212039947509766,13.775653839111328,94.5708999633789,55.15669250488281,0.9995309710502625,10.23990535736084,5.27354907989502,0.1676529943943023,2823.035888671875,0.1304309964179992,1.8999999156221747e-05,268.7116394042969,1993.36313696175,30798.675571215612
2022-05-08 00:00:00+00:00,34059.265625,2517.4599609375,355.39874267578125,0.5665270090103149,0.73956298828125,75.22018432617188,0.1242069974541664,0.0875269994139671,3.1569271087646484,0.9743450284004213,13.254074096679688,93.97643280029295,51.52122497558594,0.9995650053024292,9.990030288696287,5.340774059295654,0.1617379933595657,2680.727294921875,0.1276489943265915,1.8000000636675395e-05,261.7698059082031,1910.9934388625902,29544.87498444638
2022-05-09 00:00:00+00:00,30296.953125,2245.430419921875,299.34893798828125,0.4929400086402893,0.6100879907608032,63.2696533203125,0.104823999106884,0.0732629969716072,2.665513038635254,0.8219149708747864,10.76703643798828,77.9571533203125,41.97204208374024,0.9983389973640442,8.272896766662598,5.200699806213379,0.1429740041494369,2397.13330078125,0.1072510033845901,1.4000000192027072e-05,221.99842834472656,1698.77718165625,26282.08537477167
2022-05-10 00:00:00+00:00,31022.90625,2343.510986328125,319.32696533203125,0.513625979423523,0.6289629936218262,66.76615142822266,0.1084769964218139,0.0769980028271675,2.688114881515503,0.890408992767334,11.358491897583008,80.2268295288086,44.56028366088867,0.9999200105667114,8.584442138671875,5.416736125946045,0.1484050005674362,2490.661865234375,0.1150700002908706,1.5999999959603883e-05,231.9148101806641,1744.35256241492,26916.68287528949
2022-05-11 00:00:00+00:00,28936.35546875,2072.108642578125,269.9627685546875,0.4133760035037994,0.5127999782562256,50.21084976196289,0.0845810025930404,0.07447300106287,2.2668020725250244,0.6662909984588623,8.956188201904297,66.38880157470703,30.962865829467773,1.0012739896774292,6.916926860809326,5.207250118255615,0.1255230009555816,2205.296142578125,0.0906130000948906,1.2000000424450263e-05,194.3667449951172,1611.9984949928712,25092.2397308095
2022-05-12 00:00:00+00:00,29047.751953125,1961.7015380859373,269.4072570800781,0.385206013917923,0.4737460017204284,44.683589935302734,0.0826710015535354,0.0674030035734176,1.915428042411804,0.6015390157699585,8.745312690734863,64.40274810791016,30.35753631591797,1.0010550022125244,6.569270133972168,5.092208862304688,0.1209300011396408,2069.408935546875,0.0868790000677108,1.1000000085914508e-05,194.1725616455078,1605.0965609339003,25173.34247240313
2022-05-13 00:00:00+00:00,29283.103515625,2014.418212890625,290.5841979980469,0.4234170019626617,0.5288770198822021,48.59355163574219,0.0883309990167617,0.0742070004343986,2.113753080368042,0.6675419807434082,10.493300437927246,67.96253967285156,32.13642883300781,0.999710977077484,7.147284984588623,5.064846992492676,0.1319099962711334,2103.8076171875,0.0963720008730888,1.2999999853491316e-05,202.2874298095703,1622.4153837678084,25380.686854662155
2022-05-14 00:00:00+00:00,30101.265625,2056.27392578125,297.3876037597656,0.4277740120887756,0.5393580198287964,52.4172248840332,0.0897959992289543,0.0725009962916374,2.259756088256836,0.6861389875411987,11.35068130493164,68.95030975341797,34.08252716064453,1.001531958580017,7.28469181060791,5.019296169281006,0.1384360045194625,2156.315185546875,0.1018029972910881,1.2999999853491316e-05,211.2171936035156,1666.9943510875212,26088.641368732617
2022-05-15 00:00:00+00:00,31305.11328125,2145.706787109375,312.0077209472656,0.4473710060119629,0.5975000262260437,58.81126022338867,0.0928430035710334,0.0723579972982406,2.3840560913085938,0.7375659942626953,11.795572280883787,71.5303726196289,36.54233551025391,1.0008130073547363,7.941104888916016,4.980979919433594,0.1448429971933365,2262.396484375,0.1077810004353523,1.2999999853491316e-05,214.53973388671875,1735.092894149263,27133.595906656523
2022-05-16 00:00:00+00:00,29862.91796875,2022.7259521484373,297.7101135253906,0.4224990010261535,0.5567160248756409,53.646461486816406,0.0878409966826438,0.0690879970788955,2.221203088760376,0.6772819757461548,10.624634742736816,67.21134948730469,32.571998596191406,0.9997069835662842,7.418417930603027,4.935696125030518,0.1357779949903488,2134.559326171875,0.1023840010166168,1.2000000424450263e-05,197.2950439453125,1652.2328320463546,25880.695102548612
2022-05-17 00:00:00+00:00,30425.857421875,2090.4091796875,305.96343994140625,0.437622994184494,0.5780770182609558,57.12562561035156,0.0902130007743835,0.0722929984331131,2.3025190830230717,0.7269420027732849,11.034235954284668,72.96931457519531,34.396461486816406,1.0006150007247925,7.725452899932861,4.981638908386231,0.1416980028152465,2208.21923828125,0.1086239963769912,1.2999999853491316e-05,206.68150329589844,1687.182006172066,26372.360830425932
2022-05-18 00:00:00+00:00,28720.271484375,1916.6561279296875,287.43878173828125,0.4061659872531891,0.5056149959564209,49.75621032714844,0.0836490020155906,0.0709739997982978,2.011662006378174,0.627577006816864,9.506675720214844,66.41563415527344,29.60548210144043,0.9990410208702089,6.82554292678833,4.9372639656066895,0.1287660002708435,2020.9453125,0.0997390002012252,1.2000000424450263e-05,188.02528381347656,1585.9674762177372,24886.84919963817
2022-05-19 00:00:00+00:00,30314.333984375,2018.336181640625,306.79156494140625,0.419975996017456,0.5333210229873657,52.2139778137207,0.0867229998111724,0.0736080035567283,2.125135898590088,0.6588169932365417,10.041605949401855,72.0966796875,30.37901496887207,1.0011780261993408,7.219192981719971,4.979382991790772,0.1305440068244934,2131.248046875,0.1040259972214698,1.2000000424450263e-05,196.5090789794922,1673.775335816618,26267.772741943718
2022-05-20 00:00:00+00:00,29200.740234375,1961.315673828125,302.3592224121094,0.4111370146274566,0.5179070234298706,49.53850936889648,0.083976998925209,0.0713509991765022,2.067970037460327,0.6365100145339966,9.684747695922852,68.65829467773438,28.953659057617188,0.9999589920043944,6.890322208404541,4.993975162506104,0.1269409954547882,2072.551513671875,0.0999360010027885,1.2000000424450263e-05,190.89602661132807,1614.3618037688636,25305.045800814343
2022-05-21 00:00:00+00:00,29432.2265625,1974.518310546875,312.4660339355469,0.4146730005741119,0.5283139944076538,50.3179817199707,0.0844630002975463,0.0740699991583824,2.1179850101470947,0.6493390202522278,9.992506980895996,69.7057876586914,29.86665153503418,1.0007450580596924,7.058111190795898,4.920422077178955,0.130631998181343,2064.26611328125,0.1013569980859756,1.2000000424450263e-05,192.2581787109375,1626.3189642960165,25504.085396705254
2022-05-22 00:00:00+00:00,30323.72265625,2043.170166015625,319.6090087890625,0.422336995601654,0.5426179766654968,52.75518035888672,0.0861049965023994,0.0781309977173805,2.284466028213501,0.6783120036125183,10.186107635498049,71.77400207519531,31.807361602783203,1.0010130405426023,7.356995105743408,4.893933773040772,0.1357029974460601,2143.15478515625,0.104482002556324,1.2000000424450263e-05,198.9332275390625,1676.7950763495242,26278.08370269482
2022-05-23 00:00:00+00:00,29098.91015625,1972.181884765625,316.76055908203125,0.4046710133552551,0.5126050114631653,49.05685043334961,0.0832530036568641,0.0762820020318031,2.182400941848755,0.6419389843940735,9.886960983276367,69.01275634765625,29.02623176574707,0.999796986579895,7.028613090515137,4.901161193847656,0.1290179938077926,2071.896728515625,0.0984639972448349,1.2000000424450263e-05,191.7128753662109,1610.738248558489,25218.33337400889
2022-05-24 00:00:00+00:00,29655.5859375,1978.9827880859373,328.1893310546875,0.4087130129337311,0.5212240219116211,49.65333557128906,0.083636999130249,0.080606997013092,2.226016998291016,0.6615539789199829,10.181180000305176,70.32154846191406,29.02564811706543,1.0007710456848145,7.234004974365234,4.886074066162109,0.1328410059213638,2079.69677734375,0.0993390008807182,1.2000000424450263e-05,195.79901123046875,1638.798588165078,25697.128630476105
2022-05-25 00:00:00+00:00,29562.361328125,1944.827880859375,325.7348022460937,0.4057849943637848,0.5138769745826721,47.98242568969727,0.0829849988222122,0.0846299976110458,2.32361102104187,0.6459270119667053,9.866581916809082,68.31311798095703,27.22537612915039,0.9996169805526732,6.97707986831665,4.891910076141357,0.1321589946746826,2040.277587890625,0.0975909978151321,1.2000000424450263e-05,190.59967041015625,1630.206855007798,25612.70722307586
2022-05-26 00:00:00+00:00,29267.224609375,1803.913330078125,304.96392822265625,0.3931699991226196,0.4808830022811889,43.4912109375,0.0782520025968551,0.0823699980974197,2.262526035308838,0.6010609865188599,9.181024551391602,63.8281364440918,23.550029754638672,0.9996870160102844,6.608133792877197,4.8924479484558105,0.1248729974031448,1894.640869140625,0.0910419970750808,1.1000000085914508e-05,181.01046752929688,1600.4008601337653,25342.296937932686
2022-05-27 00:00:00+00:00,28627.57421875,1724.9228515625,300.9720458984375,0.3817870020866394,0.4555070102214813,40.98134613037109,0.081335000693798,0.0806220024824142,2.17964506149292,0.5735759735107422,9.131902694702148,61.56392288208008,22.41862297058105,0.9994909763336182,6.273192882537842,4.8781819343566895,0.1202900037169456,1800.844970703125,0.0871239975094795,9.999999747378752e-06,174.08544921875,1560.8860044121664,24782.997559193012
2022-05-28 00:00:00+00:00,28814.900390625,1757.9417724609375,307.8154296875,0.3863230049610138,0.4647639989852905,44.34316253662109,0.0818390026688575,0.0812549963593483,2.219654083251953,0.5878840088844299,9.666281700134276,62.31327819824219,24.83976554870605,1.000566005706787,6.5723958015441895,5.053679943084717,0.1227469965815544,1837.705322265625,0.0892210006713867,1.1000000085914508e-05,179.02490234375,1574.0576497718673,24947.999934907035
2022-05-29 00:00:00+00:00,29445.95703125,1812.031005859375,305.9750671386719,0.3890160024166107,0.4811260104179382,44.90961456298828,0.082685999572277,0.0805070027709007,2.2268710136413574,0.5985490083694458,9.980676651000977,63.74662780761719,26.12006950378418,1.000715970993042,6.7126288414001465,5.084484100341797,0.1307599991559982,1904.40869140625,0.0905420035123825,1.2000000424450263e-05,185.31155395507807,1610.2532493374933,25496.815468822904
2022-05-30 00:00:00+00:00,31726.390625,1996.4412841796875,321.7528991699219,0.4181750118732452,0.5700730085372925,47.179443359375,0.0878710001707077,0.0832590013742446,2.394547939300537,0.6571679711341858,10.454895973205566,69.12091827392578,27.63215065002441,1.0002989768981934,7.45792293548584,5.2172441482543945,0.1433600038290023,2095.33740234375,0.0975430011749267,1.2000000424450263e-05,196.80284118652344,1738.5352350064024,27476.457094436
2022-05-31 00:00:00+00:00,31792.310546875,1942.3280029296875,320.485107421875,0.4218670129776001,0.6252539753913879,45.76784133911133,0.0858649984002113,0.0841910019516944,2.357757091522217,0.6620870232582092,10.366196632385254,68.41138458251953,26.38993263244629,1.000303030014038,7.594669818878174,5.306728839874268,0.150187999010086,2048.009033203125,0.0944370031356811,1.2000000424450263e-05,203.65670776367188,1736.9575291987733,27527.14778515555
2022-06-01 00:00:00+00:00,29799.080078125,1823.5693359375,300.5040588378906,0.3980849981307983,0.5527499914169312,40.26966857910156,0.081055998802185,0.0834740027785301,2.3288819789886475,0.601777970790863,9.47138500213623,62.96781921386719,23.800512313842773,1.0003809928894043,6.926414966583252,4.872470855712891,0.1370729953050613,1925.41650390625,0.0898720026016235,1.1000000085914508e-05,186.33226013183597,1628.0230414191153,25801.79037439188
2022-06-02 00:00:00+00:00,30467.48828125,1834.1505126953125,308.1017761230469,0.4053019881248474,0.5877950191497803,40.8913459777832,0.0827720016241073,0.0842190012335777,2.4971940517425537,0.6194149851799011,9.897680282592772,64.45135498046875,24.677284240722656,1.0000560283660889,7.20100212097168,4.919923782348633,0.1432079970836639,1931.6129150390625,0.0923769995570182,1.1000000085914508e-05,189.0033264160156,1661.3289405704945,26376.56988791943
2022-06-03 00:00:00+00:00,29704.390625,1775.07861328125,298.3978881835937,0.3907659947872162,0.5596579909324646,38.259220123291016,0.0804419964551925,0.0811439976096153,2.4721839427948,0.589917004108429,9.376930236816406,62.65926361083984,23.00544166564941,0.9998660087585448,6.862430095672607,4.868618011474609,0.1465229988098144,1865.5118408203125,0.0887290015816688,1.1000000085914508e-05,183.2595977783203,1617.956176606812,25714.088326569658
2022-06-04 00:00:00+00:00,29832.9140625,1801.6094970703125,301.6311340332031,0.3923090100288391,0.5660690069198608,38.93144607543945,0.0817769989371299,0.0803669989109039,2.4442970752716064,0.5956569910049438,9.43059253692627,63.74738311767578,24.53232955932617,1.0003440380096436,7.396090030670166,4.963696002960205,0.1434569954872131,1891.97216796875,0.0903209969401359,1.1000000085914508e-05,188.6269378662109,1627.197616470142,25827.594315088696
2022-06-05 00:00:00+00:00,29906.662109375,1805.2049560546875,298.9347229003906,0.3953799903392792,0.5670899748802185,38.48053359985352,0.0812290012836456,0.0814260020852088,2.552804946899414,0.5979499816894531,9.34499740600586,63.2078742980957,24.164182662963867,1.0000629425048828,7.636984825134277,5.07053279876709,0.1436959952116012,1900.6334228515625,0.0934650003910064,1.1000000085914508e-05,180.0278778076172,1630.7086337816838,25891.51508631731
2022-06-06 00:00:00+00:00,31370.671875,1859.2896728515625,295.3960266113281,0.4030109941959381,0.6093279719352722,42.43313217163086,0.0825299993157386,0.0817049965262413,2.5899369716644287,0.6325010061264038,9.492770195007324,64.41727447509766,25.98859214782715,0.9998729825019836,7.966335773468018,5.108333110809326,0.1449269950389862,1952.73046875,0.0967120006680488,1.1000000085914508e-05,185.79116821289065,1705.9488659151234,27154.39288454919
2022-06-07 00:00:00+00:00,31155.478515625,1814.04833984375,290.34112548828125,0.4077019989490509,0.6154450178146362,39.43757247924805,0.0805130004882812,0.0820130035281181,2.537554979324341,0.6166599988937378,9.228157043457031,63.90550994873047,24.63542938232422,0.9999359846115112,8.732022285461426,5.295543193817139,0.1405979990959167,1920.1549072265625,0.0909620001912117,1.1000000085914508e-05,182.37486267089844,1691.3906371509725,26965.059837664194
2022-06-08 00:00:00+00:00,30214.35546875,1793.572265625,288.6160888671875,0.4006479978561401,0.6416140198707581,38.84336853027344,0.0794389992952346,0.0806370005011558,2.520737886428833,0.607429027557373,9.003771781921387,61.54667663574219,24.500253677368164,1.000040054321289,8.71743106842041,5.346055030822754,0.1401560008525848,1878.7247314453125,0.0881000012159347,1.1000000085914508e-05,177.0389862060547,1643.134471886,26153.53052125802
2022-06-09 00:00:00+00:00,30111.998046875,1789.8260498046875,289.9196472167969,0.4003239870071411,0.6329200267791748,39.97260665893555,0.0793360024690628,0.0809760019183158,2.436384916305542,0.6336650252342224,9.23209285736084,60.21597290039063,24.410659790039062,1.0002000331878662,9.276540756225586,5.421284198760986,0.1399040073156356,1852.7999267578125,0.0867049992084503,1.1000000085914508e-05,175.6043701171875,1636.8651249491722,26063.895848183365
2022-06-10 00:00:00+00:00,29083.8046875,1665.042236328125,286.04669189453125,0.381736010313034,0.5742160081863403,37.08976745605469,0.0754539966583252,0.0789439976215362,2.2714390754699707,0.5949959754943848,8.652823448181152,56.65841674804688,22.07607078552246,0.9993789792060852,8.04669189453125,5.495643138885498,0.1331460028886795,1684.28173828125,0.0811609998345375,9.999999747378752e-06,167.9102020263672,1572.8712119308177,25163.973058157906
2022-06-11 00:00:00+00:00,28360.810546875,1529.6634521484375,269.48699951171875,0.3590250015258789,0.5527769923210144,33.82111740112305,0.0698949992656707,0.0759470015764236,2.1844570636749268,0.538565993309021,8.0161771774292,52.29166030883789,19.798967361450195,0.9997640252113342,7.016141891479492,5.499495029449463,0.1251039952039718,1581.909423828125,0.0778409987688064,9.000000318337698e-06,156.95407104492188,1525.2500684594681,24529.257329974433
2022-06-12 00:00:00+00:00,26762.6484375,1445.216552734375,255.9508819580078,0.3454900085926056,0.4968610107898712,30.74327087402344,0.0643360018730163,0.0764229968190193,2.0047409534454346,0.5019019842147827,7.450017929077148,48.22890472412109,17.387441635131836,0.999897003173828,6.341506004333496,5.50135612487793,0.1192869991064071,1495.3946533203125,0.0698790028691291,9.000000318337698e-06,147.1142120361328,1439.3645742762512,23147.259823842207
2022-06-13 00:00:00+00:00,22487.388671875,1204.582763671875,222.5057830810547,0.310802012681961,0.4631330072879791,28.19236183166504,0.0539209991693496,0.0637940019369125,1.6401300430297852,0.4278829991817474,7.01019811630249,43.30030059814453,16.019935607910156,1.000766038894653,5.887118816375732,5.288761138916016,0.1065199971199035,1243.3912353515625,0.065600000321865,7.999999979801942e-06,126.7068099975586,1209.2574522469517,19448.299268052117
2022-06-14 00:00:00+00:00,22206.79296875,1211.662841796875,223.22125244140625,0.3221429884433746,0.484385997056961,29.714618682861328,0.0555920004844665,0.0557859987020492,1.642348051071167,0.4157600104808807,7.365457057952881,46.13201522827149,16.54035186767578,1.0004019737243652,6.759265899658203,5.368481159210205,0.1129200011491775,1240.6351318359375,0.0674059987068176,7.999999979801942e-06,126.29086303710938,1196.4114285131798,19207.708834356243
2022-06-15 00:00:00+00:00,22572.83984375,1233.2064208984375,233.39671325683597,0.3437030017375946,0.5332959890365601,34.48794174194336,0.0630000010132789,0.0629329979419708,1.751528024673462,0.4377489984035492,8.510278701782227,50.49177169799805,18.21199607849121,1.0009779930114746,7.3247151374816895,4.996503829956055,0.1205269992351532,1240.3055419921875,0.0717979967594146,9.000000318337698e-06,127.5723876953125,1215.9871255134399,19523.221758372485
2022-06-16 00:00:00+00:00,20381.650390625,1067.730712890625,209.5387420654297,0.3120560050010681,0.4750219881534576,29.98974227905273,0.0550290010869503,0.0590899996459484,1.7738620042800903,0.3819270133972168,7.099977016448975,44.6997184753418,15.73227596282959,1.0001200437545776,6.336337089538574,4.993967056274414,0.1088569983839988,1076.8056640625,0.0651099979877471,7.999999979801942e-06,109.38005065917967,1093.2470790111386,17622.783169482344
2022-06-17 00:00:00+00:00,20471.482421875,1086.519287109375,215.8917999267578,0.321381002664566,0.4873920083045959,30.742919921875,0.0569950006902217,0.0598739981651306,1.8502310514450075,0.3998410105705261,7.294320106506348,47.68491363525391,16.00944709777832,1.000393986701965,6.363194942474365,5.0356059074401855,0.1120830029249191,1094.032958984375,0.0682189986109733,7.999999979801942e-06,120.93612670898438,1100.302353060757,17702.16760939459
2022-06-18 00:00:00+00:00,19017.642578125,993.6367797851562,197.04299926757807,0.3080900013446808,0.4561820030212402,31.80793571472168,0.0530119985342025,0.0609229989349842,1.7223060131072998,0.3466590046882629,7.05811882019043,47.247257232666016,14.841096878051758,1.0011940002441406,5.93533992767334,5.033898830413818,0.1078329980373382,999.2755126953124,0.062279999256134,7.999999979801942e-06,116.51904296875,1020.9599546315562,16443.10591676769
2022-06-19 00:00:00+00:00,20553.271484375,1127.656494140625,214.9205322265625,0.3260529935359955,0.4843640029430389,34.24374771118164,0.0603960007429122,0.0614949986338615,1.757912039756775,0.3831090033054352,7.516707897186279,54.32316589355469,16.18973731994629,1.0000649690628052,6.599023818969727,5.211949825286865,0.1145709976553917,1133.55615234375,0.0664710029959678,7.999999979801942e-06,120.19225311279295,1108.473128222547,17777.113482322635
2022-06-20 00:00:00+00:00,20599.537109375,1127.6424560546875,216.93426513671875,0.3233459889888763,0.492260992527008,35.4171142578125,0.0601769983768463,0.0611519999802112,1.7596310377120972,0.4007590115070343,7.886880874633789,52.90559387207031,17.137866973876953,1.0006990432739258,7.002992153167725,5.412367820739746,0.1131789982318878,1142.745361328125,0.0708459988236427,7.999999979801942e-06,118.97757720947266,1111.2324591964632,17817.378554183415
2022-06-21 00:00:00+00:00,20710.59765625,1124.8245849609375,219.4986267089844,0.3286260068416595,0.479203999042511,36.12115859985352,0.0655710026621818,0.0648460015654563,1.831426978111267,0.4188779890537262,7.742199897766113,53.5076789855957,16.85599708557129,0.9998419880867004,6.838943004608154,5.578676223754883,0.1141500025987625,1145.291015625,0.0733700022101402,1.1000000085914508e-05,118.88475799560548,1116.672248586088,17912.71701651614
2022-06-22 00:00:00+00:00,19987.029296875,1051.421875,214.2619171142578,0.3225849866867065,0.4585680067539215,34.12163543701172,0.0617109984159469,0.0631249994039535,1.7949930429458618,0.4565579891204834,7.408511161804199,52.10539245605469,16.07598876953125,0.999110996723175,6.633892059326172,5.81202507019043,0.1132880002260208,1072.0185546875,0.0701619982719421,9.999999747378752e-06,113.30838775634766,1074.5017898764559,17282.950021801786
2022-06-23 00:00:00+00:00,21085.876953125,1143.38671875,228.9537506103516,0.3355309963226318,0.4802919924259186,38.17523193359375,0.0640320032835006,0.0637470036745071,1.869671940803528,0.5614690184593201,7.787092208862305,55.76283264160156,18.2900505065918,1.0005580186843872,7.001298904418945,5.814560890197754,0.1179919987916946,1172.415283203125,0.073241002857685,9.999999747378752e-06,116.16727447509766,1137.3427424392448,18237.575999833574
2022-06-24 00:00:00+00:00,21231.65625,1226.8447265625,240.23831176757807,0.367587000131607,0.4992240071296692,42.2120475769043,0.0671240016818046,0.0659009963274002,1.9425820112228396,0.6122009754180908,8.205907821655273,55.99228286743164,20.54885482788086,1.0003869533538818,7.2897748947143555,5.843570232391357,0.1278460025787353,1268.430419921875,0.0739170014858245,1.1000000085914508e-05,114.53982543945312,1153.6456548505578,18373.326560477733
2022-06-25 00:00:00+00:00,21502.337890625,1243.4468994140625,239.69065856933597,0.3675560057163238,0.4989460110664367,42.33281326293945,0.0685029998421669,0.0649140030145645,1.930899977684021,0.6004760265350342,8.1337308883667,58.96992874145508,21.366357803344727,1.0008970499038696,7.271408081054687,5.891125202178955,0.1269019991159439,1290.9185791015625,0.0743059962987899,1.2000000424450263e-05,115.27176666259766,1168.5887890676702,18607.975568121452
2022-06-26 00:00:00+00:00,21027.294921875,1199.8316650390625,233.85874938964844,0.3588640093803406,0.4896529912948608,39.40808868408203,0.0731770023703575,0.0649639964103698,1.8534150123596191,0.5607240200042725,7.835564136505127,56.87614440917969,19.692432403564453,0.9996039867401124,6.745378017425537,5.907211780548096,0.1202189996838569,1247.10107421875,0.0687680020928382,1.1000000085914508e-05,113.07980346679688,1141.058115830519,18195.024351337215
2022-06-27 00:00:00+00:00,20735.478515625,1193.6806640625,233.65402221679688,0.3532350063323974,0.4857900142669678,38.45125198364258,0.0722389966249466,0.0670719966292381,1.900267004966736,0.5327320098876953,7.744108200073242,55.92555618286133,19.31756591796875,0.999234974384308,6.558154106140137,5.757041931152344,0.118988998234272,1238.88134765625,0.0700720027089119,1.1000000085914508e-05,111.42684936523438,1126.2607009167455,17943.68018596076
2022-06-28 00:00:00+00:00,20280.634765625,1144.5792236328125,226.9273376464844,0.3373290002346039,0.4696710109710693,35.326438903808594,0.0659570023417472,0.0660379976034164,1.857682943344116,0.5111070275306702,7.310051918029785,52.81161117553711,18.120983123779297,0.9998909831047058,6.322357177734375,5.7447919845581055,0.1144419983029365,1182.6497802734375,0.0658930018544197,9.999999747378752e-06,103.1723175048828,1098.4803657110167,17546.938120931358
2022-06-29 00:00:00+00:00,20104.0234375,1098.94384765625,219.2844696044922,0.3289780020713806,0.4655089974403381,33.8739013671875,0.0694679990410804,0.0648299977183342,1.812332034111023,0.4952319860458374,7.009116172790527,53.42253875732422,17.5980167388916,1.0003479719161987,6.2102251052856445,5.909609794616699,0.1098119989037513,1132.35400390625,0.0645459964871406,9.999999747378752e-06,104.40489959716795,1085.1164348182854,17389.66835455564
2022-06-30 00:00:00+00:00,19784.7265625,1067.298828125,219.3000946044922,0.3314479887485504,0.4588490128517151,33.588417053222656,0.0660860016942024,0.0647550001740455,1.738232970237732,0.4773710072040558,7.039863109588623,53.64842987060547,16.929367065429688,1.000162959098816,6.252963066101074,5.77014684677124,0.1119510009884834,1105.1739501953125,0.0632380023598671,9.999999747378752e-06,102.73477935791016,1066.9893097970375,17112.14437612231
2022-07-01 00:00:00+00:00,19269.3671875,1059.767333984375,216.0154571533203,0.3136770129203796,0.4480890035629272,32.803070068359375,0.0661749988794326,0.0649439990520477,1.7423460483551023,0.4612370133399963,6.729926109313965,51.11524200439453,16.085920333862305,0.999970018863678,6.069790840148926,5.784558773040772,0.1093579977750778,1097.8203125,0.0615460015833377,9.999999747378752e-06,101.41802215576172,1041.2973415960432,16668.876538894907
2022-07-02 00:00:00+00:00,19242.255859375,1066.5128173828125,218.0352325439453,0.3155789971351623,0.4563510119915008,33.35940933227539,0.0666979998350143,0.0647659972310066,1.843793988227844,0.4930419921875,6.825884819030762,50.48544692993164,16.336135864257812,1.0001239776611328,6.2256269454956055,5.724213123321533,0.1086499989032745,1104.744873046875,0.063399001955986,9.999999747378752e-06,106.48081970214844,1041.0189872395345,16646.471846303648
2022-07-03 00:00:00+00:00,19297.076171875,1073.7669677734375,218.98031616210935,0.3217029869556427,0.4555869996547699,33.38593292236328,0.0671790018677711,0.0662460029125213,1.9130710363388064,0.4606389999389648,6.843846797943115,50.97217559814453,16.660402297973633,1.0002180337905884,6.2058610916137695,5.72748613357544,0.1089479997754097,1116.0628662109375,0.0623859986662864,9.999999747378752e-06,105.5800552368164,1044.5580032933244,16694.620826047478
2022-07-04 00:00:00+00:00,20231.26171875,1151.05908203125,231.5741271972656,0.328790009021759,0.4696440100669861,36.78503036499024,0.069472000002861,0.0672380030155181,1.843546986579895,0.4915930032730102,7.173793792724609,52.24381637573242,17.939966201782227,1.0007879734039309,6.431877136230469,5.739130020141602,0.1111840009689331,1198.4866943359375,0.0637129992246627,9.999999747378752e-06,108.13239288330078,1097.6796956226149,17505.965149704505
2022-07-05 00:00:00+00:00,20190.115234375,1134.541015625,230.8463592529297,0.325423002243042,0.4576320052146911,35.39555358886719,0.0671550035476684,0.0681940019130706,1.7614669799804688,0.5117179751396179,6.8494181632995605,49.83059310913086,18.06472969055176,0.9998769760131836,6.321958065032959,5.736900806427002,0.1080709993839263,1183.659912109375,0.0617070011794567,9.999999747378752e-06,104.31560516357422,1093.8113587568478,17468.758538634112
2022-07-06 00:00:00+00:00,20548.24609375,1186.9739990234375,238.49993896484372,0.3322719931602478,0.4621790051460266,37.07356262207031,0.068582996726036,0.0675859972834587,1.788741946220398,0.5252649784088135,6.9299798011779785,50.361087799072266,19.147266387939453,1.0006979703903198,6.338929176330566,5.817660808563232,0.1093709990382194,1246.5830078125,0.062558002769947,9.999999747378752e-06,106.16500854492188,1116.9787523133334,17783.014439309005
2022-07-07 00:00:00+00:00,21637.587890625,1237.5933837890625,241.5445098876953,0.3421509861946106,0.4778119921684265,38.51830673217773,0.0706209987401962,0.0686440020799636,1.8334360122680664,0.5625439882278442,7.310357093811035,52.14289474487305,20.23383903503418,1.0004299879074097,6.641354084014893,5.803749084472656,0.1139549985527992,1301.7847900390625,0.0648540034890174,1.1000000085914508e-05,111.64202880859376,1174.5398838996869,18724.329642865287
2022-07-08 00:00:00+00:00,21731.1171875,1222.5062255859375,240.75071716308597,0.3416279852390289,0.4673109948635101,38.286720275878906,0.0692569985985755,0.069021999835968,1.8651460409164429,0.6062650084495544,7.071249961853027,51.5649528503418,19.79790687561035,0.9995909929275512,6.379156112670898,5.706827163696289,0.1133240014314651,1289.9847412109375,0.0642530024051666,1.1000000085914508e-05,109.0074234008789,1177.4651864821694,18803.00179602853
2022-07-09 00:00:00+00:00,21592.20703125,1216.978271484375,243.24107360839844,0.3449519872665405,0.4787600040435791,38.07196044921875,0.0695120021700859,0.0698330029845237,1.8880109786987305,0.5895839929580688,7.261516094207764,54.16061782836914,19.91847801208496,0.9997360110282898,6.503009796142578,5.6976728439331055,0.1128109991550445,1277.217041015625,0.0691680014133453,1.2000000424450263e-05,111.57935333251952,1170.3551621283139,18682.736902190114
2022-07-10 00:00:00+00:00,20860.44921875,1168.401611328125,234.65557861328125,0.3256630003452301,0.4632200002670288,36.69760894775391,0.0672629997134208,0.0676470026373863,1.87643301486969,0.5712680220603943,6.858699798583984,52.16814041137695,19.15205383300781,0.9995089769363404,6.201322078704834,5.638490200042725,0.107412002980709,1225.3153076171875,0.0650350004434585,1.1000000085914508e-05,107.04318237304688,1129.8630797605413,18048.632509844443
2022-07-11 00:00:00+00:00,19970.556640625,1097.236572265625,225.85850524902344,0.3142969906330108,0.4355199933052063,33.463600158691406,0.0618470013141632,0.0647180005908012,1.753909945487976,0.5635250210762024,6.536404132843018,48.77458953857422,17.374582290649414,0.9994800090789796,6.044690132141113,5.371984958648682,0.1014330014586448,1152.6600341796875,0.060793001204729,9.999999747378752e-06,99.30374908447266,1079.4065183609289,17276.21377082838
2022-07-12 00:00:00+00:00,19323.9140625,1038.191650390625,220.4645538330078,0.3116590082645416,0.417928010225296,32.75759506225586,0.0600869990885257,0.0646440014243125,1.6958880424499512,0.5398619771003723,6.298569202423096,47.54238510131836,16.84541130065918,0.999197006225586,5.968434810638428,5.358458042144775,0.1005470007658004,1080.1837158203125,0.0595870018005371,9.999999747378752e-06,97.541748046875,1041.872190150362,16713.384320964997
2022-07-13 00:00:00+00:00,20212.07421875,1113.587158203125,230.52476501464844,0.3237299919128418,0.4381079971790313,34.91093826293945,0.0619530007243156,0.0662430003285408,1.7592259645462036,0.6359469890594482,6.469764232635498,49.56312561035156,18.80950355529785,1.0009939670562744,6.177943229675293,5.2995429039001465,0.1054050028324127,1156.7105712890625,0.0631690025329589,1.1000000085914508e-05,102.34386444091795,1092.4250562575585,17484.76457713356
2022-07-14 00:00:00+00:00,20569.919921875,1191.5262451171875,238.1644744873047,0.3332209885120392,0.4410249888896942,37.10782241821289,0.0623940005898475,0.0668819993734359,1.7664480209350586,0.7075889706611633,6.718585968017578,51.21880722045898,19.72987365722656,0.9997900128364564,6.268181800842285,5.384328842163086,0.1069850027561187,1239.4853515625,0.0640150010585784,1.1000000085914508e-05,103.00496673583984,1117.7655676033507,17801.42145629213
2022-07-15 00:00:00+00:00,20836.328125,1233.129150390625,238.5739898681641,0.334535002708435,0.4424560070037842,37.41592788696289,0.0630419999361038,0.0670709982514381,1.825382947921753,0.7046700119972229,6.805499076843262,51.79806518554688,19.38603782653809,0.999974012374878,6.327785015106201,5.293519973754883,0.1074889972805976,1286.2711181640625,0.0652339980006218,1.1000000085914508e-05,106.08636474609376,1134.8583546718653,18035.315960499465
2022-07-16 00:00:00+00:00,21190.31640625,1352.62646484375,249.5938720703125,0.3508610129356384,0.4572300016880035,39.57412338256836,0.0642800033092498,0.0688970014452934,1.8376319408416748,0.726830005645752,7.175996780395508,55.12516403198242,21.21149253845215,0.9999600052833556,6.577694892883301,5.408201217651367,0.1094300001859664,1414.502197265625,0.0664319992065429,1.1000000085914508e-05,109.59832763671876,1164.5900716133754,18353.8297152916
2022-07-17 00:00:00+00:00,20779.34375,1338.6357421875,247.84848022460935,0.3434120118618011,0.4473530054092407,38.64472198486328,0.0631069988012313,0.0674270018935203,1.800603985786438,0.753013014793396,6.923593044281006,55.72135162353516,20.605005264282227,0.9993429780006408,6.348729133605957,5.241660118103027,0.1065099984407424,1409.099609375,0.064920999109745,1.1000000085914508e-05,110.63470458984376,1143.9853832637962,17999.95030207634
2022-07-18 00:00:00+00:00,22485.689453125,1578.7178955078125,264.88604736328125,0.3661769926548004,0.4925430119037628,43.74615859985352,0.0677149966359138,0.0690779983997345,1.8836050033569336,0.9617800116539,7.684226989746094,58.62628936767578,24.08971405029297,1.0005769729614258,7.059539794921875,5.422098159790039,0.1144630014896392,1648.709228515625,0.0708850026130676,1.2000000424450263e-05,121.6329116821289,1250.0614475308475,19492.952966348465
2022-07-19 00:00:00+00:00,23389.43359375,1542.9752197265625,268.8173217773437,0.3732250034809112,0.5157679915428162,44.89987564086914,0.0690129995346069,0.069141998887062,1.9877619743347168,0.9257910251617432,7.802577972412109,57.98419952392578,24.737207412719727,1.0001230239868164,7.256052017211914,5.308946132659912,0.1186520010232925,1627.9967041015625,0.0735040009021759,1.2000000424450263e-05,128.44296264648438,1290.9898882247908,20265.469399718306
2022-07-20 00:00:00+00:00,23231.732421875,1520.20068359375,258.3388061523437,0.3604840040206909,0.4910430014133453,42.09366989135742,0.0701199993491172,0.0676050037145614,1.9080959558486936,0.8327580094337463,7.464480876922607,57.23776626586914,23.59771728515625,0.9991480112075806,6.872341156005859,5.224492073059082,0.1119619980454444,1609.3021240234375,0.0705389976501464,1.2000000424450263e-05,121.8243637084961,1280.4190778039087,20127.53406329453
2022-07-21 00:00:00+00:00,23164.62890625,1576.74951171875,265.4625549316406,0.3670360147953033,0.5000979900360107,43.19059371948242,0.0699599981307983,0.0680319964885711,1.9249969720840452,0.907405972480774,7.529248237609863,58.09982299804688,25.04392433166504,0.9999960064888,6.9986982345581055,5.362557888031006,0.113546997308731,1665.24658203125,0.0713300034403801,1.2000000424450263e-05,122.982177734375,1283.1579520012697,20076.603893050742
2022-07-22 00:00:00+00:00,22714.978515625,1537.4051513671875,262.87744140625,0.3586040139198303,0.4839459955692291,40.61850357055664,0.067562997341156,0.0670540034770965,1.9304200410842896,0.8534409999847412,7.309357166290283,56.17611312866211,23.715850830078125,0.9999489784240724,6.8113532066345215,5.387824058532715,0.1119519993662834,1621.98779296875,0.0697249993681907,1.2000000424450263e-05,123.50938415527344,1257.415235881512,19685.777103227672
2022-07-23 00:00:00+00:00,22465.478515625,1549.2974853515625,259.4630126953125,0.3595409989356994,0.5173680186271667,40.040977478027344,0.0681240037083625,0.0669590011239051,1.9190330505371092,0.875423014163971,7.331504821777344,56.42631912231445,23.646005630493164,1.000154972076416,6.857292175292969,5.21967887878418,0.1116089969873428,1638.0318603515625,0.0687199980020523,1.2000000424450263e-05,122.71155548095705,1246.6424357935832,19473.236120668647
2022-07-24 00:00:00+00:00,22609.1640625,1599.4766845703125,261.8648681640625,0.3592599928379059,0.5138139724731445,41.00658416748047,0.0677239969372749,0.0669440031051635,1.9150400161743164,0.881263017654419,7.413887023925781,58.48570251464844,23.86612319946289,0.9997869729995728,7.106037139892578,5.201251029968262,0.113426998257637,1695.2979736328125,0.0722699984908104,1.2000000424450263e-05,132.38540649414062,1259.3456248288398,19602.99955978948
2022-07-25 00:00:00+00:00,21361.701171875,1445.3834228515625,245.14849853515625,0.3373149931430816,0.4762499928474426,36.71199798583984,0.0623060017824173,0.0638549998402595,1.8112280368804927,0.7757260203361511,6.769231796264648,54.36627578735352,20.97567749023437,0.9993450045585632,6.465126037597656,5.055384159088135,0.1061950027942657,1530.2733154296875,0.0654970034956932,1.1000000085914508e-05,119.32747650146484,1182.708347928806,18513.255735617746
2022-07-26 00:00:00+00:00,21239.75390625,1441.8067626953125,248.9583740234375,0.3378159999847412,0.4676069915294647,36.19085311889648,0.0625120028853416,0.0653389990329742,1.8072760105133057,0.7802429795265198,6.766584873199463,53.7901725769043,20.668285369873047,1.0005700588226318,6.341288089752197,5.083974838256836,0.1054610013961792,1519.51513671875,0.0656879991292953,1.1000000085914508e-05,118.63275146484376,1176.2952672886688,18407.749973008828
2022-07-27 00:00:00+00:00,22930.548828125,1636.232666015625,271.5043640136719,0.3591180145740509,0.5105530023574829,40.3078498840332,0.0670209974050521,0.0686649978160858,1.8916150331497192,0.8956959843635559,7.666439056396484,58.95100402832031,23.418182373046875,0.9999619722366332,6.855407238006592,5.181502819061279,0.1124619990587234,1731.224609375,0.0704469978809356,1.1000000085914508e-05,127.09396362304688,1278.2838269785739,19883.13194470544
2022-07-28 00:00:00+00:00,23843.88671875,1725.4681396484375,277.2939147949219,0.3733760118484497,0.5133280158042908,42.84526824951172,0.0691080018877983,0.0697560012340545,1.954401969909668,0.9361129999160768,7.861245155334473,63.46399688720703,24.237096786499023,0.9990209937095642,7.219182014465332,5.317829132080078,0.1166659966111183,1814.9495849609373,0.0723280012607574,1.2000000424450263e-05,154.74412536621094,1332.0186291303708,20677.548030251968
2022-07-29 00:00:00+00:00,23804.6328125,1727.406982421875,293.9533386230469,0.3686749935150146,0.5233349800109863,41.92699813842773,0.0689089968800544,0.0692899972200393,1.9505319595336916,0.9387419819831848,8.185586929321289,60.92249298095703,24.522363662719727,0.999119997024536,7.912095069885254,5.167405128479004,0.1177830025553703,1813.6884765625,0.071832001209259,1.2000000424450263e-05,152.3015899658203,1330.7489700901413,20643.9743688678
2022-07-30 00:00:00+00:00,23656.20703125,1695.969482421875,287.5361328125,0.3877640068531036,0.5255759954452515,43.755889892578125,0.069643996655941,0.069142997264862,1.975234031677246,0.9296129941940308,8.208561897277832,60.44015121459961,24.228477478027344,0.9993690252304076,7.80338716506958,5.0520501136779785,0.1193659976124763,1778.5406494140625,0.0727880001068115,1.2000000424450263e-05,145.0458526611328,1319.9017226364685,20512.551212300732
2022-07-31 00:00:00+00:00,23336.896484375,1681.517333984375,283.5794677734375,0.3804579973220825,0.5170199871063232,42.400203704833984,0.0682720020413398,0.0689430013298988,2.052406072616577,0.9282649755477904,8.645670890808105,59.90950775146485,23.74578285217285,0.9991009831428528,7.666137218475342,5.002699851989746,0.1177870035171508,1770.65234375,0.0759560018777847,1.2000000424450263e-05,139.98597717285156,1303.1052299690434,20237.093671744446
2022-08-01 00:00:00+00:00,23314.19921875,1635.19580078125,283.5394897460937,0.3799760043621063,0.5141230225563049,41.78648376464844,0.0687249973416328,0.0699369981884956,2.1716339588165283,0.8944060206413269,8.194031715393066,59.53544616699219,23.65823554992676,1.0000669956207275,7.58688497543335,5.1736931800842285,0.1185799986124038,1716.676025390625,0.0769219994544982,1.2000000424450263e-05,138.21359252929688,1297.09777545454,20211.696086229967
2022-08-02 00:00:00+00:00,22978.1171875,1632.9454345703125,283.82098388671875,0.3720209896564483,0.4968329966068268,39.7545051574707,0.0666939988732338,0.0683730021119117,2.0455610752105717,0.8791570067405701,7.938991069793701,58.24385452270508,22.86105728149414,0.9996740221977234,7.208191871643066,5.033902168273926,0.1151729971170425,1723.2733154296875,0.0728859975934028,1.2000000424450263e-05,134.04917907714844,1280.8744279343503,19923.445807964603
2022-08-03 00:00:00+00:00,22846.5078125,1618.87451171875,298.3567810058594,0.3698520064353943,0.5009880065917969,38.54441833496094,0.0661950036883354,0.0678249970078468,2.074846029281616,0.8876979947090149,8.00753116607666,57.80519104003906,23.071916580200195,0.9996640086174012,7.286331176757812,5.000692844390869,0.1141859963536262,1703.858154296875,0.0708509981632232,1.2000000424450263e-05,134.50466918945312,1273.6652441378196,19808.611449495285
2022-08-04 00:00:00+00:00,22630.95703125,1608.205810546875,310.7060546875,0.3713510036468506,0.4996680021286011,38.83067321777344,0.0673570036888122,0.0689439997076988,2.1004769802093506,0.8918799757957458,8.089339256286621,59.848575592041016,23.375619888305664,1.0001709461212158,7.356004238128662,5.004549026489258,0.1139120012521743,1692.531982421875,0.0721359997987747,1.2000000424450263e-05,134.64825439453125,1263.0828477348646,19622.4010095909
2022-08-05 00:00:00+00:00,23289.314453125,1732.254638671875,315.185546875,0.376594990491867,0.517503023147583,40.561031341552734,0.0697650015354156,0.0698280036449432,2.146375894546509,0.9276589751243592,8.813465118408203,62.40127182006836,24.94952774047852,1.000417947769165,7.864570140838623,4.936560153961182,0.1182740032672882,1807.79638671875,0.0759119987487793,1.2000000424450263e-05,141.2279815673828,1306.6956083386472,20201.626281709847
2022-08-06 00:00:00+00:00,22961.279296875,1691.6580810546875,315.06890869140625,0.3715710043907165,0.5112559795379639,40.0570068359375,0.0686739981174469,0.069472000002861,2.15474009513855,0.9073359966278076,8.516014099121094,60.91834259033203,26.659427642822266,0.999405026435852,7.802283763885498,4.930630207061768,0.1217230036854744,1771.4493408203125,0.0768859982490539,1.2000000424450263e-05,141.84368896484375,1287.403052221314,19915.55678086715
2022-08-07 00:00:00+00:00,23175.890625,1699.350830078125,322.921142578125,0.3725059926509857,0.5274699926376343,40.6055908203125,0.0689399987459182,0.0696329995989799,2.158607006072998,0.906690001487732,8.646408081054688,61.1023063659668,27.889965057373047,0.999114990234375,8.307045936584473,4.892917156219482,0.1236860007047653,1773.1734619140625,0.0769269987940788,1.2000000424450263e-05,141.35702514648438,1298.5448049578683,20100.361753425783
2022-08-08 00:00:00+00:00,23809.486328125,1775.51611328125,324.8004150390625,0.3787539899349212,0.5365960001945496,42.17055130004883,0.0700550004839897,0.0701100006699562,2.1855080127716064,0.9215499758720398,9.268288612365724,62.59212875366211,27.94895362854004,0.9997259974479676,8.645899772644043,4.790863037109375,0.1301079988479614,1853.00341796875,0.0800750032067298,1.2000000424450263e-05,143.53553771972656,1336.5300472008375,20653.396708562195
2022-08-09 00:00:00+00:00,23164.318359375,1703.0250244140625,324.9123229980469,0.3681010007858276,0.5140519738197327,40.37262344360352,0.0691249966621398,0.0684740021824836,2.0866260528564453,0.8905079960823059,8.906953811645508,59.2599983215332,27.420223236083984,1.000370979309082,8.758238792419434,4.941009044647217,0.1222449988126754,1776.1322021484375,0.0745690017938613,1.2000000424450263e-05,134.7403106689453,1297.999111869368,20090.760404908087
2022-08-10 00:00:00+00:00,23947.642578125,1851.74267578125,328.4711608886719,0.3810650110244751,0.5370929837226868,42.365867614746094,0.0711949989199638,0.070321999490261,2.1991069316864014,0.9373279809951782,9.502070426940918,61.603851318359375,29.1173095703125,1.0002720355987549,9.055891036987305,4.707979202270508,0.1257299929857254,1934.51806640625,0.0785669982433319,1.2000000424450263e-05,142.0718994140625,1350.771430510358,20781.253023156245
2022-08-11 00:00:00+00:00,23957.529296875,1881.22412109375,323.8002319335937,0.3805629909038543,0.5312579870223999,42.8217887878418,0.0709299966692924,0.0703309997916221,2.3020548820495605,0.9214040040969848,9.208972930908203,61.90461349487305,28.55514335632324,0.9995539784431458,8.965302467346191,4.691320896148682,0.1253619939088821,1972.571533203125,0.0809319987893104,1.2000000424450263e-05,142.97476196289062,1354.272832753975,20793.69093826984
2022-08-12 00:00:00+00:00,24402.818359375,1957.2464599609373,327.5146789550781,0.3799949884414673,0.5407530069351196,45.33475875854492,0.0723450034856796,0.0704509988427162,2.324686050415039,0.933907985687256,9.479537010192873,62.932228088378906,29.343828201293945,0.999746024608612,9.333063125610352,4.776297092437744,0.1263210028409958,2047.1820068359373,0.0828770026564598,1.2999999853491316e-05,143.0982208251953,1383.0757396805961,21184.7690010552
2022-08-13 00:00:00+00:00,24424.068359375,1981.3365478515625,323.8701477050781,0.3779639899730682,0.5598130226135254,46.485347747802734,0.0728399977087974,0.0699039995670318,2.3838040828704834,1.0248470306396484,9.290427207946776,63.7535285949707,29.10846900939941,0.9996100068092346,9.13301944732666,4.8811869621276855,0.1266790032386779,2087.10009765625,0.0811489969491958,1.2999999853491316e-05,144.31005859375,1387.096848251504,21206.777579100675
2022-08-14 00:00:00+00:00,24319.333984375,1936.802001953125,317.98663330078125,0.3764509856700897,0.570343017578125,44.91656875610352,0.0816870033740997,0.0703999996185302,2.344871997833252,1.0009089708328247,8.958501815795898,63.30875778198242,28.215635299682617,0.999426007270813,8.774847984313965,5.110036849975586,0.1256050020456314,2038.06494140625,0.0789579972624778,1.700000029813964e-05,139.5986785888672,1376.986631242541,21111.291265390377
2022-08-15 00:00:00+00:00,24136.97265625,1904.2281494140625,319.8872985839844,0.3757739961147308,0.5511710047721863,43.82322311401367,0.0767199993133544,0.0689359977841377,2.2968270778656006,0.9520350098609924,8.80242919921875,60.82551574707031,27.92951011657715,0.999563992023468,8.659610748291016,5.361138820648193,0.1235079988837242,2000.3968505859373,0.0778419971466064,1.4999999621068127e-05,137.51512145996094,1364.758280767311,20950.619419598326
2022-08-16 00:00:00+00:00,23883.291015625,1878.139404296875,316.4236755371094,0.3772369921207428,0.5579149723052979,43.15880584716797,0.0869639962911605,0.0697159990668296,2.2212069034576416,0.9357960224151612,8.842569351196289,61.34233856201172,27.16270446777344,0.9998459815979004,8.466906547546387,5.2156901359558105,0.1219519972801208,1975.40966796875,0.0769309997558593,1.5999999959603883e-05,136.57183837890625,1349.9748665039324,20729.847271139763
2022-08-17 00:00:00+00:00,23335.998046875,1832.9996337890625,306.63641357421875,0.379707008600235,0.5370380282402039,40.403053283691406,0.080154001712799,0.0682189986109733,2.1472299098968506,0.8831790089607239,8.359841346740723,60.3741569519043,25.48673820495605,0.999446988105774,8.04944133758545,5.281216144561768,0.1210940033197403,1932.355712890625,0.0734660029411315,1.4999999621068127e-05,133.74916076660156,1318.8087125769207,20254.81002882344
2022-08-18 00:00:00+00:00,23212.73828125,1847.0078125,298.1412353515625,0.3709650039672851,0.5126330256462097,39.54523086547852,0.0750790014863014,0.0674429982900619,2.1926279067993164,0.8596519827842712,8.09457015991211,60.04568862915039,24.25769805908203,0.9986600279808044,7.6731181144714355,5.309181213378906,0.1159809976816177,1946.9041748046875,0.0706930011510849,1.4000000192027072e-05,129.26272583007812,1313.5354030820756,20150.580736515596
2022-08-19 00:00:00+00:00,20877.552734375,1612.9873046875,279.7187194824219,0.3350490033626556,0.450980007648468,35.8902587890625,0.0679389983415603,0.064081996679306,1.8956539630889893,0.7721350193023682,7.325466156005859,54.0316276550293,22.48787879943848,0.9989290237426758,6.907883167266846,5.197970867156982,0.108142003417015,1699.4080810546875,0.0653460025787353,1.2999999853491316e-05,114.59532928466795,1177.183882063638,18117.649351807497
2022-08-20 00:00:00+00:00,21166.060546875,1577.0037841796875,283.6931457519531,0.3375410139560699,0.4513880014419555,35.26973342895508,0.0695400014519691,0.0657889991998672,1.9136509895324707,0.7868880033493042,7.233099937438965,54.18755340576172,22.302879333496094,1.0006190538406372,6.905580997467041,5.063648223876953,0.1092450022697448,1657.62939453125,0.0676980018615722,1.2999999853491316e-05,114.68006896972656,1187.3729432238817,18360.74124212534
2022-08-21 00:00:00+00:00,21534.12109375,1619.3189697265625,302.0562744140625,0.3453019857406616,0.4635460078716278,36.533199310302734,0.0694480016827583,0.0659829974174499,1.932692050933838,0.8202160000801086,7.438866138458252,55.49202728271485,22.977310180664062,0.9997310042381288,7.087409019470215,5.110690116882324,0.1110970005393028,1706.0023193359375,0.0692469999194145,1.2999999853491316e-05,119.31036376953124,1210.4917046710957,18682.169545861256
2022-08-22 00:00:00+00:00,21398.908203125,1622.505859375,300.5591125488281,0.3447209894657135,0.4614459872245788,35.47438049316406,0.0683910027146339,0.0655599981546402,1.8704429864883425,0.8103410005569458,7.401978969573975,57.25567626953125,22.58142471313477,1.0002939701080322,7.034696102142334,5.092702865600586,0.1095720008015632,1708.2978515625,0.0664110034704208,1.2999999853491316e-05,122.85778045654295,1204.4174694485716,18566.45870058539
2022-08-23 00:00:00+00:00,21528.087890625,1662.7698974609375,299.0299377441406,0.3470920026302337,0.4652070105075836,35.6462516784668,0.0687699988484382,0.0662579983472824,1.8816109895706177,0.831794023513794,7.638373851776123,57.07943344116211,23.52440071105957,0.9998959898948668,7.244895935058594,5.351366996765137,0.1108060032129287,1751.750732421875,0.0670780017971992,1.2999999853491316e-05,133.4949188232422,1215.0693630813241,18682.34797108594
2022-08-24 00:00:00+00:00,21395.01953125,1657.0592041015625,296.4496765136719,0.3461450040340423,0.4581089913845062,34.957916259765625,0.0679899975657463,0.0648529976606369,1.8702789545059204,0.8135910034179688,7.572387218475342,56.47816848754883,23.024131774902344,0.9994980096817015,7.135585784912109,5.312732219696045,0.1094390004873275,1752.2965087890625,0.067501001060009,1.2999999853491316e-05,131.21229553222656,1208.1578836138867,18567.79293166797
2022-08-25 00:00:00+00:00,21600.904296875,1696.45703125,301.5836486816406,0.349496990442276,0.4649989902973175,35.316463470458984,0.0690940022468566,0.0655020028352737,1.9174000024795528,0.8187280297279358,7.587152004241943,56.79257583618164,23.02031707763672,1.000223994255066,7.133749008178711,5.160337924957275,0.1103539988398552,1791.364501953125,0.0696180015802383,1.4000000192027072e-05,130.68069458007812,1221.9460094606764,18749.145677966546
2022-08-26 00:00:00+00:00,20260.01953125,1507.7828369140625,279.5981750488281,0.3383699953556061,0.4308629930019378,31.726362228393555,0.063571996986866,0.0616480000317096,1.772940993309021,0.7637230157852173,6.923963069915772,52.74444961547852,20.59803009033203,0.9993500113487244,6.486523151397705,5.148438930511475,0.1037999987602233,1588.2906494140625,0.0625730007886886,1.2000000424450263e-05,116.28633880615234,1137.1524833583096,17574.90136113347
2022-08-27 00:00:00+00:00,20041.73828125,1491.39501953125,277.80157470703125,0.3353469967842102,0.4497030079364776,31.54243278503418,0.0635870024561882,0.062899999320507,1.8252019882202148,0.8053479790687561,7.048661231994629,53.05023956298828,20.0777587890625,1.0001569986343384,6.537517070770264,5.145065784454346,0.1055480018258094,1567.9412841796875,0.0629310011863708,1.2000000424450263e-05,115.35123443603516,1124.8733240144638,17385.361184636826
2022-08-28 00:00:00+00:00,19616.814453125,1430.54736328125,276.2508850097656,0.3230949938297272,0.4300490021705627,30.39228630065918,0.0617859996855258,0.0614710003137588,1.7430059909820557,0.7842509746551514,6.84318208694458,53.61201858520508,18.430381774902344,0.9987019896507264,6.263700008392334,5.15841817855835,0.1028530001640319,1508.74462890625,0.0625239983201026,1.2000000424450263e-05,113.46882629394533,1098.623518690507,17013.563243080986
2022-08-29 00:00:00+00:00,20297.994140625,1553.037353515625,286.2214050292969,0.3337970077991485,0.4507029950618744,32.46529769897461,0.0638870000839233,0.0633609965443611,1.7777400016784668,0.8174030184745789,7.28245210647583,55.77189254760742,19.34901428222656,0.9999179840087892,6.703226089477539,5.267136096954346,0.1058660000562667,1633.4697265625,0.0659020021557807,1.2000000424450263e-05,119.61377716064452,1143.8978100343165,17612.890030619583
2022-08-30 00:00:00+00:00,19796.80859375,1523.8388671875,281.42535400390625,0.3268690109252929,0.4521690011024475,31.41205596923828,0.061524998396635,0.0646959990262985,1.7847009897232056,0.8145359754562378,7.003430843353272,53.05681228637695,19.34550666809082,0.9990910291671752,6.557106971740723,5.367693901062012,0.1024219989776611,1607.840087890625,0.0634419992566108,1.2000000424450263e-05,114.65457916259766,1116.7609310303105,17179.403006533626
2022-08-31 00:00:00+00:00,20049.763671875,1553.6849365234375,279.23809814453125,0.3278700113296509,0.4466649889945984,31.47295570373535,0.0613300018012523,0.0634069964289665,1.7980259656906128,0.8318210244178772,7.026895046234131,53.85666275024414,19.12833976745605,0.9996399879455566,6.630672931671143,5.777228832244873,0.1042760014533996,1636.5179443359375,0.0631040036678314,1.2000000424450263e-05,115.3424072265625,1131.5779030532753,17399.947638439724
2022-09-01 00:00:00+00:00,20127.140625,1586.1767578125,278.417236328125,0.3331939876079559,0.4574809968471527,31.585678100585938,0.0623719990253448,0.0632499977946281,1.759992003440857,0.8854309916496277,7.186677932739258,57.52796936035156,19.306751251220703,0.9998170137405396,6.895674228668213,5.552080154418945,0.1050089970231056,1668.8055419921875,0.0634049996733665,1.2000000424450263e-05,116.7077178955078,1138.5729844306243,17470.181581271343
2022-09-02 00:00:00+00:00,19969.771484375,1577.220458984375,277.4161071777344,0.33125901222229,0.4545589983463287,31.227930068969727,0.061634998768568,0.0625929981470108,1.7383610010147097,0.8719679713249207,7.302052021026611,61.04099655151367,18.860631942749023,1.0001909732818604,6.923276901245117,5.397659778594971,0.1044450029730796,1656.2742919921875,0.0618579983711242,1.2000000424450263e-05,116.36717987060548,1130.1185214580214,17333.839494260268
2022-09-03 00:00:00+00:00,19832.087890625,1556.8726806640625,277.77557373046875,0.3299689888954162,0.4803870022296905,31.10948371887207,0.0626939982175827,0.0631119981408119,1.7496730089187622,0.8892750144004822,7.285171031951904,60.134803771972656,18.875083923339844,1.000229001045227,6.8400068283081055,5.179209232330322,0.1052820011973381,1634.5159912109375,0.0610200017690658,1.2000000424450263e-05,117.7043228149414,1121.5772319317618,17213.201777802475
2022-09-04 00:00:00+00:00,19986.712890625,1577.6416015625,278.84185791015625,0.3317990005016327,0.5030840039253235,32.106956481933594,0.0632259994745254,0.06351999938488,1.74918794631958,0.8942300081253052,7.37043285369873,60.90089416503906,19.005001068115234,1.0002700090408323,7.145918846130371,5.259082794189453,0.1063890010118484,1654.1041259765625,0.0615549981594085,1.2999999853491316e-05,118.1373519897461,1131.0475899161436,17348.303797656718
2022-09-05 00:00:00+00:00,19812.37109375,1617.1832275390625,276.6859130859375,0.3329600095748901,0.4991210103034973,32.19464874267578,0.0627380013465881,0.0629549995064735,1.7454710006713867,0.881430983543396,7.364227771759033,60.41640472412109,19.42653083801269,1.0001840591430664,7.364040851593018,5.076697826385498,0.1050380021333694,1697.1070556640625,0.0621670000255107,1.2999999853491316e-05,125.6686019897461,1126.9338343261716,17203.56643436323
2022-09-06 00:00:00+00:00,18837.66796875,1561.74853515625,262.6683959960937,0.3222079873085022,0.4630660116672516,30.891742706298828,0.0589830018579959,0.0607649981975555,1.6347639560699463,0.8188769817352295,6.879021167755127,54.31306076049805,18.21985626220703,0.9985610246658324,6.672347068786621,5.141356945037842,0.0999630019068718,1625.7369384765625,0.0585229992866516,1.2000000424450263e-05,112.50064849853516,1072.7121711309867,16359.23753073092
2022-09-07 00:00:00+00:00,19290.32421875,1629.9063720703125,278.7613220214844,0.3373669981956482,0.4792819917201996,32.71091842651367,0.0611039996147155,0.0618189983069896,1.686460018157959,0.8408460021018982,7.198486804962158,57.41590118408203,19.032773971557617,1.00029194355011,7.082168102264404,5.1314778327941895,0.1029940024018287,1697.32958984375,0.060708001255989,1.2000000424450263e-05,118.6457977294922,1102.2938052710724,16756.157288173716
2022-09-08 00:00:00+00:00,19329.833984375,1635.34765625,280.5774841308594,0.3402450084686279,0.4792740046977997,33.608646392822266,0.0609770007431507,0.0612279996275901,1.841287970542908,0.8442130088806152,7.390428066253662,58.00325775146485,19.12345695495605,1.000102996826172,7.407059192657471,4.993373870849609,0.1043699979782104,1713.554443359375,0.0611799992620945,1.2000000424450263e-05,127.14407348632812,1105.798893038933,16791.45623533704
2022-09-09 00:00:00+00:00,21381.15234375,1719.08544921875,293.4071350097656,0.3575170040130615,0.5029199719429016,34.73976516723633,0.064018003642559,0.0634159967303276,1.8296380043029783,0.8915079832077026,7.770864963531494,61.23288345336914,20.400781631469727,0.999987006187439,7.747072219848633,4.974438190460205,0.1143940016627311,1803.268310546875,0.063740998506546,1.2999999853491316e-05,132.77561950683594,1212.9258007442065,18562.5087037054
2022-09-10 00:00:00+00:00,21680.5390625,1776.2037353515625,296.96905517578125,0.357681006193161,0.5124220252037048,35.12672805786133,0.0647760033607482,0.0646689981222152,1.8079630136489868,0.9061970114707948,7.78572416305542,63.43164443969727,20.497501373291016,0.9997159838676452,7.913443088531494,4.987809181213379,0.1149429976940155,1867.5230712890625,0.0638590008020401,1.2999999853491316e-05,132.8063201904297,1233.2703016119453,18826.645148577394
2022-09-11 00:00:00+00:00,21769.255859375,1761.800048828125,295.161865234375,0.355118989944458,0.5097519755363464,34.96596145629883,0.0637139976024627,0.0640980005264282,1.8225860595703125,0.8946130275726318,7.698151111602783,62.24362564086914,20.658855438232425,1.0001970529556274,8.01537799835205,5.061100959777832,0.1143499985337257,1854.0247802734373,0.0640359967947006,1.2999999853491316e-05,130.25624084472656,1235.906206917135,18901.11663415731
2022-09-12 00:00:00+00:00,22370.44921875,1713.7652587890625,293.6587219238281,0.3594450056552887,0.5015460252761841,37.4241828918457,0.0639050006866455,0.0638229995965957,1.831372022628784,0.9300119876861572,7.6618452072143555,61.36201477050781,21.34820938110352,0.9997590184211732,7.747560977935791,5.036938190460205,0.1138700023293495,1808.81884765625,0.0734969973564148,1.2999999853491316e-05,128.7611083984375,1260.0462451902993,19411.651971285333
2022-09-13 00:00:00+00:00,20296.70703125,1580.7879638671875,277.5769348144531,0.3336920142173767,0.4688810110092163,33.430816650390625,0.0601290017366409,0.0610960014164447,1.7082979679107666,0.8544139862060547,7.134012222290039,59.10230255126953,19.06827163696289,0.999750018119812,7.128942012786865,5.008528232574463,0.1049290001392364,1658.958984375,0.0649840012192726,1.2000000424450263e-05,119.0383071899414,1146.1237276097538,17614.851102904544
2022-09-14 00:00:00+00:00,20241.08984375,1634.7550048828125,279.3858642578125,0.3420819938182831,0.4813759922981262,34.09157180786133,0.0611729994416236,0.061608001589775,1.739197015762329,0.8647890090942383,7.20316219329834,60.14519119262695,19.120759963989254,1.000116944313049,7.455001831054687,4.860776901245117,0.1051480025053024,1719.1199951171875,0.0641800016164779,1.2000000424450263e-05,120.23064422607422,1149.1513094325906,17573.84693463765
2022-09-15 00:00:00+00:00,19701.2109375,1471.6934814453125,270.806884765625,0.3263350129127502,0.4656440019607544,33.04768371582031,0.0587910003960132,0.0612530000507831,1.7048970460891724,0.8242989778518677,6.926549911499023,56.35026168823242,18.186092376708984,0.9996939897537231,7.545806884765625,4.88363790512085,0.1020750030875206,1549.3505859375,0.061014998704195,1.2000000424450263e-05,117.83324432373048,1106.7828181659581,17090.81805262625
2022-09-16 00:00:00+00:00,19772.583984375,1432.44775390625,274.6545715332031,0.356687992811203,0.4741260111331939,32.208858489990234,0.0604230016469955,0.0612920001149177,1.736686944961548,0.8060460090637207,6.896842956542969,55.8442611694336,18.05659866333008,1.0001180171966553,7.644145965576172,4.927649974822998,0.1071399971842765,1507.8582763671875,0.0606390014290809,1.2000000424450263e-05,119.55599212646484,1106.540100309683,17147.379849900488
2022-09-17 00:00:00+00:00,20127.576171875,1469.74169921875,279.24932861328125,0.3770039975643158,0.4871560037136078,33.75077819824219,0.0622100010514259,0.0622880011796951,1.7439579963684082,0.8294839859008789,7.063626766204834,57.81655502319336,18.483089447021484,1.0001569986343384,8.10516357421875,4.981533050537109,0.1135189980268478,1544.418212890625,0.0617480017244815,1.2000000424450263e-05,122.25165557861328,1127.5321595342787,17456.480991058987
2022-09-18 00:00:00+00:00,19419.505859375,1335.3291015625,266.31317138671875,0.3583230078220367,0.4471859931945801,31.05985450744629,0.0575199984014034,0.0608760006725788,1.6548130512237549,0.7534220218658447,6.445236206054688,52.84428405761719,16.732431411743164,0.9993659853935242,7.507727146148682,4.654930114746094,0.1072610020637512,1406.566162109375,0.0574490018188953,1.1000000085914508e-05,111.87236785888672,1079.2060644189853,16832.52915447163
2022-09-19 00:00:00+00:00,19544.12890625,1377.5413818359375,272.06982421875,0.3870730102062225,0.4535039961338043,32.685302734375,0.0586120001971721,0.0603349991142749,1.660776972770691,0.7660380005836487,6.396911144256592,52.87487030029297,17.304716110229492,0.9993469715118408,7.312716960906982,4.652514934539795,0.111853003501892,1450.540771484375,0.05901800096035,1.1000000085914508e-05,112.22876739501952,1089.6330119677934,16944.60425224912
2022-09-20 00:00:00+00:00,18890.7890625,1324.38818359375,266.3695983886719,0.4151830077171325,0.4418990015983581,31.433040618896484,0.0584169998764991,0.059748001396656,1.605694055557251,0.7332789897918701,6.280214786529541,52.36106491088867,16.66739845275879,0.9994519948959352,6.887288093566895,4.753521919250488,0.1174440011382103,1395.009521484375,0.057498998939991,1.1000000085914508e-05,112.89227294921876,1052.9676092261343,16377.404037406957
2022-09-21 00:00:00+00:00,18547.400390625,1252.6077880859375,264.7920837402344,0.3968279957771301,0.4411590099334717,30.826377868652344,0.0574040003120899,0.0591939985752105,1.602255940437317,0.7042239904403687,6.155726909637451,51.23618316650391,16.61811637878418,1.0000489950180054,6.712920188903809,4.321591854095459,0.1110100001096725,1319.5009765625,0.0567520000040531,9.999999747378752e-06,109.46312713623048,1029.2411508784328,16073.966980530127
2022-09-22 00:00:00+00:00,19413.55078125,1327.68017578125,275.5002746582031,0.4851010143756866,0.4589659869670868,32.408905029296875,0.0595990009605884,0.0602600015699863,1.635077953338623,0.752830982208252,6.4477949142456055,53.51061248779297,17.690845489501953,0.9996860027313232,7.118292808532715,4.909883975982666,0.1230269968509674,1399.32421875,0.0600749999284744,1.1000000085914508e-05,116.53922271728516,1079.0150305619534,16826.660564597616
2022-09-23 00:00:00+00:00,19297.638671875,1328.259521484375,276.6262512207031,0.5071709752082825,0.4618209898471832,33.6766357421875,0.0633359998464584,0.0604469999670982,1.625851035118103,0.7787100076675415,6.438068866729736,55.08971405029297,17.959775924682617,1.0001250505447388,7.447618961334228,4.251974105834961,0.1230949983000755,1397.6563720703125,0.0611639991402626,1.1000000085914508e-05,120.06118774414062,1073.7994058619636,16727.152841208033
2022-09-24 00:00:00+00:00,18937.01171875,1317.9932861328125,275.1353759765625,0.4887160062789917,0.4515999853610992,33.462650299072266,0.0632340013980865,0.0598709993064403,1.6212140321731567,0.75416100025177,6.278332233428955,53.5192985534668,17.623594284057617,0.9995539784431458,7.636966228485107,4.259269237518311,0.1181999966502189,1389.315185546875,0.0611310005187988,1.1000000085914508e-05,117.92076873779295,1055.4654351419263,16416.49009601442
2022-09-25 00:00:00+00:00,18802.09765625,1294.216796875,274.0612487792969,0.4926269948482513,0.4461880028247833,32.33536148071289,0.0611519999802112,0.0597269982099533,1.6088789701461792,0.7401890158653259,6.201147079467773,52.63199996948242,17.33123016357422,0.9998270273208618,7.865859031677246,4.080310821533203,0.1173940002918243,1362.8167724609375,0.0590520016849041,1.1000000085914508e-05,113.50005340576172,1046.272546777553,16297.679525245258
2022-09-26 00:00:00+00:00,19222.671875,1335.3201904296875,275.9278564453125,0.4676780104637146,0.4467569887638092,33.88055419921875,0.0610890015959739,0.0595480017364025,1.5943009853363037,0.7547540068626404,6.550901889801025,53.43206405639648,17.542062759399414,0.9998679757118224,7.928506851196289,4.0656938552856445,0.1136260032653808,1435.9696044921875,0.0600220002233982,1.1000000085914508e-05,116.20259857177734,1072.0975982154391,16665.46639166144
2022-09-27 00:00:00+00:00,19110.546875,1330.127685546875,272.40155029296875,0.4487760066986084,0.441890001296997,32.75012969970703,0.0606090016663074,0.0594099983572959,1.6031349897384644,0.7404059767723083,6.384195804595947,52.73725891113281,17.30769157409668,0.9998130202293396,8.074233055114746,4.133380889892578,0.1103259995579719,1436.128662109375,0.0583599992096424,1.1000000085914508e-05,114.40727996826172,1066.167698992645,16568.89120088888
2022-09-28 00:00:00+00:00,19426.720703125,1337.410888671875,281.7812194824219,0.4506720006465912,0.4372900128364563,33.23543930053711,0.060623001307249,0.0595949999988079,1.59607195854187,0.7473729848861694,6.393946170806885,53.30842590332031,17.25748634338379,0.9993879795074464,7.814181804656982,4.122704029083252,0.1083419993519783,1439.05224609375,0.0580260008573532,1.1000000085914508e-05,114.26228332519533,1082.1846150565698,16840.9323485622
2022-09-29 00:00:00+00:00,19573.05078125,1335.65234375,283.7890319824219,0.4854170083999634,0.4381699860095978,33.952449798583984,0.0607279986143112,0.0610320009291172,1.598294019699097,0.76351398229599,6.432816028594971,53.91404724121094,17.3486385345459,1.0000849962234497,7.901172161102295,4.203856945037842,0.1153289973735809,1442.97119140625,0.0578670017421245,1.1000000085914508e-05,116.74011993408205,1089.5493760011009,16966.708706463825
2022-09-30 00:00:00+00:00,19431.7890625,1327.9786376953125,284.1922912597656,0.479773998260498,0.4344139993190765,33.21244430541992,0.0616529993712902,0.061014000326395,1.5870150327682495,0.7774459719657898,6.315189838409424,53.39703750610352,17.196197509765625,0.9998180270195008,7.581145763397217,4.189727783203125,0.1144310012459755,1459.2127685546875,0.0573199987411499,1.1000000085914508e-05,120.04029846191406,1083.3179855812855,16846.02777398831
2022-10-01 00:00:00+00:00,19312.095703125,1311.6444091796875,282.8719177246094,0.4751099944114685,0.4302929937839508,32.46939468383789,0.0606269985437393,0.0604749992489814,1.5793100595474243,0.7658810019493103,6.272256851196289,52.90686798095703,16.970863342285156,0.9994680285453796,7.387452125549316,4.120730876922607,0.1213520020246505,1428.376953125,0.0576569996774196,1.1000000085914508e-05,117.18318939208984,1075.0880915468983,16740.462417777904
2022-10-02 00:00:00+00:00,19044.107421875,1276.093505859375,284.43310546875,0.448850005865097,0.419633001089096,32.05569839477539,0.0592879988253116,0.060878999531269,1.5721280574798584,0.7642509937286377,6.163300037384033,51.9116325378418,16.53337860107422,0.9996489882469176,7.13367223739624,4.092133045196533,0.1185709983110427,1390.4954833984375,0.0563910007476806,1.1000000085914508e-05,114.40396881103516,1058.662997681433,16506.107676497613
2022-10-03 00:00:00+00:00,19623.580078125,1323.439208984375,287.031982421875,0.4628790020942688,0.4279980063438415,32.967620849609375,0.0603840015828609,0.0613939985632896,1.579543948173523,0.8018050193786621,6.379696846008301,54.17620849609375,17.16819190979004,1.000059962272644,7.335093021392822,4.172752857208252,0.1169470027089119,1429.1365966796875,0.0578749999403953,1.1000000085914508e-05,116.26018524169922,1090.7722148749428,17008.56491826889
2022-10-04 00:00:00+00:00,20336.84375,1362.1265869140625,296.2984619140625,0.4801740050315857,0.4357649981975555,34.12247085571289,0.0659620016813278,0.0623200014233589,1.609323024749756,0.8361300230026245,6.494706153869629,55.2984619140625,17.440378189086914,0.9998850226402284,7.72127103805542,4.1426920890808105,0.1191420033574104,1465.1868896484375,0.0584460012614727,1.2000000424450263e-05,121.24559783935548,1129.123258363673,17625.282031077426
2022-10-05 00:00:00+00:00,20160.716796875,1352.837158203125,294.1376647949219,0.4896830022335052,0.4312730133533478,34.073883056640625,0.0647350028157234,0.0624260008335113,1.6293350458145142,0.8513619899749756,6.435239791870117,54.57930755615234,17.373703002929688,0.99966698884964,7.875545024871826,4.1737961769104,0.1189450025558471,1457.53466796875,0.0579410009086132,1.1000000085914508e-05,122.21883392333984,1119.8410464010406,17473.107458990227
2022-10-06 00:00:00+00:00,19955.443359375,1351.70947265625,286.6341552734375,0.4931840002536773,0.4286870062351227,33.34281921386719,0.0634440034627914,0.0627840012311935,1.6346449851989746,0.8330519795417786,6.337180137634277,53.49364471435547,17.037782669067383,0.9995020031929016,7.637218952178955,4.062113761901856,0.1194330006837844,1486.169189453125,0.0581009984016418,1.1000000085914508e-05,118.43882751464844,1110.714219366651,17298.476593230247
2022-10-07 00:00:00+00:00,19546.849609375,1332.5169677734375,283.18267822265625,0.5182780027389526,0.4243200123310089,33.00146484375,0.0624089986085891,0.0624990016222,1.6137620210647583,0.8319000005722046,6.331758975982666,52.86693954467773,16.90461540222168,0.9996269941329956,7.606438159942627,4.110762119293213,0.1223220005631446,1455.761962890625,0.0604499988257885,1.1000000085914508e-05,116.79872131347656,1088.6013093643583,16944.799105662387
2022-10-08 00:00:00+00:00,19416.568359375,1315.50048828125,276.4695739746094,0.5171129703521729,0.4217360019683838,32.57793426513672,0.0616779997944831,0.0620720013976097,1.6317980289459229,0.8136389851570129,6.307404041290283,52.79837417602539,16.785358428955078,0.999763011932373,7.448554992675781,4.082879066467285,0.126252993941307,1442.236083984375,0.060283001512289,1.1000000085914508e-05,116.97750854492188,1080.592707863129,16831.14116171606
2022-10-09 00:00:00+00:00,19446.42578125,1322.604248046875,278.2380676269531,0.5340610146522522,0.4230720102787018,32.91388320922852,0.0621559992432594,0.0624269992113113,1.6351820230484009,0.8253769874572754,6.475232124328613,53.910037994384766,16.903053283691406,0.9998859763145448,7.62626314163208,4.10391092300415,0.1288399994373321,1442.41259765625,0.060088999569416,1.1000000085914508e-05,117.22793579101562,1082.551052955075,16857.205009055517
2022-10-10 00:00:00+00:00,19141.484375,1291.337646484375,271.8060607910156,0.4970139861106872,0.4018009901046753,31.970834732055664,0.0595129989087581,0.0628319978713989,1.5636579990386963,0.815284013748169,6.2617621421813965,52.75587463378906,16.238502502441406,0.9992560148239136,7.381631851196289,4.069587230682373,0.1238130033016204,1412.7225341796875,0.0583969987928867,9.999999747378752e-06,111.73036193847656,1064.3971785470762,16591.78526724579
2022-10-11 00:00:00+00:00,19051.41796875,1279.57568359375,271.37139892578125,0.4853970110416412,0.3905400037765503,30.77686882019043,0.060258001089096,0.0616270005702972,1.5395389795303345,0.7905439734458923,6.179375171661377,52.0184211730957,15.951668739318848,0.9996899962425232,7.128554821014404,4.0843610763549805,0.1159920021891594,1404.70361328125,0.060903001576662,9.999999747378752e-06,111.11306762695312,1058.991689616611,16513.308804204506
2022-10-12 00:00:00+00:00,19157.4453125,1294.9063720703125,270.97100830078125,0.4883700013160705,0.3813000023365021,31.16548538208008,0.0598810017108917,0.0617760010063648,1.562041997909546,0.784313976764679,6.176181793212891,52.22134780883789,15.961630821228027,0.9992989897727966,7.149956226348877,4.137594223022461,0.1163899973034858,1404.658935546875,0.0657140016555786,9.999999747378752e-06,111.90184020996094,1064.8197505167827,16605.196565739527
2022-10-13 00:00:00+00:00,19382.904296875,1288.1239013671875,271.8514099121094,0.4808120131492615,0.3776380121707916,30.54451942443848,0.059673998504877,0.0610090009868145,1.5148019790649414,0.7758209705352783,6.116868019104004,51.24348449707031,15.671713829040527,0.9996430277824402,7.038730144500732,4.237611770629883,0.1121150031685829,1374.8349609375,0.0649600028991699,9.999999747378752e-06,108.9775390625,1073.6186438022544,16796.507170934317
2022-10-14 00:00:00+00:00,19185.65625,1297.422119140625,269.5671691894531,0.4889659881591797,0.3668510019779205,30.007417678833008,0.0586429983377456,0.0639410018920898,1.5236059427261353,0.7927230000495911,6.044194221496582,51.3155632019043,15.68238353729248,1.000115990638733,6.896554946899414,4.438086032867432,0.1124510020017623,1411.113037109375,0.061634998768568,9.999999747378752e-06,107.54891204833984,1066.1981251919829,16629.88455506112
2022-10-15 00:00:00+00:00,19067.634765625,1274.8717041015625,268.4040832519531,0.4815070033073425,0.3637439906597137,29.575347900390625,0.0585799999535083,0.0618229992687702,1.5147980451583862,0.7901009917259216,6.052940845489502,50.469181060791016,15.440478324890137,0.99966698884964,6.886902809143066,4.456822872161865,0.1118889972567558,1394.5489501953125,0.060403998941183,9.999999747378752e-06,108.0671844482422,1058.6119468785741,16526.29008129752
2022-10-16 00:00:00+00:00,19268.09375,1306.296630859375,272.5199584960937,0.4770100116729736,0.3702810108661651,30.168840408325195,0.0589139983057975,0.0618209987878799,1.5192489624023438,0.7995629906654358,6.18602991104126,51.480918884277344,15.755318641662598,0.999805986881256,7.175411224365234,4.489011764526367,0.113486997783184,1415.2513427734375,0.0613849982619285,9.999999747378752e-06,110.33349609375,1071.0577254767848,16701.448844983377
2022-10-17 00:00:00+00:00,19550.7578125,1331.713623046875,275.5125732421875,0.4799180030822754,0.3723450005054474,31.224876403808597,0.0599349997937679,0.0626650005578994,1.549394965171814,0.847258985042572,6.2531352043151855,51.84383773803711,16.18509864807129,0.9995589852333068,7.333412170410156,4.509477138519287,0.114266999065876,1432.094970703125,0.0624440014362335,9.999999747378752e-06,110.58451080322266,1086.788624978022,16946.562723918323
2022-10-18 00:00:00+00:00,19334.416015625,1310.447021484375,273.2145690917969,0.4659770131111145,0.3618200123310089,30.164331436157227,0.0597760006785392,0.062169998884201,1.5448700189590454,0.8645099997520447,6.15846586227417,51.87700271606445,15.871760368347168,0.9996780157089232,7.117894172668457,4.304983139038086,0.1124339997768402,1419.8076171875,0.0621990002691745,9.999999747378752e-06,108.72208404541016,1074.601675675624,16758.876981201443
2022-10-19 00:00:00+00:00,19139.53515625,1285.7442626953125,271.9813537597656,0.4512270092964172,0.3500320017337799,28.900798797607425,0.058713000267744,0.0617830008268356,1.4944839477539062,0.8460860252380371,6.106726169586182,50.98663330078125,15.107032775878906,1.0001070499420166,6.778677940368652,4.139109134674072,0.1107489988207817,1395.1619873046875,0.0593769997358322,9.999999747378752e-06,106.15585327148438,1062.62048378256,16588.669365479986
2022-10-20 00:00:00+00:00,19053.740234375,1283.200927734375,269.2712707519531,0.4480839967727661,0.340254008769989,28.08509635925293,0.0595359988510608,0.0622129999101161,1.5109119415283203,0.8101159930229187,5.885611057281494,51.19100189208984,15.187332153320312,0.9997490048408508,6.666734218597412,4.090980052947998,0.1100850030779838,1399.843017578125,0.0585240013897419,9.999999747378752e-06,106.39016723632812,1058.4738979217825,16515.146527625628
2022-10-21 00:00:00+00:00,19172.46875,1299.9464111328125,270.0384216308594,0.4610979855060577,0.3490769863128662,28.10867691040039,0.059333998709917,0.0616619996726512,1.5417569875717163,0.8320930004119873,5.834850788116455,51.62337112426758,15.69028663635254,0.9999160170555116,6.813488960266113,4.076620101928711,0.1109249964356422,1399.3411865234375,0.0596879981458187,9.999999747378752e-06,107.005615234375,1065.0201542386972,16617.996342367296
2022-10-22 00:00:00+00:00,19208.189453125,1314.2991943359375,270.4794921875,0.4654699862003326,0.351408988237381,28.01386260986328,0.0596939995884895,0.0616400018334388,1.5486589670181274,0.8323850035667419,5.848344802856445,52.180171966552734,15.683671951293944,0.9999240040779114,6.870748996734619,4.09722900390625,0.1112539991736412,1430.9417724609375,0.0597329996526241,9.999999747378752e-06,108.70037078857422,1069.0378328656432,16651.39826922213
2022-10-23 00:00:00+00:00,19567.0078125,1363.447021484375,276.0081787109375,0.4690330028533935,0.3620989918708801,29.27007102966309,0.0603469982743263,0.0618799999356269,1.5951529741287231,0.8998370170593262,5.960238933563232,53.95036697387695,16.30229377746582,1.0001709461212158,7.0656352043151855,4.158306121826172,0.1119540035724639,1480.076171875,0.0605730004608631,9.999999747378752e-06,110.88642120361328,1091.3692178451863,16965.218078006586
2022-10-24 00:00:00+00:00,19345.572265625,1344.99853515625,273.9774169921875,0.4538210034370422,0.3578569889068603,28.3100643157959,0.0595059990882873,0.0613650009036064,1.5865360498428345,0.8938770294189453,5.915407180786133,52.569244384765625,15.759552001953123,0.9997429847717284,6.913847923278809,4.079998970031738,0.1103190034627914,1463.5814208984375,0.0586499981582164,9.999999747378752e-06,107.93132781982422,1078.770988825062,16773.05589215375
2022-10-25 00:00:00+00:00,20095.857421875,1461.6654052734375,284.4325256347656,0.461544007062912,0.4019879996776581,30.93997573852539,0.0628819987177848,0.0624120011925697,1.62876296043396,0.9197390079498292,6.447359085083008,56.02515411376953,16.668628692626953,0.9999539852142334,7.080036163330078,4.147983074188232,0.112014003098011,1614.04345703125,0.0598170012235641,9.999999747378752e-06,112.79578399658205,1128.3244216020537,17432.90742000825
2022-10-26 00:00:00+00:00,20770.44140625,1566.566650390625,290.3769836425781,0.4693759977817535,0.4034920036792755,31.28472137451172,0.0728000029921531,0.0634320005774498,1.6440130472183228,0.9381380081176758,6.465909957885742,56.39167785644531,17.015155792236328,0.9997749924659728,7.15816593170166,4.3127970695495605,0.113595999777317,1710.05126953125,0.0605520009994506,1.1000000085914508e-05,114.58954620361328,1170.448546145429,18023.759269389182
2022-10-27 00:00:00+00:00,20285.8359375,1514.3748779296875,286.8441162109375,0.4624069929122925,0.3886969983577728,30.630624771118164,0.0770180001854896,0.0629789978265762,1.6022850275039673,0.904833972454071,6.336136817932129,54.80760955810547,16.913970947265625,0.9997199773788452,6.908006191253662,4.353860855102539,0.1112459972500801,1671.634765625,0.0587360002100467,1.1000000085914508e-05,112.5551528930664,1142.6601424887403,17602.460412165467
2022-10-28 00:00:00+00:00,20595.3515625,1555.4779052734375,298.0141906738281,0.4739809930324554,0.4045070111751556,32.111263275146484,0.0838970020413398,0.0635619983077049,1.61005699634552,0.9448480010032654,6.521455764770508,55.00389862060547,18.340309143066406,1.0003060102462769,7.116174221038818,4.423121929168701,0.112646996974945,1689.2080078125,0.0600519999861717,1.2000000424450263e-05,115.57781219482422,1161.0428366865476,17871.649408373087
2022-10-29 00:00:00+00:00,20818.4765625,1619.698486328125,304.21795654296875,0.4704160094261169,0.4197779893875122,32.85712814331055,0.1216029971837997,0.0641800016164779,1.6155259609222412,0.9338110089302064,6.63375997543335,56.49617767333984,18.307973861694336,1.000241994857788,7.613306999206543,4.4887309074401855,0.1135030016303062,1759.55712890625,0.0612509995698928,1.2999999853491316e-05,118.45816802978516,1178.6478906110037,18071.146137115982
2022-10-30 00:00:00+00:00,20635.603515625,1590.7833251953125,313.7547912597656,0.4584549963474273,0.406046986579895,32.9659309387207,0.1178020015358924,0.0631359964609146,1.5946849584579468,0.9088510274887084,6.652472972869873,55.38955307006836,18.265605926513672,1.0000410079956057,7.788180828094482,4.504054069519043,0.1112189963459968,1743.9002685546875,0.0606379993259906,1.2000000424450263e-05,116.28987884521484,1168.1246887264908,17911.62733509234
2022-10-31 00:00:00+00:00,20495.7734375,1572.7144775390625,326.3607177734375,0.4659149944782257,0.4063360095024109,32.61103820800781,0.1270260065793991,0.0633080005645752,1.618474006652832,0.903988003730774,6.630904197692871,55.084434509277344,19.31160926818848,0.9998800158500672,7.861647129058838,4.536107063293457,0.1114159971475601,1708.453369140625,0.0596119984984397,1.2000000424450263e-05,115.10994720458984,1159.485888407916,17788.518320055126
2022-11-01 00:00:00+00:00,20485.2734375,1579.70458984375,324.5794372558594,0.4645769894123077,0.4014019966125488,32.2484245300293,0.1425749957561493,0.0628150030970573,1.6440099477767944,0.8753330111503601,6.473106861114502,55.12718963623047,18.66878318786621,0.9999970197677612,7.6939520835876465,4.5433349609375,0.1099260002374649,1739.95068359375,0.0582939982414245,1.2999999853491316e-05,115.00502014160156,1160.66794769318,17781.783916413056
2022-11-02 00:00:00+00:00,20159.50390625,1519.7117919921875,320.1505432128906,0.450874000787735,0.3860760033130646,30.78807640075684,0.1278299987316131,0.0615609996020793,1.5759589672088623,0.8717179894447327,6.244958877563477,60.55846786499024,17.897476196289062,1.000010967254639,7.427645206451416,4.677921772003174,0.1076380014419555,1665.4735107421875,0.0587849989533424,1.2000000424450263e-05,113.50633239746094,1138.5990997542629,17494.22127771509
2022-11-03 00:00:00+00:00,20209.98828125,1531.541748046875,329.71697998046875,0.4551349878311157,0.3894200026988983,30.84387969970703,0.1225920021533966,0.0617889985442161,1.5896979570388794,0.9521219730377196,6.425295829772949,61.92131423950195,18.04765510559082,1.0002100467681885,7.714237213134766,4.686031818389893,0.1087239980697631,1695.682861328125,0.0598790012300014,1.2000000424450263e-05,115.75762939453124,1143.6697854701652,17540.13962268734
2022-11-04 00:00:00+00:00,21147.23046875,1645.0933837890625,354.4063720703125,0.5044040083885193,0.4215250015258789,33.780853271484375,0.1262799948453903,0.0637530013918876,1.6468499898910522,1.1697460412979126,7.064493179321289,67.59659576416016,19.39575958251953,0.9997699856758118,8.741551399230957,4.281435966491699,0.1156440004706382,1774.5377197265625,0.0633710026741027,1.2999999853491316e-05,123.9833526611328,1199.58206391364,18356.120491604284
2022-11-05 00:00:00+00:00,21282.69140625,1627.968017578125,349.25372314453125,0.4933300018310547,0.4267350137233734,36.76576232910156,0.124388001859188,0.0635910034179687,1.6842199563980105,1.1837220191955566,7.019451141357422,69.72119903564453,19.603248596191406,1.0000929832458496,8.665481567382812,4.34113883972168,0.1136050000786781,1793.3140869140625,0.0621629990637302,1.2000000424450263e-05,123.7420425415039,1206.1065436626875,18472.51418256012
2022-11-06 00:00:00+00:00,20926.486328125,1572.2347412109375,339.3893737792969,0.4706700146198272,0.4030050039291382,32.6835823059082,0.114606000483036,0.0627529993653297,1.6522079706192017,1.1379679441452026,6.820865154266357,68.08605194091797,18.27923011779785,0.9992250204086304,8.121048927307129,4.1698150634765625,0.1091649979352951,1730.2447509765625,0.059238001704216,1.2000000424450263e-05,116.6838607788086,1182.2956427777851,18159.637612607232
2022-11-07 00:00:00+00:00,20602.81640625,1568.59130859375,337.0145568847656,0.4658569991588592,0.4042589962482452,29.60134506225586,0.1112990006804466,0.062279999256134,1.613103985786438,1.2524490356445312,7.121714115142822,67.65226745605469,18.06842041015625,1.0003210306167605,8.895980834960938,4.168605804443359,0.1097949966788292,1721.080810546875,0.0591860003769397,1.2000000424450263e-05,117.71343994140624,1166.0858770449647,17881.0474085569
2022-11-08 00:00:00+00:00,18541.271484375,1332.8355712890625,327.6902770996094,0.4062420129776001,0.3718340098857879,24.152936935424805,0.0884099975228309,0.05876300111413,1.3698899745941162,1.0444190502166748,6.294655799865723,57.39180374145508,15.991604804992676,0.9996179938316344,7.683033943176269,4.128200054168701,0.0989769995212555,1447.3587646484375,0.0520699992775917,9.999999747378752e-06,103.18102264404295,1041.5461708749608,16081.362576415724
2022-11-09 00:00:00+00:00,15880.7802734375,1100.1697998046875,266.8531188964844,0.3331809937953949,0.3178369998931885,13.94085693359375,0.0742880031466484,0.0535379983484745,1.0132789611816406,0.8132039904594421,5.413379192352295,50.65857696533203,12.917875289916992,1.0002449750900269,6.224503040313721,3.9935829639434814,0.0828149989247322,1189.215087890625,0.0442010015249252,9.000000318337698e-06,89.35179138183594,886.8214972723309,13768.340470249488
2022-11-10 00:00:00+00:00,17586.771484375,1299.464599609375,304.0800476074219,0.3957050144672394,0.3689770102500915,17.681407928466797,0.0897890031337738,0.0577239990234375,1.1680749654769895,1.124959945678711,5.959506988525391,60.36105346679688,15.38650608062744,1.0022579431533811,7.214661121368408,3.9892499446868896,0.0972220003604888,1413.322998046875,0.0502020008862018,9.999999747378752e-06,102.8276596069336,991.4959093646909,15257.953219288509
2022-11-11 00:00:00+00:00,17034.29296875,1287.2210693359375,289.820556640625,0.3841589987277984,0.3546670079231262,16.326745986938477,0.0848850011825561,0.0558700002729892,1.1825480461120603,1.061987042427063,5.750708103179932,61.24228286743164,14.095545768737791,1.0015530586242676,7.009961128234863,3.793071985244751,0.0952439978718757,1395.2666015625,0.0482090003788471,9.999999747378752e-06,102.7311553955078,962.9437999846599,14781.854972962028
2022-11-12 00:00:00+00:00,16799.185546875,1255.268310546875,282.3412780761719,0.3636769950389862,0.3391439914703369,14.53900146484375,0.0880390033125877,0.0549490004777908,1.163280963897705,0.9389730095863342,5.7687530517578125,59.85555267333984,13.06407070159912,1.0008050203323364,6.259308815002441,3.871578931808472,0.0908709987998008,1355.661376953125,0.0470560006797313,9.999999747378752e-06,102.31828308105467,947.7247555311511,14575.779832354676
2022-11-13 00:00:00+00:00,16353.365234375,1221.8192138671875,276.5794372558594,0.3402960002422333,0.3301270008087158,13.164528846740724,0.0848930031061172,0.0508910007774829,1.1603020429611206,0.8880599737167358,5.75324821472168,57.48717498779297,13.052020072937012,1.001075029373169,6.072445869445801,3.925977945327759,0.0883150026202201,1321.896484375,0.0453299991786479,9.000000318337698e-06,99.6465072631836,922.7024557679039,14189.098141938448
2022-11-14 00:00:00+00:00,16618.19921875,1241.604248046875,278.57843017578125,0.3764060139656067,0.3318490087985992,14.00135612487793,0.0858789980411529,0.0501139983534812,1.121279001235962,0.9157090187072754,5.853860855102539,56.546199798583984,13.10676383972168,1.000857949256897,6.264420986175537,3.793353080749512,0.0911139994859695,1344.753662109375,0.0471940003335475,9.000000318337698e-06,103.64167785644533,937.6363620291364,14418.9719845732
2022-11-15 00:00:00+00:00,16884.61328125,1251.7362060546875,276.8740234375,0.3885209858417511,0.3370090126991272,14.301294326782228,0.0869709998369216,0.050671000033617,1.1812740564346311,0.9401339888572692,5.918388843536377,58.00726318359375,13.49658203125,1.001101016998291,6.419929027557373,3.799736976623535,0.0924180001020431,1359.672607421875,0.0490779988467693,9.000000318337698e-06,103.85900115966795,951.5631190367964,14649.115481257379
2022-11-16 00:00:00+00:00,16669.439453125,1215.6025390625,272.08160400390625,0.3763009905815124,0.3323819935321808,14.285508155822754,0.0855830013751983,0.0502079986035823,1.1446579694747925,0.9005380272865295,5.71419095993042,57.51642227172852,13.078482627868652,1.0004889965057373,6.187088966369629,3.8693249225616455,0.089876003563404,1320.903076171875,0.0481129996478557,9.000000318337698e-06,104.47737121582033,937.4849151649502,14459.997373944349
2022-11-17 00:00:00+00:00,16687.517578125,1200.80859375,267.91131591796875,0.3825440108776092,0.3248589932918548,13.638734817504885,0.0847650021314621,0.0500460006296634,1.1167939901351929,0.8748829960823059,5.670608997344971,62.48411560058594,12.889345169067385,1.0002549886703491,6.234342098236084,4.041624069213867,0.0904109999537468,1302.7452392578125,0.0484590008854866,9.000000318337698e-06,103.75926971435548,936.7463710714165,14473.552508364659
2022-11-18 00:00:00+00:00,16697.77734375,1212.30029296875,273.91998291015625,0.3830629885196686,0.3262209892272949,13.247496604919434,0.0846719965338707,0.0506660006940364,1.141162991523743,0.8802880048751831,5.643681049346924,62.64376449584961,12.989431381225586,1.0004169940948486,6.185774803161621,4.222939968109131,0.0893559977412223,1314.814208984375,0.0484020002186298,9.000000318337698e-06,104.72098541259766,938.6890552043772,14483.792898421561
2022-11-19 00:00:00+00:00,16711.546875,1218.4267578125,272.3976745605469,0.3846989870071411,0.3285120129585266,12.851014137268066,0.0845810025930404,0.0521619990468025,1.1854729652404783,0.8760949969291687,5.6020379066467285,63.81239700317383,12.882172584533691,1.000480055809021,6.1502180099487305,4.233105182647705,0.0904269963502883,1321.6802978515625,0.0487289987504482,9.000000318337698e-06,104.81979370117188,939.9263576554612,14496.367556878173
2022-11-20 00:00:00+00:00,16291.83203125,1142.4666748046875,264.2351379394531,0.3619450032711029,0.3123070001602173,12.252833366394045,0.077174000442028,0.0500359982252121,1.1594159603118896,0.8075739741325378,5.290356159210205,62.00232696533203,12.196779251098633,1.000296950340271,5.771728038787842,4.327723979949951,0.0865779966115951,1239.2471923828125,0.046153999865055,9.000000318337698e-06,104.89090728759766,911.8292943480325,14126.747370834215
2022-11-21 00:00:00+00:00,15787.2841796875,1108.35302734375,254.1682586669922,0.3647989928722381,0.3045479953289032,11.846208572387695,0.0747110024094581,0.0514080002903938,1.171064019203186,0.796284019947052,5.189894199371338,61.37348937988281,11.834380149841309,1.0002180337905884,5.869119167327881,3.9164669513702393,0.0843269973993301,1197.208740234375,0.0450900010764598,7.999999979801942e-06,103.24916076660156,883.5326372467484,13689.109733042706
2022-11-22 00:00:00+00:00,16189.76953125,1135.1734619140625,266.3243408203125,0.3760609924793243,0.311922013759613,12.435625076293944,0.0784879997372627,0.0506250001490116,1.201956033706665,0.8500109910964966,5.273522853851318,70.44279479980469,12.322193145751951,1.000633955001831,6.397805213928223,3.801456928253174,0.087007001042366,1227.0592041015625,0.0464869998395442,9.000000318337698e-06,108.96452331542967,906.760364733622,14038.073342704833
2022-11-23 00:00:00+00:00,16610.70703125,1183.1995849609375,297.8474426269531,0.3815810084342956,0.3183169960975647,14.35151195526123,0.081785999238491,0.0517369993031024,1.246251940727234,0.8611760139465332,5.4333977699279785,79.00006866455078,13.031652450561523,1.000359058380127,6.701306819915772,4.244941234588623,0.088578000664711,1278.87158203125,0.0484169982373714,9.000000318337698e-06,114.89168548583984,933.9218293935626,14405.548289523338
2022-11-24 00:00:00+00:00,16604.46484375,1203.983154296875,300.4278259277344,0.401991993188858,0.316457986831665,14.582350730895996,0.0814810022711753,0.0528879985213279,1.2201030254364014,0.8493000268936157,5.391868114471436,78.83014678955078,12.94083309173584,1.00033700466156,6.831646919250488,4.218842029571533,0.089988999068737,1293.73681640625,0.0495710000395774,9.000000318337698e-06,115.9189910888672,935.4947355801007,14402.30154187303
2022-11-25 00:00:00+00:00,16521.841796875,1198.9259033203125,300.57769775390625,0.4084120094776153,0.3149890005588531,14.063138008117676,0.0894749984145164,0.0529550015926361,1.214764952659607,0.8442140221595764,5.269090175628662,74.02890014648438,12.828289031982422,1.0001120567321775,6.842341899871826,3.880677938461304,0.0893120020627975,1291.31298828125,0.0490030013024807,9.000000318337698e-06,113.82330322265624,930.8313034618395,14330.913943332687
2022-11-26 00:00:00+00:00,16464.28125,1205.89794921875,311.3884582519531,0.3966290056705475,0.3137899935245514,14.159193992614746,0.0889879986643791,0.0527880005538463,1.2097140550613403,0.8466449975967407,5.302000999450684,76.37289428710938,12.75235652923584,0.9998940229415894,7.146820068359375,3.998384952545166,0.0881680026650428,1299.532958984375,0.0494359992444515,9.000000318337698e-06,112.44127655029295,929.3961716624099,14282.470221137599
2022-11-27 00:00:00+00:00,16444.626953125,1195.126953125,307.4292907714844,0.396820992231369,0.3124539852142334,14.115766525268556,0.0987119972705841,0.053236998617649,1.2189209461212158,0.8449040055274963,5.298929214477539,75.04431915283203,12.876786231994627,0.999455988407135,6.902108192443848,4.210612773895264,0.0901430025696754,1289.0316162109375,0.0491629987955093,9.000000318337698e-06,111.24122619628906,927.1413514968751,14264.309400259413
2022-11-28 00:00:00+00:00,16217.322265625,1170.086181640625,293.5272521972656,0.3903180062770843,0.3066999912261963,13.404518127441406,0.0951220020651817,0.053031001240015,1.1829689741134644,0.8226979970932007,5.134754180908203,74.12022399902344,12.457791328430176,0.9997900128364564,7.207573890686035,3.8117339611053462,0.0873349979519844,1262.8887939453125,0.048505999147892,9.000000318337698e-06,110.08090209960938,913.0489747132075,14066.088956675416
2022-11-29 00:00:00+00:00,16444.982421875,1216.9012451171875,295.4981689453125,0.3985489904880523,0.3093720078468323,13.369733810424805,0.101852998137474,0.053312998265028,1.1964130401611328,0.8388919830322266,5.30893087387085,75.98377227783203,12.47298812866211,0.9996780157089232,7.320946216583252,3.770642995834351,0.0886410027742385,1320.8831787109375,0.0493910014629364,9.000000318337698e-06,111.11190032958984,929.125716205672,14267.690946586265
2022-11-30 00:00:00+00:00,17168.56640625,1295.6885986328125,300.7943420410156,0.4087429940700531,0.3188830018043518,14.115445137023926,0.1068599969148635,0.0546250008046627,1.2061330080032349,0.9369959831237792,5.472571849822998,79.2977066040039,13.157401084899902,0.9994750022888184,7.680302143096924,3.925528049468994,0.0897959992289543,1407.6932373046875,0.0506899990141391,9.000000318337698e-06,113.3907241821289,972.0930701554387,14898.563653295356
2022-12-01 00:00:00+00:00,16967.1328125,1276.27392578125,292.0162048339844,0.3967080116271972,0.3144840002059936,13.480968475341797,0.1015840023756027,0.0541540011763572,1.2084519863128662,0.9083759784698486,5.402163982391357,77.51800537109375,12.887733459472656,0.9995409846305848,7.687326908111572,3.867924928665161,0.0875300019979476,1386.230712890625,0.0491520017385482,9.000000318337698e-06,110.30767059326172,959.8535923663205,14723.167398055746
2022-12-02 00:00:00+00:00,17088.66015625,1294.3033447265625,293.5274963378906,0.3962729871273041,0.3194069862365722,13.7156400680542,0.1021479964256286,0.0544210001826286,1.2029099464416504,0.9461979866027832,5.629522800445557,77.95148468017578,13.58639907836914,1.0000660419464111,7.615397930145264,3.957782030105591,0.0881069973111152,1408.41845703125,0.0489259995520114,9.000000318337698e-06,111.93447875976562,967.7837440302186,14829.872546098832
2022-12-03 00:00:00+00:00,16908.236328125,1243.3348388671875,290.5631408691406,0.3881469964981079,0.3196539878845215,13.302457809448242,0.0998239964246749,0.0536380000412464,1.2104990482330322,0.9031879901885986,5.501038074493408,76.59791564941406,13.431282043457031,0.999575972557068,7.243604183197021,3.7822790145874015,0.0864240005612373,1349.2662353515625,0.0475520007312297,9.000000318337698e-06,109.8917465209961,953.5837798810287,14668.490914026564
2022-12-04 00:00:00+00:00,17130.486328125,1280.256591796875,292.2882995605469,0.390735000371933,0.3227500021457672,13.718218803405762,0.1042860001325607,0.0531940013170242,1.2112380266189575,0.9221190214157104,5.595656871795654,77.21428680419922,13.925615310668944,1.0000200271606443,7.446814060211182,3.826280117034912,0.087847001850605,1394.0531005859375,0.0481549985706806,9.000000318337698e-06,111.15482330322266,968.290779448499,14864.087720853197
2022-12-05 00:00:00+00:00,16974.826171875,1259.6767578125,288.4742736816406,0.3895840048789978,0.3195169866085052,13.8311128616333,0.1014740020036697,0.0533050000667572,1.206563949584961,0.9111390113830566,5.488790035247803,80.26353454589844,13.60273265838623,0.9999039769172668,7.275837898254394,3.7842090129852295,0.0868749991059303,1369.38427734375,0.0485920011997222,9.000000318337698e-06,110.39720916748048,958.624850944025,14727.793732080288
2022-12-06 00:00:00+00:00,17089.50390625,1271.65380859375,290.3544616699219,0.3920939862728119,0.3184640109539032,14.288854598999023,0.1002779975533485,0.0536619983613491,1.20762300491333,0.9173889756202698,5.503151893615723,79.92121887207031,13.666421890258787,0.9999330043792723,7.13372802734375,3.813180923461914,0.08610700070858,1381.0616455078125,0.0482780002057552,9.000000318337698e-06,112.0299301147461,965.383530729569,14827.641753807833
2022-12-07 00:00:00+00:00,16848.126953125,1232.4375,284.284423828125,0.3837209939956665,0.3103199899196625,13.5196533203125,0.0957830026745796,0.0531090013682842,1.1912599802017212,0.89621901512146,5.299137115478516,77.03605651855469,13.264047622680664,0.9996569752693176,6.887232780456543,3.791166067123413,0.0842830017209053,1336.8133544921875,0.0470670014619827,9.000000318337698e-06,109.19988250732422,949.2724207304275,14615.475692104352
2022-12-08 00:00:00+00:00,17233.474609375,1281.1163330078125,290.53717041015625,0.3945449888706207,0.3148429989814758,13.68922233581543,0.0985400006175041,0.054492000490427,1.197924017906189,0.9277809858322144,5.430400848388672,78.3898696899414,13.40671443939209,0.9999520182609558,7.00632381439209,3.831773996353149,0.0855730026960372,1392.59130859375,0.04789499938488,9.000000318337698e-06,111.8478775024414,973.116340858404,14952.444070329748
2022-12-09 00:00:00+00:00,17133.15234375,1264.2847900390625,286.0904235839844,0.3891530036926269,0.3116770088672638,13.580187797546388,0.0966619998216629,0.0546530000865459,1.2138079404830933,0.9095150232315063,5.294414043426514,76.33456420898438,13.451823234558104,0.9995819926261902,6.8592848777771,3.7505979537963863,0.085156001150608,1376.6903076171875,0.0480579994618892,9.000000318337698e-06,109.74801635742188,966.3497631634841,14864.357498574891
2022-12-10 00:00:00+00:00,17128.724609375,1266.3841552734375,288.1252136230469,0.3866980075836181,0.312606006860733,13.576995849609377,0.0964569970965385,0.0547900013625621,1.2441710233688354,0.9082520008087158,5.273628234863281,76.3709945678711,13.480047225952148,1.0001039505004885,6.852805137634277,3.736380100250244,0.0852259993553161,1380.211181640625,0.0483860000967979,9.000000318337698e-06,109.072509765625,966.4735818943309,14860.896566769916
2022-12-11 00:00:00+00:00,17104.193359375,1263.8685302734375,284.3904113769531,0.3817490041255951,0.3077110052108764,13.427809715270996,0.0928749963641166,0.0539509989321231,1.2281559705734253,0.8932330012321472,5.167613983154297,76.6280517578125,12.995100021362305,0.999714970588684,6.714855194091797,3.754679918289185,0.083917997777462,1375.106689453125,0.0479330010712146,9.000000318337698e-06,106.33975219726562,964.6036239624589,14839.336817206327
2022-12-12 00:00:00+00:00,17206.4375,1274.6190185546875,276.2781982421875,0.3873940110206604,0.3069489896297455,13.318544387817385,0.0902580022811889,0.0535049997270107,1.2176309823989868,0.9105730056762696,5.169508934020996,76.22152709960938,12.991484642028809,1.0002679824829102,6.691596984863281,3.719918966293335,0.0842790007591247,1389.0909423828125,0.0473360009491443,9.000000318337698e-06,106.24568176269533,970.2324820919972,14928.49274016119
2022-12-13 00:00:00+00:00,17781.318359375,1320.5491943359375,271.9516906738281,0.3951019942760467,0.3128649890422821,13.833986282348633,0.0909399986267089,0.0544329993426799,1.228543996810913,0.9234340190887452,5.2769551277160645,77.344482421875,13.728175163269045,0.99993497133255,6.911356925964356,3.715490102767944,0.0839940011501312,1434.434326171875,0.0477580018341541,9.000000318337698e-06,110.0393524169922,1002.0590658556704,15427.296756835032
2022-12-14 00:00:00+00:00,17815.650390625,1309.3287353515625,268.2315368652344,0.3864139914512634,0.308133989572525,14.140525817871094,0.0885140001773834,0.0556659996509552,1.2410130500793457,0.9033470153808594,5.2152099609375,75.47586059570312,13.72756004333496,0.9995740056037904,6.728827953338623,3.77333402633667,0.0830139964818954,1425.1502685546875,0.046679001301527,9.000000318337698e-06,109.1084976196289,1002.4115767363493,15455.524975373168
2022-12-15 00:00:00+00:00,17364.865234375,1266.3538818359375,258.2737121582031,0.3782370090484619,0.3002009987831116,14.02151107788086,0.0847219973802566,0.0557739995419979,1.2381030321121216,0.8779810070991516,5.22664213180542,72.3354721069336,13.170801162719728,0.9996100068092346,6.45136308670044,3.68612003326416,0.081845998764038,1378.69091796875,0.0457720011472702,9.000000318337698e-06,107.25273895263672,975.9233642828817,15063.252558559194
2022-12-16 00:00:00+00:00,16647.484375,1168.2593994140625,231.23243713378903,0.3519879877567291,0.2640700042247772,12.266606330871582,0.0759420022368431,0.0529550015926361,1.1439189910888672,0.7957950234413147,4.655857086181641,66.32679748535156,11.846814155578612,0.9993900060653688,5.900253772735596,3.6942059993743896,0.0745640024542808,1276.3997802734375,0.0421009995043277,7.999999979801942e-06,100.19449615478516,930.0981788011682,14435.458702396541
2022-12-17 00:00:00+00:00,16795.091796875,1188.1495361328125,242.5292816162109,0.3548099994659424,0.2669000029563904,12.504404067993164,0.0792670026421547,0.0548710003495216,1.087370991706848,0.8161420226097107,4.710334777832031,64.9578857421875,11.963336944580078,0.9999560117721558,6.029943943023682,3.973858118057251,0.0757780000567436,1291.3590087890625,0.0430429987609386,7.999999979801942e-06,103.08944702148438,939.435094288503,14564.296403842005
2022-12-18 00:00:00+00:00,16757.9765625,1184.7152099609375,251.1563873291016,0.350270003080368,0.2663350105285644,12.41312026977539,0.0786409974098205,0.0537879988551139,1.0835189819335938,0.81386399269104,4.663687229156494,64.55413055419922,11.92267894744873,0.9989889860153198,5.963430881500244,3.990556955337525,0.0765969976782798,1280.9730224609375,0.0438940003514289,9.000000318337698e-06,102.10164642333984,937.3426828323942,14531.667751439578
2022-12-19 00:00:00+00:00,16439.6796875,1167.60986328125,240.6578063964844,0.3388699889183044,0.2529439926147461,11.932655334472656,0.0714289993047714,0.0536319985985755,1.0546300411224363,0.7727789878845215,4.47675895690918,63.3414306640625,11.382280349731444,0.9993659853935242,5.790945053100586,3.762727022171021,0.0733869969844818,1262.16357421875,0.0408580005168914,7.999999979801942e-06,98.55999755859376,919.6674109203268,14256.240854352141
2022-12-20 00:00:00+00:00,16906.3046875,1217.70361328125,251.7445373535156,0.3493730127811432,0.2590070068836212,12.28051471710205,0.074934996664524,0.0549850016832351,1.0715869665145874,0.8026710152626038,4.611708164215088,65.74638366699219,11.96780490875244,0.999705970287323,6.020202159881592,3.704309940338135,0.0759970024228096,1326.154296875,0.0428350009024143,7.999999979801942e-06,101.79222869873048,948.1791138685323,14663.590101908265
2022-12-21 00:00:00+00:00,16817.53515625,1213.5999755859375,246.04698181152344,0.3460200130939483,0.2531540095806122,12.128985404968262,0.0736790001392364,0.0548469983041286,1.0912350416183472,0.7929959893226624,4.480146884918213,65.39140319824219,11.696436882019045,0.9999470114707948,5.98125696182251,3.694192886352539,0.075092002749443,1319.931640625,0.0426479987800121,7.999999979801942e-06,100.34043884277344,943.0741067332674,14586.731837070653
2022-12-22 00:00:00+00:00,16830.341796875,1218.18212890625,245.890625,0.3495999872684479,0.2565230131149292,11.794829368591309,0.0769670009613037,0.0555519983172416,1.0802329778671265,0.7957280278205872,4.527610778808594,66.15167236328125,11.84343147277832,1.000113010406494,6.0027689933776855,3.7413229942321777,0.0757210031151771,1321.4827880859375,0.0434119999408721,7.999999979801942e-06,101.35968780517578,944.0501199839164,14598.09004548569
2022-12-23 00:00:00+00:00,16796.953125,1220.159423828125,246.14817810058597,0.3542729914188385,0.259429007768631,11.786166191101074,0.0771289989352226,0.0542359985411167,1.0808520317077637,0.7987340092658997,4.47208309173584,65.77222442626953,11.781726837158203,0.9996010065078736,5.942527770996094,3.696183919906616,0.0753670036792755,1331.80224609375,0.043528001755476,7.999999979801942e-06,101.9491958618164,943.0574399129059,14570.171249558178
2022-12-24 00:00:00+00:00,16847.755859375,1221.1485595703125,244.63552856445312,0.3521789908409118,0.2593680024147033,11.444275856018066,0.0776479989290237,0.0547420009970665,1.0885579586029053,0.795993983745575,4.453764915466309,65.77478790283203,11.680429458618164,0.9999579787254332,5.920003890991211,3.651279926300049,0.0743890032172203,1331.8255615234375,0.0438340008258819,7.999999979801942e-06,101.8064193725586,945.4211022987755,14613.8218710349
2022-12-25 00:00:00+00:00,16841.986328125,1218.9620361328125,243.14149475097656,0.3463920056819916,0.2592700123786926,11.387903213500977,0.0759520009160041,0.0548139996826648,1.0842100381851196,0.7951329946517944,4.493043899536133,69.20626831054688,11.684593200683594,1.0000430345535278,5.985958099365234,3.614375114440918,0.0738560035824775,1328.60888671875,0.043513998389244,7.999999979801942e-06,101.35171508789062,944.9597997495964,14608.546031799153
2022-12-26 00:00:00+00:00,16919.8046875,1226.974365234375,244.1982879638672,0.3657230138778686,0.265296995639801,11.306611061096191,0.0757829993963241,0.054552000015974,1.0791250467300415,0.8135169744491577,4.572048187255859,70.68474578857422,11.72385597229004,0.9999319911003112,6.0376691818237305,3.564668893814087,0.0751919969916343,1339.723388671875,0.0439449995756149,7.999999979801942e-06,103.38439178466795,949.7975140122578,14676.497867122122
2022-12-27 00:00:00+00:00,16717.173828125,1212.7916259765625,246.5966796875,0.3681260049343109,0.2603699862957001,11.085430145263672,0.0737240016460418,0.0541060008108615,1.069156050682068,0.8060250282287598,4.480312824249268,68.74790954589844,11.646395683288574,0.9997289776802064,5.899226188659668,3.595828056335449,0.0741370022296905,1322.5916748046875,0.0422409996390342,7.999999979801942e-06,101.69137573242188,938.5737099439053,14500.726195083962
2022-12-28 00:00:00+00:00,16552.572265625,1189.986083984375,244.1419219970703,0.3565309941768646,0.2483779937028885,9.755906105041504,0.0703810006380081,0.0541450008749961,1.0463789701461792,0.7828310132026672,4.282458782196045,66.33906555175781,11.202914237976074,1.0000319480895996,5.676936149597168,3.5384480953216557,0.0717789977788925,1297.7503662109375,0.0406240001320838,7.999999979801942e-06,99.17676544189452,928.0044866714243,14356.592812323594
2022-12-29 00:00:00+00:00,16642.341796875,1201.5953369140625,246.47972106933597,0.342846006155014,0.2441399991512298,9.651782989501951,0.071042001247406,0.0540140010416507,1.0659209489822388,0.7774189710617065,4.310527801513672,66.7510757446289,10.992694854736328,1.0001840591430664,5.603007793426514,3.5090489387512207,0.0720319971442222,1309.4144287109375,0.0394840016961097,7.999999979801942e-06,98.40066528320312,933.4627227124153,14435.019725869337
2022-12-30 00:00:00+00:00,16602.5859375,1199.2327880859375,245.7792205810547,0.3450169861316681,0.2455569952726364,9.880176544189451,0.0684039965271949,0.0543739981949329,1.0483839511871338,0.7605329751968384,4.32347583770752,67.99403381347656,10.870248794555664,0.9999759793281556,5.467444896697998,3.497890949249268,0.072342999279499,1306.66748046875,0.0375320017337799,7.999999979801942e-06,96.6463394165039,931.2655792748083,14400.57763423116
2022-12-31 00:00:00+00:00,16547.49609375,1196.771240234375,246.3491973876953,0.3399290144443512,0.2464659959077835,9.96103858947754,0.0702940002083778,0.0544999986886978,1.0730329751968384,0.7585170269012451,4.314823150634766,69.9962158203125,10.902632713317873,0.999767005443573,5.568657875061035,3.608647108078003,0.0711470022797584,1301.491455078125,0.0364289991557598,7.999999979801942e-06,97.0721435546875,928.4372492990472,14352.854495790732
2023-01-01 00:00:00+00:00,16625.080078125,1200.96484375,244.1369781494141,0.3387629985809326,0.2497709989547729,9.982172966003418,0.0702250003814697,0.0548200011253356,1.0597330331802368,0.7599729895591736,4.370816230773926,70.81565856933594,10.865915298461914,0.9997900128364564,5.622443199157715,3.5239028930664062,0.0725240036845207,1306.793212890625,0.0380840003490448,7.999999979801942e-06,96.95507049560548,932.5121325526712,14419.99164577108
2023-01-02 00:00:00+00:00,16688.470703125,1214.6566162109375,245.5359039306641,0.3485560119152069,0.2538279891014099,11.272967338562012,0.0714540034532547,0.0551569983363151,1.0600179433822632,0.7808520197868347,4.489374160766602,74.86290740966797,11.15361499786377,0.9995399713516236,5.687626838684082,3.498004913330078,0.0737179964780807,1322.24462890625,0.0388609990477561,7.999999979801942e-06,99.31005096435548,937.3744947966159,14476.161957799004
2023-01-03 00:00:00+00:00,16679.857421875,1214.77880859375,246.13336181640625,0.3438239991664886,0.2527959942817688,13.344045639038086,0.0704680010676384,0.054832998663187,1.058663010597229,0.7800769805908203,4.524363994598389,75.60272216796875,11.38444995880127,0.9998350143432616,5.622096061706543,3.4965078830718994,0.0736489966511726,1323.59033203125,0.0381250008940696,7.999999979801942e-06,99.64935302734376,937.2217019545328,14468.871706286041
2023-01-04 00:00:00+00:00,16863.23828125,1256.526611328125,259.11968994140625,0.3477939963340759,0.2676770091056824,13.435112953186035,0.0732370018959045,0.0547319985926151,1.0592349767684937,0.8063719868659973,4.630190849304199,75.43390655517578,12.07761287689209,1.000067949295044,5.804031848907471,3.5102219581604004,0.0738359987735748,1368.9617919921875,0.0385060012340545,7.999999979801942e-06,101.48273468017578,950.8543643405898,14631.498843725702
2023-01-05 00:00:00+00:00,16836.736328125,1250.4385986328125,256.4228515625,0.3380390107631683,0.26910200715065,13.419329643249512,0.0715499967336654,0.0536609999835491,1.0723429918289185,0.7885270118713379,4.617661952972412,74.25080871582031,11.740196228027344,0.9995219707489014,5.647834777832031,3.511863946914673,0.0728899985551834,1363.841796875,0.0383020006120204,7.999999979801942e-06,101.08454895019533,948.8293220665986,14608.068651871825
2023-01-06 00:00:00+00:00,16951.96875,1269.3790283203125,259.8671569824219,0.3446449935436249,0.278652012348175,13.52584171295166,0.0724700018763542,0.0524940006434917,1.084542989730835,0.7992159724235535,4.686106204986572,75.9925765991211,11.781206130981444,0.9996790289878844,5.7108001708984375,3.490010023117065,0.075043000280857,1379.939697265625,0.0391299985349178,7.999999979801942e-06,101.6265106201172,956.2720744775668,14709.06248751683
2023-01-07 00:00:00+00:00,16955.078125,1264.2703857421875,261.2828369140625,0.3442679941654205,0.2771050035953522,13.092267990112305,0.072222001850605,0.0520190000534057,1.0824790000915527,0.8067349791526794,4.665955066680908,76.37344360351562,11.74342441558838,0.9999909996986388,5.829194068908691,3.463397026062012,0.0756580010056495,1382.5018310546875,0.0396270006895065,7.999999979801942e-06,101.51829528808594,956.3604413404854,14711.601817672388
2023-01-08 00:00:00+00:00,17091.14453125,1287.3594970703125,274.38507080078125,0.3453580141067505,0.2952179908752441,14.31993293762207,0.0736010000109672,0.0538149997591972,1.0951980352401731,0.8403710126876831,4.801004886627197,77.6822738647461,12.072585105895996,1.0003770589828491,5.933166027069092,3.478800058364868,0.0771690011024475,1413.9547119140625,0.0418660007417202,9.000000318337698e-06,103.42367553710938,966.3037253126713,14831.721183918942
2023-01-09 00:00:00+00:00,17196.5546875,1321.5389404296875,272.7015380859375,0.3493399918079376,0.3171019852161407,16.30246353149414,0.0757839977741241,0.0546259991824626,1.1084009408950806,0.8442339897155762,4.894874095916748,81.747314453125,12.209636688232422,0.9998999834060668,6.072278022766113,3.4366860389709477,0.0794650018215179,1447.3385009765625,0.0446290001273155,9.000000318337698e-06,107.11087036132812,974.941965717808,14926.201604691712
2023-01-10 00:00:00+00:00,17446.29296875,1336.5860595703125,277.2896423339844,0.3512409925460815,0.3224959969520569,16.19672393798828,0.0777290016412735,0.054781999439001,1.1501779556274414,0.8584640026092529,4.918806076049805,80.88751983642578,12.731241226196287,0.9997220039367676,6.153703212738037,3.4635329246521,0.0795539990067482,1463.0567626953125,0.0446520000696182,9.000000318337698e-06,107.45953369140624,988.5226343431854,15142.398916616477
2023-01-11 00:00:00+00:00,17934.896484375,1387.9327392578125,285.0465087890625,0.3741579949855804,0.322748988866806,16.35941505432129,0.0781529992818832,0.0564859993755817,1.190951943397522,0.8934280276298523,5.129979133605957,84.0703125,15.91392421722412,1.0005470514297483,6.285185813903809,3.499967098236084,0.0814030021429061,1523.4053955078125,0.0457429997622966,9.000000318337698e-06,109.7518081665039,1017.9207308533502,15568.43764809344
2023-01-12 00:00:00+00:00,18869.587890625,1417.9384765625,287.8123474121094,0.3751969933509826,0.3297579884529114,16.619043350219727,0.0802860036492347,0.0571109987795352,1.2178410291671753,0.91628897190094,5.229477882385254,85.96422576904297,15.45734977722168,1.000059962272644,6.381331920623779,3.454652070999145,0.0816439986228942,1554.9261474609375,0.0476480014622211,9.000000318337698e-06,119.71046447753906,1066.0565357264875,16374.44603613683
2023-01-13 00:00:00+00:00,19909.57421875,1451.6148681640625,293.7330017089844,0.3858039975166321,0.3457710146903991,18.28844451904297,0.0844380035996437,0.0600109994411468,1.2229770421981812,0.9311019778251648,5.401745796203613,86.34003448486328,15.962223052978516,1.0007450580596924,6.601778984069824,3.506058931350708,0.0845820009708404,1591.7967529296875,0.0506020002067089,9.999999747378752e-06,124.35079956054688,1119.5874270941094,17271.33422897888
2023-01-14 00:00:00+00:00,20976.298828125,1550.7069091796875,305.2411193847656,0.3954429924488067,0.3525519967079162,24.24945831298828,0.0873230025172233,0.0618750005960464,1.2308789491653442,0.9996709823608398,6.024649143218994,87.81385803222656,16.958057403564453,0.9999989867210388,6.860321998596191,3.4382541179656982,0.08729799836874,1701.2520751953125,0.0531889982521534,9.999999747378752e-06,125.94871520996094,1181.3838326195441,18199.303126998588
2023-01-15 00:00:00+00:00,20880.798828125,1552.4794921875,302.0706481933594,0.3848809897899627,0.3503679931163788,22.873306274414062,0.0861309990286827,0.0623559989035129,1.2325780391693115,0.9835180044174194,5.928098201751709,87.36553192138672,16.797117233276367,0.9996910095214844,6.6939568519592285,3.475801944732666,0.0880630016326904,1703.725830078125,0.0522270016372203,1.1000000085914508e-05,124.9091339111328,1176.731312807612,18117.545398874558
2023-01-16 00:00:00+00:00,21169.6328125,1576.83349609375,298.9992370605469,0.3865759968757629,0.3500399887561798,23.577564239501957,0.083636000752449,0.0624300017952919,1.2141660451889038,1.0194920301437378,5.810772895812988,85.83431243896484,16.740787506103516,0.9993839859962464,6.66686487197876,3.5228869915008545,0.0877770036458969,1732.2926025390625,0.0536900013685226,1.1000000085914508e-05,123.95055389404295,1192.7675758612281,18368.537657467325
2023-01-17 00:00:00+00:00,21161.51953125,1567.8460693359375,299.82452392578125,0.3877109885215759,0.3457610011100769,22.884063720703125,0.0829820036888122,0.0617260001599788,1.2678849697113037,0.9960119724273682,5.95620584487915,87.11742401123047,17.1265926361084,0.9996359944343568,6.820442199707031,3.448854923248291,0.086396999657154,1718.322998046875,0.0542800016701221,1.1000000085914508e-05,122.8044662475586,1191.3311225273053,18360.216845251776
2023-01-18 00:00:00+00:00,20688.78125,1515.5069580078125,286.9910583496094,0.3794519901275635,0.3268350064754486,20.85063362121582,0.0801910012960434,0.0590029992163181,1.2402000427246094,0.9401209950447084,5.648100852966309,82.77532958984375,15.804330825805664,0.9994279742240906,6.350072860717773,3.4764530658721924,0.0825830027461052,1664.2991943359375,0.0541400015354156,1.1000000085914508e-05,119.09417724609376,1162.5590248937744,17948.063397199097
2023-01-19 00:00:00+00:00,21086.79296875,1552.5565185546875,294.8522033691406,0.3937849998474121,0.3390989899635315,21.42676544189453,0.0816600024700164,0.0601530000567436,1.252938985824585,0.9528899788856506,5.805564880371094,84.23226928710938,16.196353912353516,1.000203013420105,6.513941764831543,3.482045888900757,0.0843899995088577,1712.775390625,0.0614759996533393,1.2000000424450263e-05,121.66796112060548,1186.2156471697392,18294.809369171635
2023-01-20 00:00:00+00:00,22676.552734375,1659.754150390625,304.9731750488281,0.413343995809555,0.3645859956741333,25.54827117919922,0.0864029973745346,0.0628309994935989,1.283087968826294,1.0262500047683716,6.255242824554443,90.49322509765624,17.52127456665039,1.0001519918441772,6.95069694519043,3.466330051422119,0.0888860002160072,1830.0211181640625,0.0724800005555152,1.2000000424450263e-05,127.90760803222656,1273.9924694585704,19672.692548442723
2023-01-21 00:00:00+00:00,22777.625,1627.1181640625,299.2611694335937,0.403533011674881,0.3690260052680969,24.627838134765625,0.0847650021314621,0.0617320016026496,1.2917139530181885,0.98997700214386,6.249409198760986,88.31465148925781,16.896469116210938,0.9991940259933472,6.870330810546875,3.4767329692840576,0.0903860032558441,1795.0174560546875,0.071271002292633,1.2000000424450263e-05,128.22267150878906,1275.1448334659894,19755.428203985866
2023-01-22 00:00:00+00:00,22720.416015625,1628.382080078125,303.04644775390625,0.400967001914978,0.3765940070152282,24.232789993286133,0.0883039981126785,0.0616789981722831,1.2954009771347046,0.9940919876098632,6.205265998840332,87.62997436523438,17.362272262573242,0.9997000098228456,6.985128879547119,3.4569809436798096,0.0910359993577003,1793.0897216796875,0.0690610036253929,1.2000000424450263e-05,128.63442993164062,1272.562759690204,19706.30853785404
2023-01-23 00:00:00+00:00,22934.431640625,1628.2510986328125,305.50408935546875,0.4249430000782013,0.3755039870738983,24.357807159423828,0.0886050015687942,0.0628229975700378,1.3090779781341553,0.9951890110969543,6.577020168304443,90.02592468261719,18.0065860748291,0.9999390244483948,7.026174068450928,3.4255518913269043,0.094478003680706,1803.5516357421875,0.0684449970722198,1.2000000424450263e-05,133.3980712890625,1283.760695985248,19890.69768568191
2023-01-24 00:00:00+00:00,22636.46875,1556.604248046875,300.6123352050781,0.407707005739212,0.3592970073223114,22.795673370361328,0.0839499980211258,0.0602039992809295,1.3046809434890747,0.9559280276298524,6.186763763427734,87.202880859375,17.01931381225586,0.9994819760322572,6.659311771392822,3.450484037399292,0.0905049964785575,1721.7777099609375,0.0627489984035492,1.1000000085914508e-05,128.29624938964844,1261.4951540080547,19625.834201493086
2023-01-25 00:00:00+00:00,23117.859375,1611.7110595703125,307.3076477050781,0.4176929891109466,0.3734099864959717,24.57144546508789,0.0865940004587173,0.0618419982492923,1.3197760581970217,0.9936230182647704,6.406065940856934,89.38101196289062,17.803890228271484,0.9998779892921448,6.960362911224365,3.540163040161133,0.0924639999866485,1777.83544921875,0.0671060010790824,1.2000000424450263e-05,131.89364624023438,1290.4610721582858,20045.64336099591
2023-01-26 00:00:00+00:00,23032.77734375,1603.10595703125,304.8665466308594,0.4101029932498932,0.380059003829956,24.350696563720703,0.0863730013370513,0.0617309994995594,1.3173600435256958,1.122305989265442,6.474820137023926,87.5894546508789,18.108034133911133,0.9998859763145448,7.174172878265381,3.625325918197632,0.0919860005378723,1770.8665771484375,0.0670069977641105,1.2000000424450263e-05,134.0192108154297,1285.5949982220618,19971.701938672395
2023-01-27 00:00:00+00:00,23078.728515625,1598.156494140625,308.12310791015625,0.4127910137176513,0.3889789879322052,24.40785789489746,0.0871229991316795,0.0635820031166076,1.3327879905700684,1.1582740545272827,6.567625045776367,88.84580993652344,21.25410270690918,0.999983012676239,7.371270179748535,3.848947048187256,0.0925119966268539,1764.6641845703125,0.0694440007209777,1.2000000424450263e-05,134.9151153564453,1287.6899294511238,20010.52567460366
2023-01-28 00:00:00+00:00,23031.08984375,1572.43505859375,306.24432373046875,0.4081340134143829,0.3823510110378265,23.981801986694336,0.0877880007028579,0.0630920007824897,1.327679991722107,1.1442320346832275,6.398318767547607,89.60193634033203,20.60495948791504,0.9999420046806335,7.207572937011719,3.783552885055542,0.0927599966526031,1735.004150390625,0.0668340027332305,1.2000000424450263e-05,132.6318359375,1282.5502942792052,19966.34599431399
2023-01-29 00:00:00+00:00,23774.56640625,1646.1556396484375,317.3362121582031,0.4137639999389648,0.3963130116462707,26.132387161254883,0.0902329981327056,0.0637940019369125,1.3520629405975342,1.177880048751831,6.615758895874023,95.05005645751952,21.07977867126465,0.999916970729828,7.387718200683594,3.6770739555358887,0.0944399982690811,1821.0721435546875,0.0694150030612945,1.2000000424450263e-05,136.7196807861328,1326.688127938698,20614.026017041433
2023-01-30 00:00:00+00:00,22840.138671875,1567.3265380859375,307.0688781738281,0.3945910036563873,0.3725109994411468,23.94632148742676,0.0883369967341423,0.0622470006346702,1.342223048210144,1.0872349739074707,6.188151836395264,91.26243591308594,19.73917007446289,1.0003069639205933,6.906291961669922,3.571398973464966,0.0899429991841316,1733.24951171875,0.0641029998660087,1.2000000424450263e-05,130.90599060058594,1273.0859461755315,19802.041375836205
2023-01-31 00:00:00+00:00,23139.283203125,1586.535400390625,312.3610534667969,0.4063889980316162,0.3909260034561157,23.952547073364254,0.0961669981479644,0.062219999730587,1.3395179510116575,1.1113330125808716,6.264369010925293,94.30811309814452,19.84449958801269,0.9998019933700562,6.952308177947998,3.542026996612549,0.0907469987869262,1754.9478759765625,0.0645769983530044,1.2000000424450263e-05,133.396728515625,1289.8071341130042,20061.28005437087
2023-02-01 00:00:00+00:00,23723.76953125,1641.792724609375,317.4725952148437,0.41389200091362,0.3972429931163788,24.993358612060547,0.0941710025072097,0.0631930008530616,1.403709053993225,1.1949670314788818,6.466094970703125,100.4436264038086,20.96536445617676,1.000161051750183,7.216623783111572,3.355066061019897,0.0922759994864463,1809.7662353515625,0.069701999425888,1.2000000424450263e-05,136.29177856445312,1323.6791583528877,20569.505369621605
2023-02-02 00:00:00+00:00,23471.87109375,1643.2415771484375,323.34979248046875,0.4097470045089721,0.3975630104541778,24.26505851745605,0.0909790024161338,0.0637610033154487,1.4314440488815308,1.1804440021514893,6.5355329513549805,98.690185546875,21.1800594329834,0.9988750219345092,7.102139949798584,3.3310608863830566,0.0916339978575706,1812.4156494140625,0.0669389963150024,1.2000000424450263e-05,136.686279296875,1312.0666584505966,20353.573791340743
2023-02-03 00:00:00+00:00,23449.322265625,1664.74560546875,332.2686767578125,0.4122050106525421,0.404336005449295,24.680896759033203,0.0929870009422302,0.0641219988465309,1.5372810363769531,1.2442270517349243,7.011683940887451,99.9709243774414,21.36518669128418,0.9998630285263062,7.290623188018799,3.3746368885040283,0.0928089991211891,1844.72607421875,0.0723960027098655,1.2999999853491316e-05,137.89990234375,1314.1703197806473,20337.471645275098
2023-02-04 00:00:00+00:00,23331.84765625,1667.0592041015625,330.6170959472656,0.4113050103187561,0.399726003408432,24.317745208740234,0.095781996846199,0.0638239979743957,1.5436220169067385,1.2506279945373535,6.883106231689453,98.6144790649414,21.024635314941406,0.9996770024299622,7.238030910491943,3.411618947982788,0.0930330008268356,1836.8826904296875,0.0732870027422905,1.4999999621068127e-05,138.27224731445312,1308.1475908927498,20236.287510298847
2023-02-05 00:00:00+00:00,22955.666015625,1631.6458740234375,327.8693542480469,0.3989369869232178,0.3924719989299774,23.493438720703125,0.0920950025320053,0.0640849992632865,2.0226709842681885,1.204501032829285,6.644723892211914,96.45875549316406,20.10801696777344,0.9995970129966736,6.984615802764893,3.558608055114746,0.0909859985113143,1803.6614990234373,0.0699559971690177,1.4000000192027072e-05,134.46292114257812,1286.470911286079,19909.310062712153
2023-02-06 00:00:00+00:00,22760.109375,1616.2470703125,324.6271667480469,0.3928239941596985,0.3824209868907928,22.706388473510746,0.0895489975810051,0.0631939992308616,1.8186659812927248,1.1904150247573853,6.494799137115479,96.0624542236328,19.58503532409668,0.9992510080337524,6.832168102264404,3.3601460456848145,0.0888589993119239,1790.1297607421875,0.0675290003418922,1.4000000192027072e-05,131.60269165039062,1275.3737989405254,19739.708776109623
2023-02-07 00:00:00+00:00,23264.291015625,1672.0035400390625,333.2278747558594,0.403903990983963,0.3992100059986114,23.86135673522949,0.0925759971141815,0.0657740011811256,1.4455939531326294,1.268975019454956,6.942028045654297,100.92766571044922,20.845218658447266,1.0000180006027222,7.198653221130371,3.377384901046753,0.0920149981975555,1850.2572021484373,0.0749080032110214,1.4000000192027072e-05,135.96920776367188,1305.8925778844698,20179.38947920237
2023-02-08 00:00:00+00:00,22939.3984375,1650.716796875,328.0886535644531,0.3980520069599151,0.3940330147743225,23.192670822143555,0.0901559963822364,0.0668739974498748,1.4083759784698486,1.3039699792861938,6.749273777008057,99.2076187133789,20.08147430419922,0.9995200037956238,7.121416091918945,3.356365919113159,0.0909830033779144,1827.3531494140625,0.0751290023326873,1.4000000192027072e-05,131.4954376220703,1287.6946857898179,19897.842197050162
2023-02-09 00:00:00+00:00,21819.0390625,1546.438232421875,305.9604187011719,0.3824659883975982,0.3625310063362121,20.45212745666504,0.0814799964427948,0.0626140013337135,1.39730703830719,1.228342056274414,6.231307029724121,92.09846496582033,17.874452590942383,0.999343991279602,6.98314094543457,3.340524911880493,0.0855259969830513,1707.52294921875,0.0714629963040351,1.2000000424450263e-05,126.42708587646484,1221.7637548423995,18922.799084723545
2023-02-10 00:00:00+00:00,21651.18359375,1514.869140625,305.9541320800781,0.3826450109481811,0.3586350083351135,20.130109786987305,0.0810900032520294,0.0633229985833168,1.5960429906845093,1.2305949926376345,6.189690113067627,93.52928161621094,17.79853057861328,0.9992520213127136,6.902423858642578,3.3509409427642822,0.0856809988617897,1684.5792236328125,0.0760089978575706,1.2999999853491316e-05,124.68172454833984,1211.144860835952,18775.52384876129
2023-02-11 00:00:00+00:00,21870.875,1539.9267578125,310.61602783203125,0.38400799036026,0.3692019879817962,20.83009529113769,0.0823720023036003,0.0638049989938736,1.720263957977295,1.251412034034729,6.278796195983887,94.43054962158205,18.02908515930176,0.999680995941162,7.006326198577881,3.3511080741882324,0.0862739980220794,1706.52734375,0.0881469994783401,1.2999999853491316e-05,124.76457977294922,1224.1752784606356,18966.8830936209
2023-02-12 00:00:00+00:00,21788.203125,1515.03369140625,312.9296569824219,0.3752819895744324,0.3642959892749786,21.489978790283203,0.0821439996361732,0.0638369992375373,1.4818300008773804,1.2385159730911257,6.176514148712158,92.39573669433594,17.76869773864746,0.9997329711914062,6.807923793792725,3.329953908920288,0.0850659981369972,1677.9415283203125,0.0864180028438568,1.2999999853491316e-05,122.90042877197266,1217.607350975215,18892.773837910438
2023-02-13 00:00:00+00:00,21808.1015625,1507.1658935546875,294.475341796875,0.3716750144958496,0.3596270084381103,20.79010009765625,0.0821560025215148,0.065600000321865,1.5052390098571775,1.1868449449539185,6.121274948120117,91.12174987792967,17.6209716796875,0.9998949766159058,6.67165994644165,3.396423101425171,0.0851359963417053,1667.7696533203125,0.0858839973807334,1.2000000424450263e-05,123.85804748535156,1216.7540355837816,18908.666209796014
2023-02-14 00:00:00+00:00,22220.8046875,1556.8751220703125,296.120361328125,0.382407009601593,0.3864409923553467,21.824953079223636,0.0835340023040771,0.0667459964752197,1.5370789766311646,1.2587729692459106,6.227573871612549,95.68757629394533,18.147031784057617,1.0002110004425049,6.806429862976074,3.355365037918091,0.0859299972653389,1721.7481689453125,0.087627999484539,1.2999999853491316e-05,126.73186492919922,1241.867518887928,19269.04706682277
2023-02-15 00:00:00+00:00,24307.841796875,1673.7459716796875,317.1692199707031,0.4013519883155823,0.4181149899959564,23.883901596069336,0.0892909988760948,0.07082100212574,1.88300895690918,1.3300319910049438,6.609522819519043,102.79530334472656,19.923646926879883,0.9999560117721558,7.270598888397217,3.402966022491455,0.0901559963822364,1848.086669921875,0.0915639996528625,1.4000000192027072e-05,134.57415771484375,1354.7941936045347,21074.94869725303
2023-02-16 00:00:00+00:00,23623.474609375,1640.067626953125,304.7637023925781,0.3851569890975952,0.3879019916057586,22.285951614379883,0.0850439965724945,0.0668819993734359,2.061683893203736,1.3717230558395386,6.333875179290772,98.95220184326172,18.61483192443848,0.9982420206069946,7.028154850006104,3.3339269161224365,0.0866269990801811,1820.1690673828125,0.0838159993290901,1.2999999853491316e-05,128.01425170898438,1318.0269185754623,20483.762593684347
2023-02-17 00:00:00+00:00,24565.6015625,1694.7833251953125,313.37799072265625,0.3953019976615906,0.4039430022239685,23.166757583618164,0.0877659991383552,0.0704569965600967,2.166593074798584,1.525588035583496,7.278363227844238,100.30950927734376,19.477388381958008,0.9995949864387512,7.66677188873291,3.350986957550049,0.0906490013003349,1875.9237060546875,0.0854440033435821,1.2999999853491316e-05,133.4793243408203,1369.0590969632178,21299.022990443773
2023-02-18 00:00:00+00:00,24641.27734375,1691.8194580078125,316.6827087402344,0.3946300148963928,0.4063310027122497,23.478591918945312,0.0889270007610321,0.0701379999518394,2.118959903717041,1.486840009689331,7.242685794830322,99.7918472290039,19.578697204589844,0.9997640252113342,8.00831413269043,3.3533389568328857,0.0921059995889663,1877.5614013671875,0.0867149978876113,1.2999999853491316e-05,136.1602783203125,1372.8904328274693,21363.955435374803
2023-02-19 00:00:00+00:00,24327.642578125,1681.4361572265625,311.93585205078125,0.3863170146942138,0.4001069962978363,24.84075164794922,0.0869660004973411,0.0703850015997886,2.03922700881958,1.478551983833313,7.443704128265381,97.56421661376952,19.80207633972168,0.9992210268974304,7.99688720703125,3.341082096099853,0.0905790030956268,1857.805908203125,0.0874259993433952,1.2999999853491316e-05,135.9656524658203,1356.2577932923432,21092.93367260216
2023-02-20 00:00:00+00:00,24829.1484375,1702.6751708984375,315.37744140625,0.3985249996185303,0.4040029942989349,26.18138694763184,0.0882079973816871,0.0719399973750114,1.7456779479980469,1.4743280410766602,7.542162895202637,95.9408187866211,20.810766220092773,0.9999489784240724,8.00644588470459,3.335408926010132,0.0944809988141059,1888.71240234375,0.0866070017218589,1.2999999853491316e-05,144.5414276123047,1383.2207429227483,21526.572165709986
2023-02-21 00:00:00+00:00,24436.353515625,1658.036376953125,311.4720153808594,0.3919050097465515,0.3924170136451721,24.948558807373047,0.0854130014777183,0.0694670006632804,1.9013400077819824,1.384935975074768,7.248809814453125,93.70948028564452,20.94013023376465,1.0002139806747437,7.636673927307129,3.403006076812744,0.0948430001735687,1843.7564697265625,0.0825930014252662,1.2999999853491316e-05,145.24305725097656,1359.911963574883,21184.137345449977
2023-02-22 00:00:00+00:00,24188.84375,1643.231689453125,312.7811279296875,0.3955860137939453,0.3889209926128387,24.18134880065918,0.0855339989066124,0.0694340020418167,1.7403110265731812,1.3970240354537964,7.183218955993652,95.21892547607422,20.314476013183597,1.0001039505004885,7.708319187164307,3.366487979888916,0.0924339964985847,1823.188720703125,0.0823689997196197,1.2999999853491316e-05,141.8830108642578,1346.3406097799648,20969.58674934514
2023-02-23 00:00:00+00:00,23947.4921875,1651.0738525390625,308.533935546875,0.3891299962997436,0.3830229938030243,23.90080070495605,0.0842920020222663,0.0695940032601356,1.893947958946228,1.354701042175293,7.089574813842773,94.6919937133789,19.702638626098636,0.9998319745063782,7.936591148376465,3.328820943832397,0.0910179987549781,1827.073974609375,0.0807240009307861,1.2999999853491316e-05,138.9110870361328,1335.0038920072682,20763.048210271198
2023-02-24 00:00:00+00:00,23198.126953125,1608.3731689453125,302.0537109375,0.37847700715065,0.3658190071582794,23.053035736083984,0.0808999985456466,0.06785199791193,1.8895009756088257,1.265956997871399,6.614421844482422,91.55509948730467,18.36859893798828,0.9997609853744508,7.45567512512207,3.3811299800872803,0.0891129970550537,1789.9019775390625,0.077114000916481,1.2999999853491316e-05,132.81246948242188,1294.6147975289505,20115.04926587827
2023-02-25 00:00:00+00:00,23175.375,1594.9149169921875,302.3846130371094,0.3780849874019623,0.3623639941215515,22.523399353027344,0.0807859972119331,0.0678339973092079,1.9306249618530276,1.2488499879837036,6.540582180023193,93.2634506225586,17.95964241027832,1.0006749629974363,7.376634120941162,3.335145950317383,0.0880419984459877,1767.612060546875,0.0749429985880851,1.2000000424450263e-05,133.2133331298828,1291.8919521061482,20093.419942443015
2023-02-26 00:00:00+00:00,23561.212890625,1640.817138671875,308.9970703125,0.378040999174118,0.3689729869365692,23.256088256835938,0.0822020024061203,0.0695130005478859,1.9057320356369016,1.2811830043792725,6.689603805541992,95.25562286376952,18.44385528564453,1.0004069805145264,7.491860866546631,3.336472988128662,0.0889270007610321,1821.2633056640625,0.0748450011014938,1.2999999853491316e-05,136.25645446777344,1315.6319142771017,20430.532281494558
2023-02-27 00:00:00+00:00,23522.87109375,1634.326416015625,304.8558044433594,0.3791149854660034,0.3648990094661712,22.692588806152344,0.0813539996743202,0.0693970024585723,1.8912149667739868,1.235484004020691,6.588034152984619,94.08667755126952,17.939739227294922,0.999882996082306,7.27908992767334,3.325407028198242,0.0883739963173866,1817.603515625,0.0723069980740547,1.2999999853491316e-05,135.12850952148438,1312.9466150955893,20396.985514549036
2023-02-28 00:00:00+00:00,23147.353515625,1605.8951416015625,301.4748229980469,0.3771499991416931,0.3524540066719055,21.9163875579834,0.0807489976286888,0.0690110027790069,1.877624034881592,1.1952389478683472,6.344935894012451,93.79277801513672,17.081113815307617,0.999090015888214,7.19269609451294,3.3340089321136475,0.0870340019464492,1781.3118896484375,0.0691649988293647,1.2000000424450263e-05,131.9375,1291.5591580089404,20070.800223487364
2023-03-01 00:00:00+00:00,23646.55078125,1663.4337158203125,302.907470703125,0.383879005908966,0.3603560030460357,22.506431579589844,0.0819640010595321,0.0698779970407486,1.8361589908599851,1.2482359409332275,6.534181118011475,97.73766326904295,17.761022567749023,1.0002089738845823,7.52876615524292,3.337799072265625,0.0881019979715347,1843.9290771484373,0.0706230029463768,1.2000000424450263e-05,134.23985290527344,1321.5050561667954,20506.379306007486
2023-03-02 00:00:00+00:00,23475.466796875,1647.3193359375,299.9461669921875,0.3775799870491028,0.3502059876918793,21.984878540039062,0.0805199965834617,0.0696510002017021,1.832113981246948,1.2247730493545532,6.3269147872924805,95.25724029541016,17.447031021118164,0.9995629787445068,7.267749786376953,3.3338348865509038,0.0874520018696785,1841.093505859375,0.0690020024776458,1.2000000424450263e-05,131.7173309326172,1312.0119837570803,20358.385683904482
2023-03-03 00:00:00+00:00,22362.6796875,1569.1676025390625,290.2828369140625,0.3776710033416748,0.3427369892597198,21.39935302734375,0.0767770037055015,0.0671589970588684,1.7459169626235962,1.1677570343017578,6.033932209014893,90.5489730834961,16.654382705688477,0.9998610019683838,6.948713779449463,3.361752986907959,0.0856179967522621,1744.06982421875,0.063969001173973,1.1000000085914508e-05,126.12358856201172,1249.6284821198083,19392.80387598492
2023-03-04 00:00:00+00:00,22353.349609375,1566.9239501953125,289.5038757324219,0.3738130033016205,0.3364990055561065,20.96683883666992,0.0745560005307197,0.0666840001940727,1.7755759954452517,1.1264450550079346,5.912603855133057,89.28953552246094,16.11780548095703,0.9999390244483948,6.852447032928467,3.3986940383911133,0.0836040005087852,1734.8807373046875,0.0645480006933212,1.1000000085914508e-05,124.41452026367188,1248.405347272539,19384.087464624405
2023-03-05 00:00:00+00:00,22435.513671875,1564.46875,288.69970703125,0.3671939969062805,0.3371019959449768,20.97858428955078,0.0747950002551078,0.0672560036182403,1.7697290182113647,1.1374499797821045,5.980068206787109,89.9533462524414,16.159337997436523,0.9998999834060668,6.94422721862793,3.354495048522949,0.0827530026435852,1739.9415283203125,0.0640340000391006,1.1000000085914508e-05,124.03861236572266,1252.4253596469741,19454.7677618479
2023-03-06 00:00:00+00:00,22429.7578125,1567.398681640625,288.0549621582031,0.3704710006713867,0.3308210074901581,20.635011672973636,0.0748049989342689,0.067400999367237,1.7381069660186768,1.1317520141601562,5.922526836395264,87.42292022705078,16.52437973022461,0.9996219873428344,6.862199783325195,3.357404947280884,0.0835079997777938,1742.1209716796875,0.0639569982886314,1.1000000085914508e-05,124.19681549072266,1252.2435305542162,19450.11527496901
2023-03-07 00:00:00+00:00,22219.76953125,1561.93310546875,289.3436889648437,0.3805480003356933,0.3304829895496368,20.24473190307617,0.0740479975938797,0.0662629976868629,1.7079240083694458,1.149590015411377,5.851391792297363,86.3019027709961,16.169782638549805,1.0002449750900269,6.871420860290527,3.385296106338501,0.0827990025281906,1738.470947265625,0.062730997800827,1.1000000085914508e-05,122.15843963623048,1241.6835657448269,19269.328279206937
2023-03-08 00:00:00+00:00,21718.080078125,1534.0882568359375,286.86700439453125,0.3891879916191101,0.3175770044326782,18.42119407653809,0.0711300000548362,0.065260000526905,1.6991750001907349,1.0517879724502563,5.595501899719238,82.78353118896484,15.134352684020996,0.9987710118293762,6.584420204162598,3.368865966796875,0.0817890018224716,1708.9517822265625,0.0607540011405944,1.1000000085914508e-05,116.58035278320312,1214.3424182556907,18835.257383126875
2023-03-09 00:00:00+00:00,20363.021484375,1438.6607666015625,277.2961120605469,0.3721300065517425,0.3096779882907867,17.308147430419922,0.0659869983792305,0.0584569983184337,1.680842041969299,1.0153640508651731,5.380725860595703,76.73104858398438,14.403960227966309,0.9998599886894226,6.158695220947266,3.363014936447144,0.0770860016345977,1596.79833984375,0.0575009994208812,9.999999747378752e-06,110.1605987548828,1138.7580861414392,17659.815942519886
2023-03-10 00:00:00+00:00,20187.244140625,1429.1580810546875,277.4195861816406,0.3706220090389251,0.3153420090675354,18.24364280700684,0.0658330023288726,0.0574170015752315,1.6088989973068235,1.058904051780701,5.554636001586914,71.76221466064453,14.82969093322754,0.9989680051803588,6.225045204162598,3.458240032196045,0.0781550034880638,1598.795654296875,0.0590980015695095,9.999999747378752e-06,111.6947250366211,1129.9523288054754,17508.521522916937
2023-03-11 00:00:00+00:00,20632.41015625,1482.61669921875,277.96142578125,0.3668319880962372,0.307327002286911,18.22584342956543,0.0665939971804618,0.0592719987034797,1.610185980796814,1.064281940460205,5.507718086242676,69.70695495605469,14.638959884643556,0.9738690257072448,6.207980155944824,3.5282111167907715,0.0793950036168098,1651.9041748046875,0.0585310012102127,9.999999747378752e-06,114.32966613769533,1156.267813702842,17896.896205646128
2023-03-12 00:00:00+00:00,22163.94921875,1590.29296875,289.67578125,0.3733179867267608,0.3315390050411224,20.310531616210938,0.0710010007023811,0.0647099986672401,1.590054988861084,1.1569880247116089,5.916477203369141,76.31184387207031,16.256580352783203,0.9925850033760072,6.589978218078613,3.7320399284362793,0.0830669999122619,1769.9078369140625,0.0620869994163513,1.1000000085914508e-05,121.01817321777344,1241.3660376704856,19224.891470624847
2023-03-13 00:00:00+00:00,24197.533203125,1680.3089599609375,308.9122009277344,0.3737860023975372,0.3445850014686584,20.433712005615234,0.0730409994721412,0.067220002412796,1.638550043106079,1.1934000253677368,6.115265846252441,81.7682876586914,16.500085830688477,0.99891597032547,6.776379108428955,3.3769359588623047,0.084755003452301,1862.5953369140625,0.0645259991288185,1.1000000085914508e-05,127.04195404052734,1348.3905291154254,20981.31140069395
2023-03-14 00:00:00+00:00,24746.07421875,1703.507080078125,309.37078857421875,0.3742789924144745,0.3443079888820648,20.92803382873535,0.0747869983315467,0.0671330019831657,1.7255630493164062,1.200760006904602,6.243840217590332,84.35054016113281,17.180816650390625,0.99897700548172,6.975945949554443,3.342089891433716,0.0884360000491142,1893.7012939453125,0.0659800022840499,1.1000000085914508e-05,131.37879943847656,1377.5235086443151,21455.393197164623
2023-03-15 00:00:00+00:00,24375.9609375,1656.1805419921875,307.1249389648437,0.3605580031871795,0.3246369957923889,19.29098129272461,0.0698660016059875,0.0653129965066909,1.823341965675354,1.114243984222412,5.885962009429932,76.42815399169922,15.585168838500977,0.9991649985313416,6.55108118057251,3.351954936981201,0.0839250013232231,1835.0823974609373,0.0601200014352798,9.999999747378752e-06,123.4795913696289,1353.8010899755136,21131.36036468568
2023-03-16 00:00:00+00:00,25052.7890625,1677.2154541015625,329.8608703613281,0.3660250008106231,0.3253830075263977,19.73054313659668,0.0727180019021034,0.0653669983148574,1.826964020729065,1.1507469415664673,6.101112842559815,79.05355072021484,15.87647819519043,0.999396026134491,6.674513816833496,3.353503942489624,0.084757000207901,1864.6588134765625,0.0610899999737739,1.1000000085914508e-05,126.14076232910156,1389.828910639029,21715.478342531656
2023-03-17 00:00:00+00:00,27423.9296875,1792.485107421875,339.0811462402344,0.3803820013999939,0.3505240082740783,21.62910270690918,0.0765089988708496,0.0677950009703636,1.8795779943466189,1.2244999408721924,6.635837078094482,85.5023193359375,17.64643669128418,1.000473976135254,7.225374221801758,3.491365909576416,0.0880940034985542,1991.524169921875,0.0654049962759018,1.1000000085914508e-05,135.60182189941406,1515.708840040364,23765.10554594826
2023-03-18 00:00:00+00:00,26965.87890625,1761.65966796875,331.5242919921875,0.3744330108165741,0.3377110064029693,21.19590187072754,0.0730499997735023,0.0658769980072975,1.835093975067139,1.171612024307251,6.328587055206299,82.9837417602539,16.987367630004883,0.9981600046157836,6.933574199676514,3.3551430702209477,0.0856110006570816,1960.3792724609373,0.0624229982495307,1.1000000085914508e-05,131.30953979492188,1490.168570289085,23368.206350848162
2023-03-19 00:00:00+00:00,28038.67578125,1785.5765380859375,336.9782409667969,0.3884649872779846,0.3460099995136261,21.90340232849121,0.07481300085783,0.0667689964175224,1.9021910429000852,1.168956995010376,6.470154762268066,84.43609619140625,17.563106536865234,0.9983090162277222,7.102636814117432,3.3703958988189697,0.0879300013184547,1988.2568359375,0.0648790001869201,1.1000000085914508e-05,136.12599182128906,1544.3598816492001,24292.156940341505
2023-03-20 00:00:00+00:00,27767.236328125,1735.3212890625,332.9230041503906,0.3746280074119568,0.3325949907302856,22.176464080810547,0.0714870020747184,0.0651109963655471,1.9532450437545776,1.1040970087051392,6.095547199249268,78.42455291748047,16.64081382751465,0.9968069791793824,7.057743072509766,3.3496510982513428,0.0865200012922287,1928.875732421875,0.061693999916315,9.999999747378752e-06,130.60391235351562,1525.4167253494536,24052.626940504524
2023-03-21 00:00:00+00:00,28175.81640625,1806.7607421875,335.3092346191406,0.4697099924087524,0.3712359964847564,22.61826705932617,0.076894000172615,0.0671830028295517,1.9118740558624268,1.1565070152282717,6.383082866668701,82.7353515625,17.4854679107666,0.9990440011024476,7.407576084136963,3.457181930541992,0.0965429991483688,2010.5523681640625,0.0642530024051666,1.1000000085914508e-05,134.4617462158203,1552.771460948386,24412.390422739412
2023-03-22 00:00:00+00:00,27307.4375,1737.717041015625,321.8877258300781,0.4224799871444702,0.3606129884719848,21.48048591613769,0.0739990025758743,0.0598750002682209,1.8333319425582888,1.1099519729614258,6.063480854034424,87.35688781738281,16.77981185913086,0.9988669753074646,7.180304050445557,3.356271982192993,0.0908949971199035,1937.3448486328125,0.0604589991271495,1.1000000085914508e-05,126.23603057861328,1503.7071843524757,23658.51769034343
2023-03-23 00:00:00+00:00,28333.97265625,1816.4051513671875,329.8370056152344,0.4448499977588653,0.3720450103282928,22.216777801513672,0.0774120017886161,0.0652630031108856,1.856351017951965,1.1370240449905396,6.325469970703125,93.70100402832033,17.562936782836914,0.9987890124320984,7.621306896209717,3.3803799152374268,0.0925510004162788,2014.509033203125,0.062474001199007,1.1000000085914508e-05,128.81271362304688,1560.9262478830185,24548.867525056135
2023-03-24 00:00:00+00:00,27493.28515625,1752.0447998046875,322.3593444824219,0.4259020090103149,0.3600830137729645,20.678855895996094,0.0746800005435943,0.0634429976344108,1.847694993019104,1.097398042678833,6.028029918670654,93.70990753173828,16.986759185791016,0.9995650053024292,7.206892013549805,3.446163892745972,0.0888840034604072,1952.7119140625,0.0600069984793663,1.1000000085914508e-05,123.89299011230467,1514.160403867348,23819.77683606123
2023-03-25 00:00:00+00:00,27494.70703125,1743.7647705078125,322.6730651855469,0.4447160065174103,0.3519960045814514,20.446645736694336,0.0740439966320991,0.0637229979038238,1.836266040802002,1.079203963279724,5.908658027648926,91.58114624023438,16.880115509033203,0.9994789958000184,7.084826946258545,3.3651669025421143,0.0907590016722679,1941.8035888671875,0.0602799989283084,1.1000000085914508e-05,125.15267944335938,1513.255627267735,23819.8753790539
2023-03-26 00:00:00+00:00,27994.330078125,1775.6767578125,328.88800048828125,0.4488170146942138,0.3562450110912323,20.97551918029785,0.0744170024991035,0.0642160028219223,1.838628053665161,1.105597972869873,6.052051067352295,93.5251922607422,17.13402557373047,0.9991549849510192,7.262111186981201,3.4670069217681885,0.0919620022177696,1979.9967041015625,0.0620380006730556,1.1000000085914508e-05,124.87345886230467,1540.8200948869526,24252.887136164063
2023-03-27 00:00:00+00:00,27139.888671875,1715.4608154296875,310.9491271972656,0.4799909889698028,0.3455100059509277,19.921674728393555,0.0728949978947639,0.0635799989104271,1.761991024017334,1.0469709634780884,5.873617172241211,89.24687194824219,16.503171920776367,0.9990630149841307,6.872753143310547,3.381779909133911,0.0925989970564842,1912.6160888671875,0.0592689998447895,9.999999747378752e-06,120.26806640625,1492.6621198851713,23511.811504299174
2023-03-28 00:00:00+00:00,27268.130859375,1772.78564453125,313.2606201171875,0.5150579810142517,0.3683539927005768,20.4706974029541,0.0738229975104332,0.0642149969935417,1.7807929515838623,1.0876660346984863,6.064446926116943,89.13937377929688,16.726268768310547,0.9998030066490172,6.955334186553955,3.4021248817443848,0.0977139994502067,1974.6092529296875,0.0596459992229938,9.999999747378752e-06,121.0765380859375,1504.6508687116125,23628.91811541349
2023-03-29 00:00:00+00:00,28348.44140625,1793.0018310546875,313.8417663574219,0.5435770153999329,0.3815889954566955,21.111467361450195,0.0756269991397857,0.0643410012125969,1.829692006111145,1.122851014137268,6.180756092071533,91.34173583984376,17.2939395904541,0.999210000038147,7.382523059844971,3.406269073486328,0.1018889993429184,1986.49853515625,0.0687059983611106,1.1000000085914508e-05,123.31118774414062,1557.952329076612,24558.08793418697
2023-03-30 00:00:00+00:00,28033.5625,1792.7371826171875,316.56756591796875,0.5342490077018738,0.376459002494812,20.55104637145996,0.0742449983954429,0.0648199990391731,1.8716609477996824,1.092411994934082,6.118803977966309,89.05989074707031,17.245332717895508,0.9999819993972778,7.232709884643555,3.457009077072144,0.1062690019607544,1998.307861328125,0.0648680031299591,1.1000000085914508e-05,121.12210845947266,1543.3879517644625,24288.502018804284
2023-03-31 00:00:00+00:00,28478.484375,1822.0220947265625,317.0400085449219,0.5384920239448547,0.3989230096340179,21.17049598693848,0.0770350024104118,0.0656159967184066,1.8533960580825808,1.1191619634628296,6.341023921966553,89.68412780761719,17.716890335083008,0.9994149804115297,7.594569206237793,3.48077392578125,0.1120840013027191,2033.79296875,0.0733899995684623,1.1000000085914508e-05,124.0087890625,1567.9320781572924,24674.23647847869
2023-04-01 00:00:00+00:00,28411.03515625,1813.860595703125,315.2173156738281,0.5147410035133362,0.3853879868984222,20.97564125061035,0.0840509980916976,0.066841997206211,1.8740129470825195,1.105478048324585,6.40951681137085,92.87535095214844,17.662683486938477,0.999235987663269,7.47448205947876,3.404896974563598,0.1077589988708496,2026.77099609375,0.0734729990363121,1.1000000085914508e-05,125.5730438232422,1564.1176510021785,24615.46465585977
2023-04-02 00:00:00+00:00,28199.30859375,1795.7081298828125,313.9286193847656,0.5189530253410339,0.381752997636795,20.536975860595703,0.0790890008211135,0.0653119981288909,1.8465559482574463,1.0965059995651243,6.267229080200195,93.01597595214844,17.263288497924805,0.9998440146446228,7.259294033050537,3.395761013031006,0.106625996530056,1997.7835693359373,0.0728709995746612,1.1000000085914508e-05,123.0359878540039,1551.5557593154747,24430.917067652437
2023-04-03 00:00:00+00:00,27790.220703125,1810.297119140625,308.5623779296875,0.4969600141048431,0.3871389925479889,20.443050384521484,0.0960789993405342,0.065760999917984,1.827172040939331,1.0970200300216677,6.432228088378906,93.03733825683594,17.101024627685547,0.9992830157279968,7.239348888397217,3.4418749809265137,0.1067880019545555,2019.6046142578125,0.0680859982967376,1.1000000085914508e-05,127.8363037109375,1533.7790610706504,24081.939975620804
2023-04-04 00:00:00+00:00,28168.08984375,1871.005126953125,310.9948425292969,0.50347900390625,0.3896830081939697,20.924619674682617,0.095159001648426,0.0657830014824867,1.8541749715805051,1.1390889883041382,6.441699981689453,92.60042572021484,17.64712142944336,0.9993630051612854,7.379016876220703,3.398190975189209,0.1061670035123825,2097.50830078125,0.067451998591423,1.1000000085914508e-05,127.13724517822266,1558.492704515796,24414.44418004172
2023-04-05 00:00:00+00:00,28177.984375,1909.114013671875,314.06317138671875,0.5062350034713745,0.3923639953136444,20.966007232666016,0.0928170010447502,0.0661090016365051,1.8641120195388796,1.1405149698257446,6.40403413772583,92.6221160888672,17.989526748657227,0.9992700219154358,7.325242042541504,3.378282070159912,0.1072840020060539,2129.31298828125,0.0669820010662078,1.1000000085914508e-05,127.248291015625,1562.4592260329478,24427.052695709666
2023-04-06 00:00:00+00:00,28044.140625,1872.922607421875,312.45465087890625,0.5032979846000671,0.3832100033760071,20.61012840270996,0.0854120030999183,0.0660979971289634,1.8800389766693115,1.1136380434036257,6.280776023864746,90.9291534423828,18.001949310302734,0.999871015548706,7.200003147125244,3.392374038696289,0.1057809963822364,2096.41943359375,0.0655490010976791,1.1000000085914508e-05,126.07366180419922,1552.5537271469104,24308.093559269433
2023-04-07 00:00:00+00:00,27925.859375,1865.6361083984373,310.6994934082031,0.5137360095977783,0.3836430013179779,20.469940185546875,0.08245600014925,0.0661130025982856,1.9245610237121584,1.1075780391693115,6.184780120849609,90.6383285522461,17.624462127685547,0.9997959733009338,7.277441024780273,3.375566005706787,0.1064610034227371,2080.88525390625,0.0649930015206337,1.1000000085914508e-05,124.68407440185548,1545.6468652945882,24205.191055184714
2023-04-08 00:00:00+00:00,27947.794921875,1849.4981689453125,310.6347351074219,0.5057160258293152,0.3856349885463714,20.036449432373047,0.0814049988985061,0.0661529973149299,1.9398930072784424,1.1024819612503052,6.135956764221191,89.9751968383789,17.464860916137695,0.99932199716568,7.137541770935059,3.358529090881348,0.1044140011072158,2066.7373046875,0.0648010000586509,1.1000000085914508e-05,123.81997680664062,1545.1354035339168,24222.23292718457
2023-04-09 00:00:00+00:00,28333.05078125,1859.3878173828125,312.87225341796875,0.5058339834213257,0.3896929919719696,20.29946517944336,0.0832900032401084,0.0666519999504089,1.905488967895508,1.1019220352172852,6.216215133666992,90.67667388916016,17.560928344726562,0.999336004257202,7.212092876434326,3.377552032470703,0.1048130020499229,2074.520751953125,0.0647180005908012,1.1000000085914508e-05,125.55250549316406,1564.5689902353126,24553.97905486399
2023-04-10 00:00:00+00:00,29652.98046875,1911.20751953125,318.3790588378906,0.5183179974555969,0.3969889879226684,20.88235664367676,0.0848520025610923,0.0673360005021095,1.8769869804382324,1.1213159561157229,6.290450096130371,93.82122802734376,17.932527542114258,1.0001100301742554,7.344665050506592,3.3902480602264404,0.1057280004024505,2132.498046875,0.0662240013480186,1.1000000085914508e-05,127.98754119873048,1633.2358086461802,25693.43875614921
2023-04-11 00:00:00+00:00,30235.05859375,1892.189697265625,322.7582702636719,0.5175179839134216,0.4014559984207153,23.01882743835449,0.0842370018362999,0.0664319992065429,1.903998017311096,1.1138880252838137,6.42575216293335,94.31179809570312,18.16439437866211,0.9996160268783568,7.313779830932617,3.3646440505981445,0.1051840037107467,2111.894775390625,0.0653930008411407,1.1000000085914508e-05,129.1404571533203,1659.4713677541822,26190.776282455034
2023-04-12 00:00:00+00:00,30139.052734375,1920.68212890625,318.9537658691406,0.5061150193214417,0.4065630137920379,23.98530578613281,0.0834330022335052,0.0650260001420974,2.0110979080200195,1.1106200218200684,6.4151930809021,92.50415802001952,18.491119384765625,1.0001920461654663,7.250481128692627,3.424237966537476,0.1045759990811348,2138.42822265625,0.0643500015139579,1.1000000085914508e-05,128.86749267578125,1657.3050868505504,26111.565250813233
2023-04-13 00:00:00+00:00,30399.06640625,2012.6346435546875,324.9480895996094,0.5132920145988464,0.4257589876651764,24.432308197021484,0.0874840021133422,0.065309002995491,1.9786909818649288,1.1346789598464966,6.6424479484558105,94.2594985961914,18.85436248779297,1.0000540018081665,7.464562892913818,3.384704113006592,0.1054480001330375,2230.96826171875,0.0667160004377365,1.1000000085914508e-05,131.23565673828125,1679.012780240389,26345.63950160038
2023-04-14 00:00:00+00:00,30485.69921875,2101.635498046875,329.1738586425781,0.5239930152893066,0.4383299946784973,24.77272224426269,0.0887850001454353,0.0662579983472824,1.9479249715805051,1.1620399951934814,6.734031200408936,96.45197296142578,19.248788833618164,0.9997050166130066,7.752357006072998,3.436469078063965,0.1070630028843879,2348.89697265625,0.0674799978733062,1.1000000085914508e-05,132.49490356445312,1693.414208713172,26432.230371500296
2023-04-15 00:00:00+00:00,30318.49609375,2092.466796875,333.40728759765625,0.5204439759254456,0.4532800018787384,24.07937812805176,0.0889739990234375,0.0660009980201721,1.9329370260238647,1.17289400100708,6.806902885437012,96.8682098388672,19.10762023925781,0.9995250105857848,8.013286590576172,3.401599884033203,0.1066019982099533,2339.764404296875,0.0682390034198761,1.2000000424450263e-05,132.8057861328125,1684.7917273444127,26287.673307925732
2023-04-16 00:00:00+00:00,30315.35546875,2120.005859375,348.2209167480469,0.5213919878005981,0.4517549872398376,25.361927032470703,0.0904719978570938,0.066551998257637,1.9426809549331665,1.1838619709014893,6.833064079284668,100.26744842529295,20.20197868347168,0.9994990229606628,8.136897087097168,3.4174959659576416,0.1074540019035339,2365.95263671875,0.0692090019583702,1.2000000424450263e-05,134.45375061035156,1688.268587209502,26288.261568178026
2023-04-17 00:00:00+00:00,29445.044921875,2076.242919921875,339.9941101074219,0.5111269950866699,0.4341669976711273,24.55884552001953,0.091448999941349,0.0657839998602867,1.9160490036010744,1.1529539823532104,6.695542812347412,98.67469787597656,20.514562606811523,0.9992830157279968,8.164322853088379,3.397697925567627,0.1040749996900558,2317.296142578125,0.0664580017328262,1.1000000085914508e-05,131.61575317382812,1641.7876606783677,25535.726670347663
2023-04-18 00:00:00+00:00,30397.552734375,2104.537353515625,343.1934509277344,0.532263994216919,0.4437519907951355,24.852689743041992,0.0939889997243881,0.0667620003223419,1.934692978858948,1.171897053718567,6.922027111053467,101.8514175415039,21.22784805297852,1.0002809762954712,8.576398849487305,3.417860984802246,0.1055840030312538,2355.2451171875,0.0680370032787323,1.2000000424450263e-05,133.6016845703125,1690.7807549456802,26357.246093713056
2023-04-19 00:00:00+00:00,28822.6796875,1936.4034423828125,322.70751953125,0.4915989935398102,0.4157930016517639,22.71283531188965,0.0878679975867271,0.0658489987254142,1.8151750564575195,1.0855530500411987,6.319921016693115,90.44068145751952,18.99392509460449,0.9999319911003112,7.770359992980957,3.3987629413604736,0.097690001130104,2171.555419921875,0.0624159984290599,1.1000000085914508e-05,125.0929183959961,1596.8189218874115,24984.553836210092
2023-04-20 00:00:00+00:00,28245.98828125,1943.09765625,317.8899230957031,0.4748579859733581,0.4007309973239898,22.181440353393555,0.0839369967579841,0.0654129981994628,1.8336609601974487,1.0471500158309937,6.11122989654541,90.23965454101562,18.332067489624023,0.998947024345398,7.51875114440918,3.458221912384033,0.0957610011100769,2169.99658203125,0.0618479996919631,1.1000000085914508e-05,123.1105728149414,1569.189842750414,24489.79559857309
2023-04-21 00:00:00+00:00,27276.91015625,1849.9998779296875,321.67498779296875,0.449396014213562,0.3829390108585357,21.278135299682617,0.0784789994359016,0.0650010034441948,1.8071060180664065,1.0126760005950928,5.851493835449219,85.51734161376953,16.953628540039062,0.9996230006217957,7.117650032043457,3.4951601028442383,0.0930130034685134,2072.59814453125,0.0596689991652965,9.999999747378752e-06,119.75077056884766,1513.6235837403071,23646.800164867054
2023-04-22 00:00:00+00:00,27817.5,1874.2286376953125,331.9950866699219,0.4726609885692596,0.3961530029773712,21.81628799438477,0.080375000834465,0.0660749971866607,1.8700170516967771,1.0253440141677856,5.953291893005371,87.09852600097656,17.23383903503418,0.999761998653412,7.179794788360596,3.5214738845825195,0.0955929979681968,2104.4482421875,0.0611659996211528,9.999999747378752e-06,122.23889923095705,1542.7752969253195,24114.208698265917
2023-04-23 00:00:00+00:00,27591.384765625,1862.06201171875,330.61883544921875,0.4650160074234009,0.3889999985694885,21.480138778686523,0.0788199976086616,0.0666769966483116,1.8128410577774048,1.0036760568618774,5.917685031890869,86.89732360839844,16.86546516418457,0.999978005886078,7.079930782318115,3.512465000152588,0.0945729985833168,2087.49072265625,0.0603079982101917,9.999999747378752e-06,119.92919158935548,1530.3909254534178,23918.377510217135
2023-04-24 00:00:00+00:00,27525.33984375,1842.7574462890625,331.2458801269531,0.4612730145454407,0.3839159905910492,21.391069412231445,0.0787839964032173,0.0661400035023689,1.7545559406280518,0.9899200201034546,5.891438007354736,88.40734100341797,16.939165115356445,0.999867022037506,7.076444149017334,3.5229458808898926,0.093479998409748,2071.80322265625,0.0599119998514652,9.999999747378752e-06,119.3284683227539,1525.6471963190172,23859.64402706074
2023-04-25 00:00:00+00:00,28307.59765625,1866.753662109375,338.3255615234375,0.4699949920177459,0.3949190080165863,21.92725372314453,0.0798470005393028,0.0658629983663559,1.7223349809646606,1.0058540105819702,6.001255989074707,91.10834503173828,17.64320945739746,0.9998049736022948,7.27154016494751,3.5441060066223145,0.0949160009622573,2086.460693359375,0.0609420016407966,9.999999747378752e-06,120.19910430908205,1565.3203273281376,24533.402140202925
2023-04-26 00:00:00+00:00,28422.701171875,1866.564208984375,330.82177734375,0.4620369970798492,0.4014979898929596,21.28301239013672,0.0786229968070983,0.0651829987764358,1.7270009517669678,0.9861339926719666,5.852431774139404,88.25418853759766,17.189762115478516,1.0000909566879272,7.00423002243042,3.5038061141967773,0.0935579985380172,2085.818359375,0.0603629983961582,9.999999747378752e-06,117.64835357666016,1570.0721809518755,24632.061764278198
2023-04-27 00:00:00+00:00,29473.787109375,1908.786376953125,331.1950988769531,0.4668680131435394,0.4098429977893829,22.34011459350586,0.0801900029182434,0.0657939985394477,1.7333049774169922,1.0125279426574707,5.971175193786621,89.68881225585938,17.724498748779297,0.9996709823608398,7.170403957366943,3.4843668937683105,0.0943650007247924,2137.726318359375,0.0612489990890026,9.999999747378752e-06,117.19754791259766,1624.7616974302266,25539.782926896554
2023-04-28 00:00:00+00:00,29340.26171875,1892.5128173828125,324.500244140625,0.4802710115909576,0.4049319922924042,23.366287231445312,0.0803639963269233,0.0667100027203559,1.7217659950256348,0.998852014541626,5.94859504699707,89.73138427734375,17.56381607055664,0.999761998653412,7.050134181976318,3.4908220767974854,0.0947490036487579,2122.75,0.0606810003519058,9.999999747378752e-06,118.1279525756836,1616.676755654733,25423.307113081166
2023-04-29 00:00:00+00:00,29248.48828125,1908.9169921875,322.1347351074219,0.4784089922904968,0.402783989906311,23.18299674987793,0.0816299989819526,0.0680039972066879,1.723667025566101,1.0031019449234009,6.040212154388428,91.08751678466795,17.48208236694336,0.999912977218628,7.187723159790039,3.575508117675781,0.0957959964871406,2135.222412109375,0.0607189983129501,9.999999747378752e-06,119.74381256103516,1613.713157450932,25346.22635994438
2023-04-30 00:00:00+00:00,29268.806640625,1876.92431640625,337.6455383300781,0.4723320007324219,0.3973540067672729,22.832014083862305,0.0797690004110336,0.06734299659729,1.717810034751892,0.984080970287323,5.901270866394043,88.53362274169922,17.166259765625,0.9991350173950196,7.052085876464844,3.5476720333099365,0.094648003578186,2106.6015625,0.0637860000133514,9.999999747378752e-06,118.2165756225586,1612.2906584229418,25360.199990387977
2023-05-01 00:00:00+00:00,28091.568359375,1831.954833984375,328.7242126464844,0.4649659991264343,0.3868570029735565,21.98663330078125,0.0788199976086616,0.0685039982199668,1.6766550540924072,0.9601370096206664,5.6679229736328125,86.74261474609375,16.65838050842285,0.9996910095214844,6.901027202606201,3.5903210639953613,0.0926370024681091,2049.275390625,0.0594049990177154,9.999999747378752e-06,116.97727966308594,1550.7064122934346,24343.638660786553
2023-05-02 00:00:00+00:00,28680.537109375,1870.789306640625,321.95269775390625,0.4649510085582733,0.391772985458374,22.26497840881348,0.07880599796772,0.0692460015416145,1.6694600582122805,0.976993978023529,5.718677997589111,88.29579162597656,16.854707717895508,0.9996320009231568,6.986553192138672,3.6246860027313232,0.0935510024428367,2096.86767578125,0.0588699989020824,9.999999747378752e-06,119.24887084960938,1582.759254684646,24854.231820344445
2023-05-03 00:00:00+00:00,29006.30859375,1904.65185546875,326.212890625,0.4634940028190613,0.3939419984817505,22.218002319335938,0.0797130018472671,0.0692450031638145,1.716454029083252,1.0065560340881348,5.778507232666016,88.89485168457031,17.222131729125977,0.9997959733009338,7.123072147369385,3.6714890003204346,0.0935870036482811,2134.429931640625,0.0585709996521472,9.999999747378752e-06,120.1817855834961,1601.9797371060642,25138.088145169444
2023-05-04 00:00:00+00:00,28847.7109375,1877.7041015625,323.9171447753906,0.4615730047225952,0.3874480128288269,21.730348587036133,0.0784490033984184,0.0694539994001388,1.684209942817688,0.9825419783592224,5.669313907623291,88.49445343017578,16.91795539855957,0.9998499751091005,6.997713088989258,3.5357649326324463,0.093479000031948,2103.092041015625,0.0574599988758564,9.999999747378752e-06,117.41165924072266,1591.3331384930857,24998.48719983525
2023-05-05 00:00:00+00:00,29534.384765625,1995.0609130859373,326.9403076171875,0.4677999913692474,0.3946839869022369,22.82611083984375,0.0803899988532066,0.0710029974579811,1.698706030845642,0.9989330172538756,5.853751182556152,88.83866882324219,17.38660430908203,0.9999470114707948,7.2359209060668945,3.5374488830566406,0.0943849980831146,2234.1162109375,0.0584289990365505,9.999999747378752e-06,120.1935577392578,1636.2494546180956,25602.524827045476
2023-05-06 00:00:00+00:00,28904.623046875,1900.2218017578125,322.7740173339844,0.4595490097999573,0.3801189959049225,21.974262237548828,0.0769980028271675,0.0703269988298416,1.680719971656799,0.9777910113334656,5.653782844543457,83.63143920898438,16.63551902770996,1.000288963317871,6.943518161773682,3.523487091064453,0.0925870016217231,2126.779296875,0.0570279993116855,9.000000318337698e-06,117.20550537109376,1595.9410044637677,25050.02547881556
2023-05-07 00:00:00+00:00,28454.978515625,1873.076416015625,321.6110534667969,0.4503639936447143,0.376906007528305,21.84422874450684,0.0767100006341934,0.0693420022726059,1.6642570495605469,0.965624988079071,5.641276836395264,83.5726089477539,16.447729110717773,0.9994180202484132,6.909634113311768,3.497775077819824,0.0920460000634193,2103.205810546875,0.0565409995615482,9.000000318337698e-06,116.38961791992188,1571.9964706888725,24661.09451391467
2023-05-08 00:00:00+00:00,27694.2734375,1849.042724609375,313.9712219238281,0.4289149940013885,0.3658280074596405,20.65746307373047,0.0724729970097541,0.0684389993548393,1.5751030445098877,0.900642991065979,5.3758931159973145,77.8734359741211,15.423477172851562,1.000241994857788,6.591795921325684,3.4975509643554688,0.0895190015435218,2072.788330078125,0.0545499995350837,9.000000318337698e-06,111.40475463867188,1532.164562190558,24004.8317140559
2023-05-09 00:00:00+00:00,27658.775390625,1848.6031494140625,312.5137023925781,0.4298880100250244,0.3638060092926025,20.68364524841309,0.0731389969587326,0.069081000983715,1.6097830533981323,0.877144992351532,5.328574180603027,80.0215835571289,15.335582733154297,0.999845027923584,6.52426290512085,3.527761936187744,0.0891209989786148,2066.5302734375,0.0541110001504421,9.000000318337698e-06,121.97784423828124,1530.68512851229,23974.06048209484
2023-05-10 00:00:00+00:00,27621.755859375,1842.4014892578125,314.57745361328125,0.4308730065822601,0.369937002658844,20.953710556030277,0.0732259973883628,0.0694079995155334,1.6183010339736938,0.8773589730262756,5.470531940460205,81.06997680664062,15.53670883178711,0.9997509717941284,6.595903873443604,3.582429885864258,0.0891290009021759,2080.2939453125,0.0543369986116886,9.000000318337698e-06,116.04965209960938,1529.18428531128,23942.718254251336
2023-05-11 00:00:00+00:00,27000.7890625,1796.4906005859375,307.6958312988281,0.4218789935111999,0.3600389957427978,20.23488044738769,0.0720850005745887,0.0677049979567527,1.5694290399551392,0.8425009846687317,5.285426139831543,81.04087829589844,14.97328758239746,1.0001369714736938,6.366950988769531,3.5103349685668945,0.0895050019025802,2019.0108642578125,0.0513859987258911,9.000000318337698e-06,113.51126861572266,1493.9706695555078,23403.33691963903
2023-05-12 00:00:00+00:00,26804.990234375,1808.019775390625,308.6031188964844,0.4307180047035217,0.3704630136489868,20.911794662475582,0.0724589973688125,0.0690959990024566,1.5334080457687378,0.8650850057601929,5.345987796783447,80.50313568115234,15.192852973937988,1.0003730058670044,6.621963977813721,3.492511987686157,0.0891090035438537,2047.27392578125,0.0523100011050701,9.000000318337698e-06,114.97211456298828,1486.686211722046,23237.656428182196
2023-05-13 00:00:00+00:00,26784.078125,1796.1148681640625,311.0868835449219,0.424903005361557,0.3650310039520263,20.86876106262207,0.0717770010232925,0.0693800002336502,1.5512239933013916,0.8494070172309875,5.351903915405273,80.30570220947266,14.942066192626951,0.999625027179718,6.50039005279541,3.543982982635498,0.0883369967341423,2023.078857421875,0.0513949990272522,9.000000318337698e-06,113.11613464355467,1483.9742268206674,23217.56967852171
2023-05-14 00:00:00+00:00,26930.638671875,1800.5009765625,312.1358947753906,0.4258599877357483,0.3707610070705414,20.95339775085449,0.0719859972596168,0.0694010034203529,1.5404030084609983,0.8597729802131653,5.354409217834473,83.44429779052734,15.03024959564209,1.0000100135803225,6.543808937072754,3.5774850845336914,0.0887229964137077,2033.056640625,0.0518100000917911,9.000000318337698e-06,115.3438491821289,1491.955162732892,23344.256164487448
2023-05-15 00:00:00+00:00,27192.693359375,1817.5499267578125,313.5294189453125,0.4275619983673095,0.3674820065498352,21.00718879699707,0.0720459967851638,0.0702420026063919,1.5512100458145142,0.8602520227432251,5.320285797119141,87.06656646728516,15.093147277832031,0.9990410208702089,6.63805103302002,3.4961769580841064,0.0880829989910125,2043.5,0.052386999130249,9.000000318337698e-06,116.27071380615234,1506.0311023479273,23570.81854998014
2023-05-16 00:00:00+00:00,27036.650390625,1824.1214599609373,311.3800354003906,0.4414219856262207,0.3678300082683563,20.679420471191406,0.0727289989590644,0.0705590024590492,1.5568389892578125,0.8460109829902649,5.299292087554932,89.85771942138672,14.903059005737305,0.9996489882469176,6.659043788909912,3.498909950256348,0.0879020020365715,2050.12255859375,0.0523429997265338,9.000000318337698e-06,116.86369323730467,1499.263375023809,23437.653962765486
2023-05-17 00:00:00+00:00,27398.802734375,1821.859619140625,314.0835266113281,0.4485889971256256,0.3754250109195709,21.06839942932129,0.0749109983444213,0.071051999926567,1.5648620128631592,0.8876799941062927,5.413900852203369,93.88973236083984,15.164073944091797,0.999882996082306,6.753897190093994,3.5566439628601074,0.0885789990425109,2047.866943359375,0.0533200018107891,9.000000318337698e-06,118.00822448730467,1516.7158097963459,23748.27829361663
2023-05-18 00:00:00+00:00,26832.208984375,1801.728515625,309.4566955566406,0.4602989852428436,0.372078001499176,20.348695755004883,0.0735459998250007,0.0702759996056556,1.582340955734253,0.8727009892463684,5.341458797454834,90.54290771484376,14.70057201385498,0.9990509748458862,6.534811973571777,3.581816911697388,0.0887399986386299,2019.563232421875,0.0523599982261657,9.000000318337698e-06,115.42849731445312,1486.8575042553457,23259.030745940883
2023-05-19 00:00:00+00:00,26890.12890625,1812.5894775390625,308.9642944335937,0.4679819941520691,0.3682149946689605,20.34987068176269,0.0735270008444786,0.0706750005483627,1.5864670276641846,0.8709350228309631,5.370038986206055,91.70238494873048,14.67898941040039,0.9997889995574952,6.508409023284912,3.596069097518921,0.0892039984464645,2035.969482421875,0.0528020001947879,9.000000318337698e-06,115.52147674560548,1490.9504287893785,23310.353620786216
2023-05-20 00:00:00+00:00,27129.5859375,1820.47802734375,310.719970703125,0.4690810143947601,0.3663569986820221,20.285446166992188,0.0736699998378753,0.0726500004529953,1.6171419620513916,0.877144992351532,5.414481163024902,92.3713150024414,14.636693954467772,1.0003390312194824,6.512510776519775,3.6093690395355225,0.0888480022549629,2036.0877685546875,0.0529990009963512,9.000000318337698e-06,116.541748046875,1502.8981670596982,23516.369530001954
2023-05-21 00:00:00+00:00,26753.826171875,1804.5313720703125,306.5067138671875,0.4575499892234802,0.3603630065917969,19.609437942504883,0.0721419975161552,0.0751240029931068,1.604295015335083,0.8567829728126526,5.273439884185791,92.27886962890624,14.313434600830078,0.999688982963562,6.429470062255859,3.5974340438842773,0.088127002120018,2016.9951171875,0.0522620007395744,9.000000318337698e-06,114.65476989746094,1482.9801226204916,23191.732928296282
2023-05-22 00:00:00+00:00,26851.27734375,1817.5347900390625,309.2456359863281,0.4616009891033172,0.3679969906806946,19.54204559326172,0.0729980021715164,0.0781679973006248,1.5750889778137207,0.8719720244407654,5.31261682510376,90.94607543945312,14.680551528930664,0.9997749924659728,6.52993106842041,3.5131239891052246,0.0881410017609596,2040.948974609375,0.0520000010728836,9.000000318337698e-06,114.77024841308594,1489.469956534235,23277.57892397783
2023-05-23 00:00:00+00:00,27225.7265625,1854.380615234375,313.5062255859375,0.4654299914836883,0.3704839944839477,20.043182373046875,0.0728640034794807,0.0784810036420822,1.5873019695281982,0.8898800015449524,5.400730133056641,91.63233184814452,14.711454391479492,0.9997100234031676,6.50832986831665,3.5163369178771973,0.0881469994783401,2085.8447265625,0.0522449985146522,9.000000318337698e-06,115.6506805419922,1511.5012251401088,23603.829039641845
2023-05-24 00:00:00+00:00,26334.818359375,1800.0999755859375,305.9327697753906,0.4536089897155761,0.3642340004444122,19.223663330078125,0.0707350000739097,0.0768980011343956,1.5133689641952517,0.8740220069885254,5.260034084320068,86.0003662109375,14.147786140441896,0.9996479749679564,6.327065944671631,3.568411111831665,0.0865100026130676,2034.6326904296875,0.0508549995720386,9.000000318337698e-06,112.18870544433594,1463.175700779635,22832.844921822674
2023-05-25 00:00:00+00:00,26476.20703125,1805.9537353515625,304.733642578125,0.4537340104579925,0.3584159910678863,19.260662078857425,0.0708749964833259,0.0768129974603653,1.469441056251526,0.8900129795074463,5.2444047927856445,86.60067749023438,14.095544815063477,0.9998090267181396,6.279226779937744,3.567905902862549,0.0870269984006881,2033.141357421875,0.0506649985909462,9.000000318337698e-06,111.94451904296876,1470.0707385504386,22954.439501663837
2023-05-26 00:00:00+00:00,26719.291015625,1828.689697265625,306.8863220214844,0.4691399931907654,0.3628840148448944,19.36695671081543,0.0709839984774589,0.0754889994859695,1.489259958267212,0.9116250276565552,5.24843692779541,87.26806640625,14.345760345458984,0.9998090267181396,6.352190971374512,3.5213680267333984,0.0878309980034828,2059.052978515625,0.0521339997649192,9.000000318337698e-06,113.27008819580078,1484.1815260013511,23165.975026208456
2023-05-27 00:00:00+00:00,26868.353515625,1831.1182861328125,307.5917663574219,0.4722450077533722,0.3667739927768707,20.425233840942383,0.072682999074459,0.0771889984607696,1.4934519529342651,0.9209719896316528,5.337991237640381,88.65031433105469,14.549345970153809,1.0001510381698608,6.440199851989746,3.506135940551758,0.088136002421379,2064.333740234375,0.0520629994571208,9.000000318337698e-06,113.9607162475586,1491.8481390357229,23294.39482904862
2023-05-28 00:00:00+00:00,28085.646484375,1910.9141845703125,314.2700500488281,0.4828889966011047,0.3829990029335022,20.7985782623291,0.0736130028963089,0.0774480029940605,1.521602988243103,0.9418879747390748,5.508674144744873,91.57996368408205,14.935823440551758,1.0002939701080322,6.638851165771484,3.533687114715576,0.088697999715805,2143.04931640625,0.0534100010991096,9.000000318337698e-06,116.52263641357422,1558.001004788833,24348.614364481113
2023-05-29 00:00:00+00:00,27745.884765625,1893.078125,311.80718994140625,0.4941509962081909,0.3791379928588867,20.586509704589844,0.073184996843338,0.0761599987745285,1.489400029182434,0.9093999862670898,5.460805892944336,91.00045776367188,14.484777450561523,0.99964702129364,6.640285015106201,3.5555338859558105,0.0893149971961975,2130.90185546875,0.0527889989316463,9.000000318337698e-06,114.9809112548828,1540.1402100485916,24055.20059479042
2023-05-30 00:00:00+00:00,27702.349609375,1901.026611328125,311.6845092773437,0.5219380259513855,0.3779340088367462,21.25408363342285,0.0723609998822212,0.0764020010828971,1.5036660432815552,0.9014719724655152,5.4438018798828125,92.32611083984376,14.4511137008667,0.9993950128555298,6.613655090332031,3.510703086853028,0.0908429995179176,2138.78271484375,0.0528139993548393,9.000000318337698e-06,114.1355972290039,1538.8654925879835,24018.757887629774
2023-05-31 00:00:00+00:00,27219.658203125,1874.1304931640625,306.86669921875,0.5173860192298889,0.3744029998779297,20.82450294494629,0.0716599971055984,0.0752820000052452,1.5164459943771362,0.8933200240135193,5.317827224731445,90.53900909423828,14.119641304016112,0.9999459981918336,6.480094909667969,3.4913830757141118,0.092578001320362,2106.0478515625,0.0513419993221759,9.000000318337698e-06,113.2657241821289,1512.6349429447237,23600.893422078654
2023-06-01 00:00:00+00:00,26819.97265625,1862.201416015625,304.9532775878906,0.5073170065879822,0.3647240102291107,20.50221824645996,0.071492001414299,0.0747729986906051,1.444169998168945,0.8885629773139954,5.210669994354248,93.97233581542967,14.10698413848877,0.9997000098228456,6.346456050872803,3.4995059967041016,0.0910869985818862,2096.60986328125,0.0502859987318515,7.999999979801942e-06,113.36608123779295,1492.6301706959243,23256.577522151776
2023-06-02 00:00:00+00:00,27249.58984375,1907.256591796875,307.4237976074219,0.5253869891166687,0.3783040046691894,21.25759506225586,0.0726120024919509,0.0827540010213851,1.4640979766845703,0.9001780152320862,5.2798848152160645,95.4177474975586,14.490138053894045,0.9997659921646118,6.456369876861572,3.610639095306397,0.0920450016856193,2145.677001953125,0.0508500002324581,9.000000318337698e-06,114.82804107666016,1517.89779302707,23630.896911892527
2023-06-03 00:00:00+00:00,27075.12890625,1892.4124755859373,306.7201232910156,0.5193510055541992,0.3760280013084411,21.15556526184082,0.072671003639698,0.081834003329277,1.4723219871520996,0.8995140194892883,5.330341815948486,95.99313354492188,14.574328422546388,0.999754011631012,6.416921138763428,3.5762040615081787,0.0919919982552528,2130.1943359375,0.050255000591278,9.000000318337698e-06,114.92384338378906,1508.142376605939,23479.369092097324
2023-06-04 00:00:00+00:00,27119.06640625,1890.5135498046875,305.15679931640625,0.5359110236167908,0.3776929974555969,21.8189754486084,0.0724710002541542,0.0814779996871948,1.4839669466018677,0.8933560252189636,5.319441795349121,94.2899169921875,14.782492637634276,0.9992089867591858,6.456024169921875,3.585930109024048,0.091388002038002,2129.65087890625,0.0501970015466213,9.000000318337698e-06,115.72877502441406,1510.045469973222,23516.93455347764
2023-06-05 00:00:00+00:00,25760.09765625,1811.828369140625,276.8892517089844,0.5103939771652222,0.3520149886608124,20.07505989074707,0.0665730014443397,0.0783469974994659,1.4454360008239746,0.8362269997596741,5.073203086853027,87.83460235595703,13.897244453430176,0.9997199773788452,6.0659499168396,3.513901948928833,0.087906002998352,2043.1451416015625,0.0488840006291866,7.999999979801942e-06,108.79646301269533,1435.3163025387134,22340.497904072196
2023-06-06 00:00:00+00:00,27238.783203125,1884.494873046875,281.4955749511719,0.5304639935493469,0.3537150025367737,20.398483276367188,0.070372998714447,0.078234001994133,1.4626280069351196,0.8237339854240417,5.208306789398193,90.92071533203124,14.631876945495604,0.9999579787254332,6.260660171508789,3.5167229175567627,0.0896850004792213,2119.540771484375,0.049550000578165,7.999999979801942e-06,114.7855453491211,1513.5473848741826,23618.550798583477
2023-06-07 00:00:00+00:00,26345.998046875,1832.39599609375,259.3914489746094,0.5196279883384705,0.3222779929637909,18.6342830657959,0.0672999992966651,0.0767410025000572,1.471439003944397,0.7652440071105957,5.022200107574463,88.848388671875,14.032129287719728,0.9996309876441956,5.914066791534424,3.515176057815552,0.0873529985547065,2055.1875,0.0483569987118244,7.999999979801942e-06,111.18528747558594,1464.0229763038249,22845.195357024913
2023-06-08 00:00:00+00:00,26508.216796875,1846.3018798828125,262.14849853515625,0.5245460271835327,0.3231570124626159,18.90947532653809,0.0679659992456436,0.0774950012564659,1.4782819747924805,0.7813959717750549,5.02603816986084,88.46656036376953,13.93117332458496,0.9995399713516236,5.995314121246338,3.5366909503936768,0.0871500000357627,2079.660888671875,0.048675000667572,7.999999979801942e-06,111.77751159667967,1473.731382989366,22986.724086251736
2023-06-09 00:00:00+00:00,26480.375,1840.2252197265625,260.7160949707031,0.5379170179367065,0.295401006937027,17.37969970703125,0.0694890022277832,0.0719840005040168,1.4637340307235718,0.727711021900177,4.982104778289795,89.2320327758789,13.767868041992188,0.99972802400589,5.986426830291748,3.501946926116944,0.0889900028705596,2075.041748046875,0.0484270006418228,7.999999979801942e-06,110.77734375,1471.728041650547,22962.179629242375
2023-06-10 00:00:00+00:00,25851.240234375,1752.384765625,239.08908081054688,0.5081989765167236,0.2761940062046051,15.65610122680664,0.0618599988520145,0.0696009993553161,1.3456629514694214,0.6119580268859863,4.526294231414795,77.3517074584961,11.680257797241213,0.9999409914016724,5.241125106811523,3.503159046173096,0.0823320001363754,1978.3211669921875,0.0454960018396377,7.000000096013537e-06,103.61753845214844,1430.7910800987852,22411.071259670265
2023-06-11 00:00:00+00:00,25940.16796875,1753.415283203125,235.4387969970703,0.5212209820747375,0.2726300060749054,15.558775901794434,0.0615869984030723,0.0701769962906837,1.3479870557785034,0.6350730061531067,4.521618843078613,77.69893646240234,11.575257301330566,0.9996359944343568,5.173130989074707,3.550811052322388,0.0835139974951744,1971.3248291015625,0.0443870015442371,7.000000096013537e-06,102.82831573486328,1434.5376163511844,22487.00651299677
2023-06-12 00:00:00+00:00,25902.5,1742.5286865234375,231.0514373779297,0.52572101354599,0.2750479876995086,15.196707725524902,0.0614590011537075,0.0710330009460449,1.3131940364837646,0.6430230140686035,4.532445907592773,77.548095703125,11.520296096801758,0.9997119903564452,5.163537979125977,3.506972074508667,0.0830899998545646,1964.056396484375,0.0452449992299079,7.000000096013537e-06,102.72838592529295,1431.6357378019547,22453.581926069106
2023-06-13 00:00:00+00:00,25918.728515625,1739.03759765625,243.8905334472656,0.5200859904289246,0.2749859988689422,15.018193244934082,0.0617230013012886,0.0719190016388893,1.3098880052566528,0.6443089842796326,4.622073173522949,77.4438247680664,11.787354469299316,0.9999150037765504,5.293571949005127,3.493371963500977,0.0825309976935386,1963.0765380859373,0.0468229986727237,7.000000096013537e-06,105.27336883544922,1432.937006200007,22467.366994247204
2023-06-14 00:00:00+00:00,25124.67578125,1650.519287109375,237.5742645263672,0.4802199900150299,0.2632260024547577,14.486572265625,0.0603870004415512,0.0709649994969368,1.2957220077514648,0.6192020177841187,4.569849967956543,73.16329193115234,11.366084098815918,0.9997850060462952,5.242557048797607,3.514272928237915,0.0792509987950325,1865.8526611328125,0.0454309992492198,7.000000096013537e-06,101.79300689697266,1385.5558011989592,21774.805310371277
2023-06-15 00:00:00+00:00,25576.39453125,1665.519775390625,236.2806854248047,0.4801180064678192,0.2619569897651672,14.759472846984863,0.0615030005574226,0.0709509998559951,1.2754980325698853,0.5904629826545715,4.37718391418457,74.52643585205078,11.40145206451416,0.999758005142212,5.30604887008667,3.503438949584961,0.0763169974088668,1878.6668701171875,0.0429459996521472,7.000000096013537e-06,104.71800994873048,1408.5387344115632,22164.182080771447
2023-06-16 00:00:00+00:00,26327.462890625,1716.6688232421875,239.1146697998047,0.4757429957389831,0.2631849944591522,15.30825424194336,0.0621020011603832,0.0705149993300437,1.2992290258407593,0.5898579955101013,4.416847229003906,76.04912567138672,11.541641235351562,0.9999330043792723,5.319080829620361,3.523444890975952,0.077405996620655,1936.68798828125,0.0444010011851787,7.000000096013537e-06,108.06197357177734,1449.9065294586917,22815.320116733048
2023-06-17 00:00:00+00:00,26510.67578125,1727.2041015625,244.61058044433597,0.4797900021076202,0.2669279873371124,15.650521278381348,0.0622170008718967,0.0715920031070709,1.3177340030670166,0.6136670112609863,4.5261311531066895,76.91241455078125,11.625213623046877,0.9997469782829284,5.283658027648926,3.517301082611084,0.0796680003404617,1949.6378173828125,0.0457490012049675,7.000000096013537e-06,106.69098663330078,1460.0129336179098,22973.98716165607
2023-06-18 00:00:00+00:00,26336.212890625,1720.5775146484375,244.08726501464844,0.4875729978084564,0.2609629929065704,15.43823528289795,0.0621670000255107,0.0701209977269172,1.2978709936141968,0.5968070030212402,4.530962944030762,77.17825317382812,11.34263515472412,0.9998319745063782,5.161345958709717,3.5143139362335205,0.0794980004429817,1939.13037109375,0.0452129989862442,7.000000096013537e-06,107.03558349609376,1450.8623534898757,22823.229139717874
2023-06-19 00:00:00+00:00,26851.029296875,1737.659423828125,242.9033660888672,0.4933950006961822,0.263047993183136,16.073041915893555,0.0623410008847713,0.0699689984321594,1.3132450580596924,0.6140419840812683,4.522421836853027,77.42202758789062,11.454609870910645,1.0004669427871704,5.119155883789063,3.5270180702209477,0.0799689963459968,1957.834716796875,0.0450100004673004,7.000000096013537e-06,106.7096939086914,1477.0569650303835,23267.204553794716
2023-06-20 00:00:00+00:00,28327.48828125,1792.1199951171875,247.6744384765625,0.4928700029850006,0.2703289985656738,16.635231018066406,0.0630450025200843,0.070591002702713,1.3283389806747437,0.6311659812927246,4.668923854827881,80.30889892578125,12.106450080871582,1.0007339715957642,5.263209819793701,3.5309739112854004,0.0828640013933181,2025.0107421875,0.0489979982376098,7.000000096013537e-06,109.89054870605467,1553.746982680376,24541.723820847048
2023-06-21 00:00:00+00:00,30027.296875,1891.0072021484373,249.28634643554688,0.500694990158081,0.2870000004768371,17.25704574584961,0.0657040029764175,0.0723839998245239,1.366381049156189,0.6696950197219849,4.829425811767578,85.14774322509766,12.917662620544434,0.999705970287323,5.563837051391602,3.5801498889923096,0.0867950022220611,2121.24072265625,0.0505129992961883,7.999999979801942e-06,136.005615234375,1645.630071754875,26012.44769343759
2023-06-22 00:00:00+00:00,29912.28125,1872.9429931640625,240.7924346923828,0.4949750006198883,0.2903130054473877,16.642620086669922,0.0656429976224899,0.0719359964132309,1.3921339511871338,0.6567909717559814,4.830627918243408,86.07022094726562,12.667882919311523,0.99932599067688,5.5680670738220215,3.72843599319458,0.0866969972848892,2111.8193359375,0.0502399988472461,7.999999979801942e-06,133.963623046875,1638.3531216518659,25912.047589015652
2023-06-23 00:00:00+00:00,30695.46875,1892.862060546875,244.56494140625,0.4965659976005554,0.2964819967746734,17.149534225463867,0.0681739971041679,0.0731519982218742,1.438765048980713,0.6750900149345398,5.100214958190918,91.20945739746094,13.281949996948242,1.0003199577331543,6.059010028839111,3.829669952392578,0.0894680023193359,2140.31005859375,0.0521499998867511,7.999999979801942e-06,181.7744598388672,1680.7523943789809,26587.64397406227
2023-06-24 00:00:00+00:00,30548.6953125,1876.0596923828125,236.6596527099609,0.4873130023479461,0.290012001991272,16.652862548828125,0.0667420029640197,0.0722469985485076,1.5073590278625488,0.6552990078926086,5.007446765899658,89.74402618408203,13.024869918823242,1.0002729892730713,6.136025905609131,3.92966890335083,0.0905250012874603,2119.096923828125,0.0512220002710819,7.999999979801942e-06,213.7257537841797,1672.9977731173387,26459.67822526665
2023-06-25 00:00:00+00:00,30480.26171875,1900.506103515625,238.8929901123047,0.4902769923210144,0.2923249900341034,16.97138023376465,0.0667639970779419,0.0732040032744407,1.5172499418258667,0.6675840020179749,5.194805145263672,88.2751693725586,13.442519187927246,0.9999729990959167,6.150530815124512,3.836729049682617,0.0916460007429122,2147.074951171875,0.051741000264883,7.999999979801942e-06,195.3999938964844,1671.4408411036795,26403.85410257694
2023-06-26 00:00:00+00:00,30271.130859375,1859.432861328125,236.1342620849609,0.4793320000171661,0.2803539931774139,16.27002716064453,0.064749002456665,0.0737729966640472,1.5517549514770508,0.6454110145568848,5.026731014251709,87.27570343017578,13.152833938598633,0.9998859763145448,6.066921234130859,3.870944023132324,0.0921240001916885,2099.23193359375,0.0496569983661174,7.999999979801942e-06,223.4814453125,1658.3481700680236,26219.374310062376
2023-06-27 00:00:00+00:00,30688.1640625,1889.703369140625,237.49267578125,0.4838399887084961,0.2865200042724609,16.61964988708496,0.0655450001358985,0.074413001537323,1.5419360399246216,0.6639419794082642,5.0958638191223145,87.99827575683594,13.205107688903809,0.9997450113296508,6.198840141296387,3.914767026901245,0.1021350026130676,2134.187255859375,0.0505779981613159,7.999999979801942e-06,230.1822509765625,1681.7633705049548,26581.23811321147
2023-06-28 00:00:00+00:00,30086.24609375,1827.97119140625,230.65036010742188,0.4652220010757446,0.2671689987182617,15.98684310913086,0.0626019984483718,0.073743999004364,1.4921259880065918,0.6144899725914001,4.883011817932129,83.06114959716797,12.355886459350586,0.9993460178375244,5.821579933166504,3.997960090637207,0.1004109978675842,2065.460205078125,0.0476699993014335,7.000000096013537e-06,225.38499450683597,1645.9972410870892,26056.818102222478
2023-06-29 00:00:00+00:00,30445.3515625,1852.227294921875,233.23245239257807,0.4747219979763031,0.2755639851093292,17.970457077026367,0.0634069964289665,0.0744469985365867,1.4499050378799438,0.6239010095596313,4.986260890960693,84.77587127685547,12.677756309509276,0.9996179938316344,5.90147876739502,4.100299835205078,0.1023640036582946,2090.223388671875,0.0483010001480579,7.000000096013537e-06,253.4472198486328,1667.095537072145,26368.228231005665
2023-06-30 00:00:00+00:00,30477.251953125,1933.18896484375,240.36978149414065,0.4740369915962219,0.2869560122489929,18.897321701049805,0.0664789974689483,0.0762050002813339,1.4768550395965576,0.661014974117279,5.171702861785889,108.1653289794922,13.013050079345703,1.0000250339508057,6.308454036712647,3.9586610794067374,0.1106949970126152,2181.33984375,0.0506069995462894,7.999999979801942e-06,305.0069580078125,1680.8035667621104,26406.34252240928
2023-07-01 00:00:00+00:00,30590.078125,1924.56591796875,247.75942993164065,0.4735220074653625,0.2923400104045868,18.68390274047852,0.0684780031442642,0.0772129967808723,1.5061370134353638,0.6766930222511292,5.349747180938721,107.2292022705078,12.994583129882812,0.9999690055847168,6.497599124908447,4.146113872528076,0.107415996491909,2179.586669921875,0.050730001181364,7.999999979801942e-06,290.7802734375,1685.3297176493215,26502.495528491807
2023-07-02 00:00:00+00:00,30620.76953125,1937.4383544921875,246.25791931152344,0.4844929873943329,0.2920550107955932,19.453594207763672,0.0680380016565322,0.0759859979152679,1.3844480514526367,0.6815009713172913,5.501914978027344,113.21729278564452,13.119144439697266,0.9998900294303894,6.530424118041992,3.853684902191162,0.107294000685215,2190.45263671875,0.0500900000333786,7.999999979801942e-06,298.8141174316406,1688.550115127912,26530.315834488705
2023-07-03 00:00:00+00:00,31156.439453125,1955.38916015625,246.38221740722656,0.4895470142364502,0.2963109910488128,19.240537643432617,0.068352997303009,0.0773399993777275,1.468106031417847,0.7137029767036438,5.419309139251709,106.94577026367188,13.223526000976562,1.0000170469284058,6.620471954345703,3.840517997741699,0.105734996497631,2213.38037109375,0.0502070002257823,7.999999979801942e-06,288.7218322753906,1715.2320235290847,26992.387157875677
2023-07-04 00:00:00+00:00,30777.58203125,1936.633544921875,242.492919921875,0.4878419935703277,0.292614996433258,19.14322853088379,0.0689409971237182,0.0770699977874755,1.4008280038833618,0.6960920095443726,5.347219944000244,104.71099090576172,13.042004585266112,0.9994379878044128,6.526224136352539,3.906651020050049,0.1034319996833801,2192.322509765625,0.048539999872446,7.999999979801942e-06,272.4275817871094,1694.2052244168813,26664.66991431201
2023-07-05 00:00:00+00:00,30514.166015625,1910.5880126953125,239.08108520507807,0.4782719910144806,0.2844710052013397,18.99286460876465,0.0670330002903938,0.0770720019936561,1.3937610387802124,0.6709920167922974,5.209113121032715,102.6939926147461,12.670045852661133,0.9998239874839784,6.30457878112793,3.870706081390381,0.1005999967455864,2160.919677734375,0.0472569987177848,7.000000096013537e-06,271.9447021484375,1678.5980992145214,26435.158529706936
2023-07-06 00:00:00+00:00,29909.337890625,1848.636474609375,232.3194274902344,0.4637390077114105,0.2797000110149383,19.72938537597656,0.0650260001420974,0.0771950036287307,1.3769659996032717,0.6631410121917725,5.026049137115479,95.66722869873048,12.410744667053224,0.998337984085083,6.091969966888428,3.667399883270264,0.096000999212265,2094.713134765625,0.0461929999291896,7.000000096013537e-06,277.2987365722656,1643.284035609955,25908.477337005268
2023-07-07 00:00:00+00:00,30342.265625,1870.6025390625,235.62115478515625,0.468764990568161,0.2845250070095062,21.484664916992188,0.0654250010848045,0.0787909999489784,1.3826700448989868,0.6765099763870239,5.114977836608887,98.2424774169922,12.739989280700684,0.9998509883880616,6.154138088226318,3.8638510704040527,0.0972170010209083,2119.848388671875,0.0471579991281032,7.000000096013537e-06,278.4218139648437,1666.5933590048921,26282.886525800448
2023-07-08 00:00:00+00:00,30292.541015625,1865.53955078125,236.28738403320312,0.4706439971923828,0.2906509935855865,21.85926818847656,0.065760999917984,0.0800520032644271,1.3681459426879885,0.6802880167961121,5.126468181610107,97.8747787475586,13.66015911102295,1.0000660419464111,6.193655967712402,3.886884927749634,0.0995329990983009,2105.384033203125,0.047139998525381,7.999999979801942e-06,271.9184875488281,1663.0654273956454,26238.989214128094
2023-07-09 00:00:00+00:00,30171.234375,1863.009765625,234.22836303710935,0.4685499966144562,0.2845909893512726,21.3490047454834,0.0654349997639656,0.0775339975953102,1.3658009767532349,0.6882249712944031,5.079419136047363,95.17955017089844,13.607531547546388,0.9994459748268129,6.148781776428223,3.998902082443237,0.0990109965205192,2111.840087890625,0.0471459999680519,7.999999979801942e-06,265.5489807128906,1656.920024220341,26135.02558751548
2023-07-10 00:00:00+00:00,30414.470703125,1880.556396484375,245.874267578125,0.4776639938354492,0.2879909873008728,21.31377601623535,0.0652429983019828,0.0775870010256767,1.3481229543685913,0.7364869713783264,5.135242938995361,96.7313461303711,13.38939094543457,0.999772012233734,6.168487071990967,4.034421920776367,0.0998879969120025,2130.4287109375,0.0474979989230632,7.999999979801942e-06,274.58551025390625,1671.2775483008093,26346.098197307194
2023-07-11 00:00:00+00:00,30620.951171875,1878.3360595703125,248.538330078125,0.475719004869461,0.292818009853363,22.09293365478516,0.0652870014309883,0.0773489996790885,1.4155210256576538,0.7421219944953918,5.211542129516602,96.78643798828124,13.260403633117676,0.9997550249099731,6.204080104827881,4.076952934265137,0.0985990017652511,2126.328857421875,0.0482919998466968,7.999999979801942e-06,274.0305480957031,1680.9539422642058,26522.968454934587
2023-07-12 00:00:00+00:00,30391.646484375,1872.11376953125,244.01988220214844,0.471105009317398,0.2887580096721649,21.977602005004883,0.0650710016489029,0.0778509974479675,1.4252690076828003,0.7242109775543213,5.148021221160889,96.28018188476562,13.025257110595703,0.9995669722557068,6.2490739822387695,4.048852920532227,0.0962620005011558,2118.39208984375,0.0483149997889995,7.999999979801942e-06,282.50115966796875,1669.5047043676327,26325.365193247304
2023-07-13 00:00:00+00:00,31476.048828125,2006.511474609375,256.4896850585937,0.8153650164604187,0.3576579988002777,26.02569580078125,0.0705069974064827,0.0816430002450943,1.4458459615707395,0.8496879935264587,5.545454978942871,101.92713928222656,14.092904090881348,1.000789999961853,7.092254161834717,4.120084762573242,0.1548790037631988,2264.147216796875,0.0523889996111393,7.999999979801942e-06,274.3050231933594,1735.2921206586568,27272.628364316337
2023-07-14 00:00:00+00:00,30334.068359375,1939.3470458984373,248.19161987304688,0.7191569805145264,0.3288010060787201,26.7357177734375,0.0685290023684501,0.079875998198986,1.4590929746627808,0.8095579743385315,5.452579021453857,95.15866088867188,14.644426345825195,1.0005110502243042,6.94493579864502,4.020362854003906,0.1349129974842071,2190.2099609375,0.0511370003223419,7.999999979801942e-06,264.3955078125,1673.0390837887007,26283.971630494958
2023-07-15 00:00:00+00:00,30295.806640625,1931.466552734375,251.0997009277344,0.7132790088653564,0.3263649940490722,27.391355514526367,0.0719270035624504,0.0808430016040802,1.5011789798736572,0.7994189858436584,5.431672096252441,94.7518081665039,14.834538459777832,0.9997180104255676,6.915660858154297,4.030578136444092,0.1278759986162185,2183.547607421875,0.0520659983158111,7.999999979801942e-06,253.3329162597656,1670.156271961027,26250.191906313685
2023-07-16 00:00:00+00:00,30249.1328125,1923.681884765625,242.6568298339844,0.7468600273132324,0.3148840069770813,27.384082794189453,0.0695540010929107,0.0798190012574195,1.4684319496154783,0.7675750255584717,5.306897163391113,92.90528106689452,14.28956413269043,0.9992210268974304,6.616024971008301,4.024407863616943,0.1316799968481063,2171.764404296875,0.0508360005915164,7.999999979801942e-06,249.92123413085935,1666.3005853597756,26208.878149875014
2023-07-17 00:00:00+00:00,30145.888671875,1911.6461181640625,244.35299682617188,0.739205002784729,0.3124890029430389,26.872766494750977,0.0699049979448318,0.0799589976668357,1.3997210264205933,0.778918981552124,5.303729057312012,92.29344940185548,14.422088623046877,1.0000139474868774,7.191557884216309,3.985150098800659,0.1289499998092651,2162.576416015625,0.05197099968791,7.999999979801942e-06,242.3697052001953,1660.0697043141588,26118.954938833987
2023-07-18 00:00:00+00:00,29856.5625,1897.5992431640625,240.2649383544922,0.7795400023460388,0.3073990046977997,25.54450416564941,0.068582996726036,0.0797789990901947,1.4231139421463013,0.7383620142936707,5.179271221160889,91.5032196044922,13.79177474975586,0.9999300241470336,6.923120021820068,4.004464149475098,0.1329369992017746,2145.11376953125,0.0527449995279312,7.999999979801942e-06,244.37628173828125,1644.5450230325057,25868.74857590987
2023-07-19 00:00:00+00:00,29913.923828125,1889.0079345703125,241.1608123779297,0.8206940293312073,0.323513001203537,26.372352600097656,0.0701590031385421,0.0802730023860931,1.409561038017273,0.7449380159378052,5.197083950042725,92.16179656982422,14.006319046020508,0.9998319745063782,6.917884826660156,3.991775989532471,0.1559849977493286,2142.70654296875,0.0561939999461174,7.999999979801942e-06,244.3693389892578,1646.8798489083642,25917.357480001112
2023-07-20 00:00:00+00:00,29792.015625,1890.9691162109373,242.73313903808597,0.7940580248832703,0.3160929977893829,25.375167846679688,0.0705159977078437,0.0806839987635612,1.424631953239441,0.7676100134849548,5.349977970123291,92.3820571899414,13.856021881103516,0.999547004699707,8.342902183532715,4.013053894042969,0.1632879972457885,2139.1376953125,0.0570419989526271,7.999999979801942e-06,244.0637969970703,1641.0910491195614,25812.624442631786
2023-07-21 00:00:00+00:00,29908.744140625,1892.080078125,243.7889862060547,0.7725020051002502,0.313291996717453,25.544267654418945,0.073294997215271,0.0805620029568672,1.463027000427246,0.7705579996109009,5.489810943603516,94.05186462402344,13.983912467956545,0.9999079704284668,8.142471313476562,4.12040376663208,0.1570850014686584,2145.544921875,0.0555999986827373,7.999999979801942e-06,246.22056579589844,1647.2570123985558,25913.298523919166
2023-07-22 00:00:00+00:00,29771.802734375,1864.912353515625,241.0307464599609,0.73328697681427,0.3097720146179199,24.535053253173828,0.070432998239994,0.0838159993290901,1.5239399671554563,0.7462090253829956,5.308442115783691,92.051513671875,13.504372596740724,0.9992420077323914,7.869027137756348,4.03144121170044,0.1557839959859848,2113.28369140625,0.0535989999771118,7.999999979801942e-06,239.2456817626953,1637.2500546424667,25792.16731312377
2023-07-23 00:00:00+00:00,30084.5390625,1889.191650390625,242.4559631347656,0.7386829853057861,0.3171629905700683,24.766815185546875,0.0718189999461174,0.0833629965782165,1.4933090209960938,0.7575439810752869,5.397666931152344,93.25886535644533,13.560688972473145,0.9997569918632508,7.895740032196045,4.002508163452148,0.1560799926519394,2138.393798828125,0.0534440018236637,7.999999979801942e-06,249.65774536132807,1655.132936896044,26063.613057282288
2023-07-24 00:00:00+00:00,29176.916015625,1850.0020751953125,238.9462127685547,0.7027649879455566,0.305308997631073,23.38149070739746,0.0742679983377456,0.0814820006489753,1.4330840110778809,0.7280769944190979,5.215538024902344,89.1534652709961,13.103471755981444,0.999563992023468,7.590983867645264,3.974178075790405,0.1457770019769668,2089.68212890625,0.0519680008292198,7.999999979801942e-06,238.61561584472656,1606.7192132394023,25279.25352074148
2023-07-25 00:00:00+00:00,29227.390625,1857.741943359375,237.80856323242188,0.7095999717712402,0.3040170073509216,23.279321670532227,0.0818450003862381,0.0818890035152435,1.4873679876327517,0.7084640264511108,5.176484107971191,89.53140258789062,13.345781326293944,0.9995459914207458,7.4025959968566895,3.9314279556274414,0.1451780050992965,2104.56884765625,0.052301000803709,7.999999979801942e-06,237.52088928222656,1610.108004674756,25323.897449595108
2023-07-26 00:00:00+00:00,29354.97265625,1872.159912109375,238.9623565673828,0.7157989740371704,0.306641012430191,25.17705345153809,0.0779580026865005,0.082345999777317,1.4516750574111938,0.7223899960517883,5.237875938415527,90.62142181396484,13.26471710205078,0.9994879961013794,7.753373146057129,4.016808986663818,0.1558250039815902,2120.21630859375,0.0524040013551712,7.999999979801942e-06,241.8631134033203,1618.0385776860169,25435.229036726567
2023-07-27 00:00:00+00:00,29210.689453125,1860.357177734375,240.4987945556641,0.7136459946632385,0.3075250089168548,25.099336624145508,0.0775619968771934,0.0825529992580413,1.4087029695510864,0.716543972492218,5.233479022979736,90.49376678466795,13.14130973815918,0.9996209740638732,7.988918781280518,3.999100923538208,0.159057006239891,2108.865234375,0.0518440008163452,7.999999979801942e-06,244.65963745117188,1610.263965335184,25310.066066262534
2023-07-28 00:00:00+00:00,29319.24609375,1874.744873046875,241.9770355224609,0.7125679850578308,0.3102009892463684,24.84685707092285,0.0773210003972053,0.0852119997143745,1.4166330099105835,0.7101219892501831,5.216773986816406,91.53057098388672,13.238449096679688,0.9999449849128724,7.801767826080322,3.994359016418457,0.1599150002002716,2126.573974609375,0.0526369996368885,7.999999979801942e-06,241.77761840820312,1616.9272826321928,25405.115915163766
2023-07-29 00:00:00+00:00,29356.91796875,1881.06884765625,242.5763702392578,0.7127389907836914,0.3127650022506714,25.16897392272949,0.0801879987120628,0.0832820013165474,1.4249769449234009,0.718904972076416,5.252099990844727,94.59809112548828,13.246442794799805,0.9996650218963624,7.852121829986572,3.9799089431762695,0.1585890054702758,2132.54248046875,0.0538339987397193,9.000000318337698e-06,242.0587921142578,1619.5146214653196,25438.188045483843
2023-07-30 00:00:00+00:00,29275.30859375,1861.643798828125,242.52598571777344,0.7051360011100769,0.3156329989433288,24.26101875305176,0.0780609995126724,0.0800260007381439,1.5070799589157104,0.6975640058517456,5.186025142669678,94.09105682373048,13.128493309020996,0.999882996082306,7.556169986724853,3.9760220050811768,0.1566849946975708,2108.175537109375,0.052896998822689,7.999999979801942e-06,252.8351287841797,1613.9657525316386,25365.664852609727
2023-07-31 00:00:00+00:00,29230.111328125,1856.162353515625,241.1206512451172,0.6985210180282593,0.3074879944324493,23.720956802368164,0.0778179988265037,0.0779770016670227,1.5446929931640625,0.6879289746284485,5.108363151550293,92.24313354492188,12.825377464294434,0.9997209906578064,7.544678211212158,3.951950073242188,0.1503639966249466,2105.14697265625,0.0522859990596771,7.999999979801942e-06,248.1854553222656,1610.9865726228065,25326.312716038345
2023-08-01 00:00:00+00:00,29675.732421875,1871.7921142578125,247.5050201416016,0.7072110176086426,0.3099510073661804,23.99875259399414,0.0780420005321502,0.0785939991474151,1.528931975364685,0.7013109922409058,5.198036193847656,93.82040405273438,12.87566375732422,1.0008039474487305,7.628017902374268,3.966434955596924,0.1533450037240982,2118.10498046875,0.0518169999122619,7.999999979801942e-06,244.7663116455078,1633.8094367994233,25710.4929306558
2023-08-02 00:00:00+00:00,29151.958984375,1839.0897216796875,240.49464416503903,0.6851950287818909,0.2993890047073364,23.145721435546875,0.0742129981517791,0.0764549970626831,1.4886640310287476,0.6809149980545044,5.057540893554688,87.48905944824219,12.53736400604248,0.9996500015258788,7.349018096923828,3.965121030807495,0.1440300047397613,2081.2880859375,0.0526029989123344,7.999999979801942e-06,228.94781494140625,1604.0868665748912,25256.613423955154
2023-08-03 00:00:00+00:00,29178.6796875,1835.136474609375,241.0615234375,0.6641349792480469,0.2925759851932525,22.636049270629883,0.0736149996519088,0.0770960003137588,1.4764519929885864,0.6680999994277954,4.979019165039063,82.70779418945312,12.446003913879396,0.999426007270813,7.125888824462891,4.025310039520264,0.139160007238388,2081.250732421875,0.0533480010926723,7.999999979801942e-06,225.4103240966797,1604.757272544802,25279.27441145089
2023-08-04 00:00:00+00:00,29074.091796875,1827.712890625,241.47601318359372,0.6355389952659607,0.2933880090713501,22.79361915588379,0.0734160020947456,0.0767040029168129,1.4502969980239868,0.6640239953994751,4.988202095031738,82.07891082763672,12.397878646850586,0.9995999932289124,7.132810115814209,4.0684309005737305,0.1364450007677078,2071.318603515625,0.0531670004129409,9.000000318337698e-06,227.18479919433597,1599.0298354348824,25188.50037432339
2023-08-05 00:00:00+00:00,29042.126953125,1834.9879150390625,242.9593505859375,0.6284229755401611,0.293628990650177,22.632204055786133,0.0756860002875328,0.0773829966783523,1.4571609497070312,0.666487991809845,4.969211101531982,83.1055908203125,12.437810897827148,0.9996259808540344,7.220318794250488,4.004055976867676,0.139050006866455,2084.869384765625,0.0525370016694068,9.999999747378752e-06,226.7115936279297,1598.5911610325809,25162.303142078254
2023-08-06 00:00:00+00:00,29041.85546875,1827.4620361328125,242.7985992431641,0.6230869889259338,0.2920820116996765,23.18569564819336,0.0742660015821456,0.0768480002880096,1.3587340116500854,0.6666799783706665,4.998167037963867,82.4717025756836,12.572416305541992,0.9994440078735352,7.1017937660217285,3.994554042816162,0.1391299962997436,2078.33837890625,0.0573819987475872,9.000000318337698e-06,222.56349182128903,1597.6966650583418,25161.204845849414
2023-08-07 00:00:00+00:00,29180.578125,1826.9388427734373,241.7975006103516,0.6219310164451599,0.2902959883213043,23.068756103515625,0.0734219998121261,0.0767429992556572,1.438668966293335,0.6651419997215271,4.960562229156494,82.34452056884766,12.4482421875,1.000102996826172,7.296730041503906,3.978625059127808,0.1429769992828369,2071.2724609375,0.0564690008759498,9.000000318337698e-06,237.7392425537109,1604.609017572928,25279.960621500053
2023-08-08 00:00:00+00:00,29765.4921875,1855.807373046875,245.14990234375,0.6424059867858887,0.2977449893951416,24.211763381958008,0.0749860033392906,0.0767920017242431,1.4071760177612305,0.6856099963188171,5.0605788230896,83.95689392089844,12.69126319885254,0.999787986278534,7.450203895568848,4.019924163818359,0.1431349962949752,2103.71435546875,0.061829999089241,9.999999747378752e-06,239.6984405517578,1635.7924935367766,25785.662751732765
2023-08-09 00:00:00+00:00,29561.494140625,1854.297607421875,243.8936462402344,0.6433650255203247,0.3011400103569031,24.37852668762207,0.075314000248909,0.0767119973897934,1.3676300048828125,0.6900140047073364,5.054279804229736,84.0372085571289,12.621299743652344,1.0000959634780884,7.694713115692139,4.007712841033936,0.1414960026741027,2105.66455078125,0.0597859993577003,9.999999747378752e-06,238.3264312744141,1625.9916990524168,25610.574256705473
2023-08-10 00:00:00+00:00,29429.591796875,1850.75341796875,241.2624664306641,0.6329860091209412,0.2961300015449524,24.613052368164062,0.0758029967546463,0.0772550031542778,1.3816490173339844,0.6849750280380249,4.999231815338135,83.0334701538086,12.48097324371338,0.9999650120735168,7.608376979827881,3.951474905014038,0.1388429999351501,2101.9609375,0.0576899982988834,9.999999747378752e-06,231.9976043701172,1618.885624222698,25496.850280768187
2023-08-11 00:00:00+00:00,29397.71484375,1847.1243896484373,239.70689392089844,0.6316750049591064,0.2934499979019165,24.582860946655277,0.0756660029292106,0.0771559998393058,1.3824570178985596,0.6807039976119995,5.003921985626221,83.49586486816406,12.44179344177246,0.9997119903564452,7.484983921051025,3.954119920730591,0.1394899934530258,2097.6484375,0.0565599985420703,9.999999747378752e-06,228.98910522460935,1616.784956911021,25468.983306181795
2023-08-12 00:00:00+00:00,29415.96484375,1848.889892578125,240.27362060546875,0.6272050142288208,0.2918370068073272,24.90673065185547,0.0767420008778572,0.0774490013718605,1.404873967170715,0.6817169785499573,5.0349860191345215,83.44852447509766,12.389760971069336,0.9998859763145448,7.439908027648926,3.972742080688477,0.1378500014543533,2098.93798828125,0.0563229992985725,1.1000000085914508e-05,228.5760498046875,1617.8185210090999,25484.826940082126
2023-08-13 00:00:00+00:00,29282.9140625,1839.2801513671875,240.0333404541016,0.6261019706726074,0.2895309925079345,24.24288558959961,0.0747829973697662,0.0771080031991005,1.41183602809906,0.6773269772529602,4.986302852630615,81.97803497314453,12.27439785003662,0.999508023262024,7.369263172149658,3.991692066192627,0.1378989964723587,2088.25927734375,0.0569449998438358,9.999999747378752e-06,228.3480682373047,1610.3823107330848,25369.423648982443
2023-08-14 00:00:00+00:00,29408.443359375,1844.185791015625,240.33924865722656,0.6342819929122925,0.2906109988689422,25.142822265625,0.0747309997677803,0.0774350017309188,1.4156780242919922,0.6793490052223206,4.988302230834961,82.0685806274414,12.353681564331056,1.000180959701538,7.414638042449951,3.985450029373169,0.1360740065574646,2092.737060546875,0.0655210018157959,9.999999747378752e-06,230.12991333007807,1616.9601295083683,25477.7413002857
2023-08-15 00:00:00+00:00,29170.34765625,1826.9327392578125,236.67958068847656,0.6095989942550659,0.2818169891834259,23.89658546447754,0.0708630010485649,0.0762770026922226,1.4087090492248535,0.6386299729347229,4.812483787536621,79.27375030517578,11.806095123291016,0.99965500831604,7.039225101470947,3.943639039993286,0.1302590072154998,2073.46533203125,0.0674699991941452,9.999999747378752e-06,228.54771423339844,1603.3822900146167,25271.177814502607
2023-08-16 00:00:00+00:00,28701.779296875,1805.6590576171875,231.8687438964844,0.5883280038833618,0.2745319902896881,22.811975479125977,0.0671830028295517,0.0746010020375251,1.336050033569336,0.6232420206069946,4.666007041931152,74.4788589477539,11.368606567382812,0.9995499849319458,6.753678798675537,3.971504926681519,0.126583993434906,2054.314208984375,0.0627150014042854,9.000000318337698e-06,207.95086669921875,1577.6083618984194,24866.37082673439
2023-08-17 00:00:00+00:00,26664.55078125,1684.9334716796875,218.5358428955078,0.5071420073509216,0.2559579908847809,21.70997428894043,0.061184998601675,0.0727420002222061,1.2618600130081177,0.5740789771080017,4.437963962554932,65.08576202392578,10.590560913085938,0.9994029998779296,6.209252834320068,3.9322829246521,0.1134219989180564,1908.6180419921875,0.057728998363018,7.999999979801942e-06,184.4539794921875,1465.569592487685,23101.735427566346
2023-08-18 00:00:00+00:00,26049.556640625,1660.945068359375,216.112548828125,0.5060999989509583,0.2638919949531555,21.335493087768555,0.0632340013980865,0.0729990005493164,1.2587610483169556,0.5778149962425232,4.511816024780273,64.08291625976562,10.799485206604004,0.9996839761734008,6.170827865600586,3.9345550537109375,0.1167600005865097,1891.441162109375,0.0590739995241165,9.000000318337698e-06,187.28445434570312,1434.290156942024,22571.468903130044
2023-08-19 00:00:00+00:00,26096.205078125,1669.471923828125,216.99945068359372,0.5196290016174316,0.2683779895305633,21.879037857055664,0.0637580007314682,0.0740759968757629,1.3019930124282837,0.57676100730896,4.517584800720215,64.10386657714844,10.80682373046875,0.9998589754104614,6.172726154327393,3.8770499229431152,0.1236310005187988,1898.904541015625,0.065260000526905,7.999999979801942e-06,186.96714782714844,1437.3285039765287,22612.449811685787
2023-08-20 00:00:00+00:00,26189.583984375,1684.85205078125,216.63580322265625,0.5395470261573792,0.2707090079784393,21.77327537536621,0.0638300031423568,0.0759020000696182,1.2722710371017456,0.580223023891449,4.519974231719971,65.25251007080078,10.873089790344238,0.9997940063476562,6.216061115264893,3.876863956451416,0.1298349946737289,1914.399169921875,0.0614480003714561,7.999999979801942e-06,188.9172821044922,1443.375887240236,22694.430929035043
2023-08-21 00:00:00+00:00,26124.140625,1667.26904296875,210.63894653320312,0.524537980556488,0.2631790041923523,21.20825958251953,0.0625289976596832,0.0751229971647262,1.123764991760254,0.5579749941825867,4.433642864227295,66.95868682861328,10.361355781555176,0.9992989897727966,6.179046154022217,3.802345037460327,0.1248020008206367,1896.887451171875,0.0612599998712539,7.999999979801942e-06,186.077392578125,1438.1785367836349,22636.133203969657
2023-08-22 00:00:00+00:00,26031.65625,1633.892578125,210.8343505859375,0.5209299921989441,0.2583659887313843,20.546541213989254,0.0625990033149719,0.0754309967160224,1.287284016609192,0.5483030080795288,4.420719146728516,64.7702865600586,10.13079071044922,0.9999579787254332,6.108273029327393,3.81394100189209,0.1207349970936775,1858.7525634765625,0.0589030012488365,7.999999979801942e-06,184.73858642578125,1430.1713046313544,22552.52891651042
2023-08-23 00:00:00+00:00,26431.640625,1679.2744140625,216.3992919921875,0.5299019813537598,0.2679649889469147,21.7036247253418,0.0637779980897903,0.0775979980826377,1.2087310552597046,0.556896984577179,4.488097190856934,65.61077880859375,10.336661338806152,1.000033974647522,6.345688819885254,3.880064010620117,0.1273760050535202,1906.9005126953125,0.0617940016090869,7.999999979801942e-06,193.6615295410156,1454.4826367225114,22901.4706528189
2023-08-24 00:00:00+00:00,26162.373046875,1659.944580078125,218.6463928222656,0.5184130072593689,0.2658840119838714,21.033031463623047,0.0630360022187233,0.0765409991145134,1.203678011894226,0.5471140146255493,4.421586990356445,64.8792724609375,10.113130569458008,1.0002189874649048,6.077850818634033,3.82712197303772,0.1237659975886344,1884.8865966796875,0.0592309981584548,7.999999979801942e-06,194.4614715576172,1439.7391415390023,22667.940046993866
2023-08-25 00:00:00+00:00,26047.66796875,1652.93505859375,218.3310546875,0.5262460112571716,0.2610799968242645,20.392719268798828,0.0630839988589286,0.0772019997239112,1.314633011817932,0.5461940169334412,4.486454010009766,65.1119155883789,10.05303192138672,0.9999880194664,6.007421016693115,3.836360931396485,0.1238590031862258,1879.3441162109373,0.0588600002229213,7.999999979801942e-06,192.05203247070312,1433.5328232146592,22568.724173288665
2023-08-26 00:00:00+00:00,26008.462890625,1646.3067626953125,216.3642425537109,0.5234699845314026,0.2609530091285705,20.280424118041992,0.0628679990768432,0.0774319991469383,1.2744139432907104,0.5481119751930237,4.504439830780029,65.0107192993164,10.09171199798584,0.9996600151062012,6.002890110015869,3.831177949905396,0.1211479976773262,1870.4600830078125,0.0579369999468326,7.999999979801942e-06,190.15110778808597,1430.7329738999554,22534.127078887086
2023-08-27 00:00:00+00:00,26089.693359375,1657.5130615234375,218.3580017089844,0.5238440036773682,0.2634460031986236,20.78683853149414,0.0631709992885589,0.077514998614788,1.3340569734573364,0.5559629797935486,4.4923930168151855,65.36711120605469,10.19877815246582,0.9999489784240724,6.023508071899414,3.827299118041992,0.120898999273777,1883.89599609375,0.058203998953104,7.999999979801942e-06,198.0108337402344,1436.2935350701362,22605.391685936396
2023-08-28 00:00:00+00:00,26106.150390625,1652.4573974609375,218.71856689453125,0.523248016834259,0.2674340009689331,20.557100296020508,0.0634379982948303,0.076383002102375,1.2263180017471311,0.5620250105857849,4.606011867523193,65.5425033569336,10.367795944213867,1.0000040531158447,5.978857040405273,3.798326969146729,0.1198680028319358,1881.2659912109373,0.0561169981956481,7.999999979801942e-06,190.41270446777344,1436.3690709151476,22618.99827552015
2023-08-29 00:00:00+00:00,27727.392578125,1729.7257080078125,226.8628845214844,0.5400649905204773,0.2724489867687225,21.780763626098636,0.0663900002837181,0.077333003282547,1.2153940200805664,0.5933740139007568,4.672861099243164,68.89247131347656,10.81059741973877,1.0000920295715332,6.192354202270508,3.927903890609741,0.1243090033531189,1965.225341796875,0.0563229992985725,7.999999979801942e-06,224.1767425537109,1523.5050449334942,24020.428526433665
2023-08-30 00:00:00+00:00,27297.265625,1705.1121826171875,223.7994384765625,0.528194010257721,0.2656539976596832,20.834903717041016,0.0658380016684532,0.0756269991397857,1.3983319997787476,0.575082004070282,4.536325931549072,67.65953063964844,10.411699295043944,1.000041961669922,5.937586784362793,3.8914520740509033,0.1204160004854202,1935.9490966796875,0.0536849983036518,7.999999979801942e-06,215.93649291992188,1499.781772005147,23647.96076934537
2023-08-31 00:00:00+00:00,25931.47265625,1645.63916015625,216.5977935791016,0.510798990726471,0.2553730010986328,19.735092163085938,0.0637850016355514,0.0767140015959739,1.2285150289535522,0.5494040250778198,4.2694501876831055,63.95137786865234,9.987269401550291,0.9997180104255676,5.875496864318848,3.877656936645508,0.1149849966168403,1870.3048095703125,0.0524189993739128,7.999999979801942e-06,207.4877777099609,1427.7642981306221,22468.162741930857
2023-09-01 00:00:00+00:00,25800.724609375,1628.4912109375,213.63055419921875,0.498075008392334,0.2551850080490112,19.327844619750977,0.063849002122879,0.0760930031538009,1.2140820026397705,0.5405499935150146,4.215832233428955,63.00745391845703,9.92474365234375,1.0000250339508057,5.933749198913574,3.8756320476531982,0.1140379980206489,1851.9720458984373,0.0499599985778331,7.999999979801942e-06,199.63319396972656,1419.2642254808977,22353.753149971144
2023-09-02 00:00:00+00:00,25868.798828125,1637.025390625,214.44854736328125,0.4990909993648529,0.2562299966812134,19.49374389648437,0.0634939968585968,0.0770319998264312,1.1304960250854492,0.5408200025558472,4.261870861053467,64.56063079833984,9.91187858581543,1.0002360343933103,5.966878890991211,3.865341901779175,0.1135049983859062,1861.731201171875,0.0497110001742839,7.999999979801942e-06,195.1054229736328,1423.2809694403131,22413.22469956948
2023-09-03 00:00:00+00:00,25969.56640625,1636.11767578125,214.3999481201172,0.5050489902496338,0.2557930052280426,19.578746795654297,0.0631730034947395,0.0770410001277923,1.2324550151824951,0.5421730279922485,4.261632919311523,63.93811798095703,9.884934425354004,1.0000449419021606,6.025086879730225,3.681122064590454,0.1190619990229606,1861.100341796875,0.0486389994621276,7.999999979801942e-06,196.30442810058597,1428.033422814147,22499.636532799268
2023-09-04 00:00:00+00:00,25812.416015625,1629.6552734375,215.197509765625,0.5083749890327454,0.2561460137367248,19.499408721923828,0.0631849989295005,0.0774300023913383,1.1233550310134888,0.5536659955978394,4.253158092498779,63.70868682861328,9.801345825195312,1.0000159740447998,6.011154174804688,3.681473970413208,0.1243740022182464,1853.0518798828125,0.0483929999172687,7.000000096013537e-06,193.5686492919922,1419.7428334582505,22363.873845412058
2023-09-05 00:00:00+00:00,25779.982421875,1633.62939453125,214.47813415527344,0.5054110288619995,0.2576139867305755,20.272384643554688,0.0639920011162757,0.0774179995059967,1.196416974067688,0.5582370162010193,4.25672721862793,63.123634338378906,9.91453742980957,1.0000070333480835,6.135129928588867,3.689523935317993,0.1224159970879554,1858.27587890625,0.0494019985198974,7.999999979801942e-06,192.0220489501953,1418.5528922832232,22336.55680617015
2023-09-06 00:00:00+00:00,25753.236328125,1632.2523193359375,215.13465881347656,0.5032430291175842,0.2576670050621032,19.62002944946289,0.0636129975318908,0.0788599997758865,1.2165919542312622,0.5586599707603455,4.269389152526856,62.84352493286133,9.93882179260254,0.9999510049819946,6.293778896331787,3.757572889328003,0.1239330023527145,1857.9541015625,0.0492429994046688,7.999999979801942e-06,193.0559844970703,1417.2480133052532,22313.514049681085
2023-09-07 00:00:00+00:00,26240.1953125,1647.5982666015625,216.88717651367188,0.5048570036888123,0.2577199935913086,19.890499114990234,0.0635790005326271,0.0790409967303276,1.2190239429473877,0.5549799799919128,4.286739826202393,63.62236785888672,10.070907592773438,0.999970018863678,6.384524822235107,3.7592151165008554,0.1254850029945373,1874.545654296875,0.0499080009758472,7.999999979801942e-06,193.3433074951172,1442.1161211275776,22733.379502357948
2023-09-08 00:00:00+00:00,25905.654296875,1636.1378173828125,214.56202697753903,0.5048499703407288,0.2543700039386749,19.599044799804688,0.0636489987373352,0.0791250020265579,1.1998649835586548,0.5434659719467163,4.249898910522461,62.57698059082031,9.921845436096191,1.0001300573349,6.27710485458374,3.8183629512786874,0.1268769949674606,1864.281982421875,0.0498850010335445,7.999999979801942e-06,193.10623168945312,1424.9527532320794,22444.937397450925
2023-09-09 00:00:00+00:00,25895.677734375,1635.162353515625,214.2229461669922,0.5038549900054932,0.253491997718811,19.44607162475586,0.0634049996733665,0.0791490003466606,1.2403980493545532,0.5402200222015381,4.239696025848389,63.08150863647461,9.84569263458252,1.0001089572906494,6.16731595993042,3.8205549716949454,0.131642997264862,1860.4267578125,0.0490630008280277,7.999999979801942e-06,193.1083068847656,1424.2409657439453,22436.085261148637
2023-09-10 00:00:00+00:00,25832.2265625,1616.828857421875,212.31802368164065,0.4978139996528625,0.2490520030260086,18.24883079528809,0.0613269992172718,0.0783279985189437,1.1908570528030396,0.5234670042991638,4.151950836181641,61.12152862548828,9.474143028259276,0.999360978603363,6.017714023590088,3.84262490272522,0.1337230056524276,1845.379150390625,0.047860998660326,7.000000096013537e-06,190.58035278320312,1419.2367398109195,22379.622415913534
2023-09-11 00:00:00+00:00,25162.654296875,1551.6376953125,206.03421020507807,0.474373996257782,0.2418729960918426,17.739166259765625,0.0604620017111301,0.0775049999356269,1.1371300220489502,0.5034430027008057,3.987119913101196,58.837158203125,9.230627059936523,1.0002059936523438,5.823768138885498,3.659740924835205,0.1284060031175613,1767.132568359375,0.0464010015130043,7.000000096013537e-06,183.90966796875,1379.7293250589228,21796.356706307444
2023-09-12 00:00:00+00:00,25833.34375,1592.429443359375,210.99436950683597,0.4807380139827728,0.2458699941635131,17.929826736450195,0.0609509982168674,0.0807840004563331,1.1506060361862185,0.5067049860954285,3.98692798614502,60.01279067993164,9.216546058654783,0.9996399879455566,5.9593892097473145,3.663022041320801,0.12134800106287,1814.3621826171875,0.0470420010387897,7.000000096013537e-06,198.82443237304688,1416.8769700756116,22377.387550606334
2023-09-13 00:00:00+00:00,26228.32421875,1607.988525390625,212.64259338378903,0.4837749898433685,0.2488840073347091,18.402999877929688,0.0612800009548664,0.0811830013990402,1.2179700136184692,0.5139170289039612,4.002867221832275,62.00352096557617,9.299893379211426,1.0001709461212158,6.021813869476318,3.666533946990967,0.1208069995045661,1829.978271484375,0.0496769994497299,7.000000096013537e-06,199.8748779296875,1437.427799389839,22718.269228434303
2023-09-14 00:00:00+00:00,26539.673828125,1626.974365234375,212.2828369140625,0.4894570112228393,0.2511810064315796,18.838306427001957,0.0620720013976097,0.083694003522396,1.2657029628753662,0.5221379995346069,4.058725833892822,62.808536529541016,9.395648002624512,0.9996790289878844,6.153502941131592,3.658953905105591,0.1202059984207153,1854.2930908203125,0.0515770018100738,7.000000096013537e-06,207.90626525878903,1454.7566559050495,22988.137622578823
2023-09-15 00:00:00+00:00,26608.693359375,1641.640380859375,214.17552185058597,0.5008749961853027,0.2506429851055145,19.16884422302246,0.0625530034303665,0.0840409994125366,1.264794945716858,0.5299040079116821,4.141959190368652,65.99552917480469,9.429611206054688,1.000051975250244,6.36220121383667,3.67064905166626,0.120348997414112,1874.4254150390625,0.0519630014896392,7.000000096013537e-06,217.2364654541016,1460.4192913595139,23049.54303651927
2023-09-16 00:00:00+00:00,26568.28125,1635.2216796875,214.9605407714844,0.4998799860477447,0.250436007976532,19.140369415283203,0.0621480010449886,0.0835189968347549,1.2863099575042725,0.5287209749221802,4.185608863830566,65.33952331542969,9.388934135437012,1.0000560283660889,6.283411979675293,3.650067090988159,0.1193599998950958,1863.0716552734373,0.0516839995980262,7.000000096013537e-06,215.16744995117188,1457.551076735068,23013.78962958178
2023-09-17 00:00:00+00:00,26534.1875,1622.896728515625,216.4657745361328,0.4930410087108612,0.2473160028457641,18.83162879943848,0.0615170001983642,0.0833799988031387,1.2439860105514526,0.5174720287322998,4.074597835540772,63.57822799682617,9.106959342956545,1.0004719495773315,6.143582820892334,3.646754026412964,0.116177000105381,1850.5247802734373,0.0496210008859634,7.000000096013537e-06,209.76336669921875,1454.4301376117567,22983.017978099615
2023-09-18 00:00:00+00:00,26754.28125,1637.3470458984375,216.00392150878903,0.5032029747962952,0.2517429888248443,19.657245635986328,0.0620159991085529,0.0840450003743171,1.247238039970398,0.5264970064163208,4.108242988586426,65.89459991455078,9.113308906555176,0.999849021434784,6.565754890441895,3.657896041870117,0.1180529966950416,1866.6124267578125,0.0501269996166229,7.000000096013537e-06,217.423828125,1466.8813475569175,23173.805568777956
2023-09-19 00:00:00+00:00,27211.1171875,1643.544677734375,217.21095275878903,0.5141509771347046,0.2552599906921386,20.03618812561035,0.0627090036869049,0.0845879986882209,1.271162033081055,0.544655978679657,4.156241893768311,67.33423614501953,9.218695640563965,1.000051975250244,6.863012790679932,3.749667882919312,0.118477001786232,1874.6939697265625,0.0509909987449646,7.000000096013537e-06,219.08657836914065,1489.5673076916748,23566.79226119044
2023-09-20 00:00:00+00:00,27132.0078125,1622.890625,214.3633270263672,0.5213549733161926,0.2516300082206726,20.3049373626709,0.0626299977302551,0.0845090001821518,1.309599995613098,0.541487991809845,4.1399030685424805,64.56434631347656,9.047985076904297,0.9996820092201232,6.910942077636719,3.8366739749908447,0.1169719994068145,1851.7889404296875,0.0505569986999034,7.000000096013537e-06,215.49688720703125,1483.2995623815002,23496.269109241868
2023-09-21 00:00:00+00:00,26567.6328125,1584.3070068359375,210.7939453125,0.5071790218353271,0.2454549968242645,19.47907066345215,0.0613459981977939,0.0830719992518425,1.2723939418792725,0.5201519727706909,4.013978958129883,64.69098663330078,8.826976776123047,0.9993759989738464,6.682000160217285,3.866636037826538,0.1138480007648468,1804.671630859375,0.050425000488758,7.000000096013537e-06,208.66839599609372,1451.7850806982829,23006.714856623577
2023-09-22 00:00:00+00:00,26579.568359375,1593.268310546875,211.1508636474609,0.5125100016593933,0.2449219971895218,19.43814468383789,0.0615309998393058,0.0833730027079582,1.3044250011444092,0.520995020866394,4.019402027130127,64.33540344238281,8.86332893371582,0.999882996082306,6.939219951629639,3.8751978874206543,0.1144590005278587,1818.2220458984373,0.0504719987511634,7.000000096013537e-06,207.82501220703125,1453.3998983628424,23018.280112811946
2023-09-23 00:00:00+00:00,26579.390625,1593.8577880859375,210.56060791015625,0.5080339908599854,0.2461329996585846,19.47390365600586,0.0615070015192031,0.083635002374649,1.6921559572219849,0.5207509994506836,4.03253984451294,65.08039093017578,8.90028190612793,1.000180959701538,7.1928229331970215,3.868612051010132,0.1142119988799095,1817.2781982421875,0.0519150011241436,7.999999979801942e-06,208.16177368164065,1453.4321941024639,23018.106150992444
2023-09-24 00:00:00+00:00,26256.826171875,1580.8533935546875,208.28289794921875,0.5023880004882812,0.243026003241539,19.374290466308597,0.0607430003583431,0.0836120024323463,1.1638339757919312,0.5135890245437622,3.990195035934448,63.58713912963867,8.787721633911133,0.999912977218628,6.989484786987305,3.6994760036468506,0.1122620031237602,1802.4736328125,0.0498629994690418,7.000000096013537e-06,204.7707061767578,1436.3506831624409,22739.551244875613
2023-09-25 00:00:00+00:00,26298.48046875,1588.3228759765625,210.0738067626953,0.5054609775543213,0.2458810061216354,19.40414047241211,0.0609590001404285,0.0846080034971237,1.132197022438049,0.5193650126457214,4.064115047454834,64.33724212646484,8.943991661071777,1.000038981437683,7.484897136688232,3.7856290340423584,0.1129959970712661,1811.42529296875,0.0505260005593299,7.000000096013537e-06,210.32069396972656,1439.5407234717777,22776.339284828544
2023-09-26 00:00:00+00:00,26217.25,1593.417236328125,212.37844848632807,0.5017079710960388,0.2453950047492981,19.023286819458008,0.060598999261856,0.084647998213768,1.2313319444656372,0.5100600123405457,4.014101028442383,63.75851058959961,9.043546676635742,1.000141978263855,7.363938808441162,3.641554117202759,0.111845001578331,1815.684814453125,0.0494129993021488,7.000000096013537e-06,214.2321929931641,1436.3620371052282,22707.21604076916
2023-09-27 00:00:00+00:00,26352.716796875,1597.4912109375,211.98541259765625,0.4995970129966736,0.2447910010814666,19.130022048950195,0.060504000633955,0.0854149982333183,1.240563988685608,0.5034360289573669,3.990726947784424,63.486812591552734,8.922224044799805,0.9999549984931946,7.642251014709473,3.653232097625733,0.1124840006232261,1822.9259033203125,0.0494530014693737,7.000000096013537e-06,228.83692932128903,1444.027510848969,22824.29906130708
2023-09-28 00:00:00+00:00,27021.546875,1652.8826904296875,215.07598876953125,0.5095250010490417,0.2491199970245361,19.957616806030277,0.0614840015769004,0.0867239981889724,1.3064769506454468,0.5195900201797485,4.074660778045654,65.23880767822266,9.262673377990724,1.000288009643555,7.822662830352783,3.635585069656372,0.1141910031437873,1882.37060546875,0.049880001693964,7.000000096013537e-06,239.1876983642578,1482.1406262169367,23405.249702710113
2023-09-29 00:00:00+00:00,26911.720703125,1667.94384765625,215.2794189453125,0.5217189788818359,0.2495359927415847,20.300655364990234,0.0621780008077621,0.0891399979591369,1.2926429510116575,0.5257589817047119,4.077261924743652,65.63209533691406,9.175294876098633,1.0003069639205933,7.954563140869141,3.649646043777466,0.1128399968147277,1903.761474609375,0.0495159998536109,7.000000096013537e-06,235.29722595214844,1478.509325325675,23313.095572802
2023-09-30 00:00:00+00:00,26967.916015625,1671.161865234375,214.82130432128903,0.515404999256134,0.2540470063686371,21.3951473236084,0.0621410012245178,0.0886840000748634,1.2503080368041992,0.5332810282707214,4.105618000030518,66.06964874267578,9.243800163269045,0.9996740221977234,8.180992126464844,3.65474009513855,0.1123310029506683,1905.637939453125,0.0497479997575283,7.000000096013537e-06,234.35104370117188,1481.4477971849071,23361.618363595233
2023-10-01 00:00:00+00:00,27983.75,1733.8104248046875,218.0471343994141,0.5242040157318115,0.2658950090408325,23.83648681640625,0.0631930008530616,0.0901179984211921,1.1365289688110352,0.5685319900512695,4.261009216308594,68.23331451416016,9.739897727966309,1.0001790523529053,8.047098159790039,3.6550679206848153,0.11438799649477,1977.4764404296875,0.05078100040555,7.999999979801942e-06,242.1915283203125,1536.9934394924562,24241.554936233668
2023-10-02 00:00:00+00:00,27530.78515625,1663.6275634765625,214.7579345703125,0.51283198595047,0.2595129907131195,23.371700286865234,0.062059998512268,0.087566003203392,1.1617649793624878,0.5475130081176758,4.123762130737305,66.01112365722656,9.32707977294922,0.9997010231018066,7.471463203430176,3.6749579906463614,0.1117250025272369,1899.8233642578125,0.0499220006167888,7.000000096013537e-06,246.634033203125,1508.2571782281796,23844.08944555532
2023-10-03 00:00:00+00:00,27429.978515625,1656.6856689453125,213.4359436035156,0.5383870005607605,0.261027991771698,23.55269432067871,0.0613860003650188,0.0908579975366592,1.612521052360535,0.5663080215454102,4.074246883392334,65.49351501464844,9.403885841369627,0.999508023262024,7.419229030609131,3.725728988647461,0.1144329980015754,1889.6807861328125,0.0493660010397434,7.000000096013537e-06,230.07504272460935,1501.8009075808113,23756.38522056959
2023-10-04 00:00:00+00:00,27799.39453125,1647.838134765625,213.4130859375,0.5329310297966003,0.259315013885498,23.1447868347168,0.0614879988133907,0.0889990031719207,1.4683129787445068,0.5633689761161804,4.047316074371338,64.45206451416016,10.09360408782959,1.0002000331878662,7.679328918457031,3.764496088027954,0.1125549972057342,1880.42529296875,0.0488610006868839,7.000000096013537e-06,233.37852478027344,1518.6555811548246,24072.43249994567
2023-10-05 00:00:00+00:00,27415.912109375,1611.4764404296875,210.6796722412109,0.5233659744262695,0.2601490020751953,22.694141387939453,0.0609229989349842,0.0882759988307952,1.4826710224151611,0.5460180044174194,4.022737979888916,64.8587646484375,10.132204055786133,0.9993270039558412,7.474690914154053,3.766407012939453,0.110725000500679,1841.2994384765625,0.0481069982051849,7.000000096013537e-06,231.2909240722656,1496.558433314173,23738.805549053057
2023-10-06 00:00:00+00:00,27946.59765625,1645.83154296875,213.55552673339844,0.5261930227279663,0.2648720145225525,23.42445373535156,0.0614259988069534,0.0872659981250763,1.5820300579071045,0.5641890168190002,4.07214879989624,65.53318786621094,10.65694808959961,0.9998940229415894,7.652021884918213,3.8481268882751465,0.1117840036749839,1876.0860595703125,0.0484399981796741,7.000000096013537e-06,230.9955902099609,1525.357112577637,24198.387876302102
2023-10-07 00:00:00+00:00,27968.83984375,1634.51123046875,212.36447143554688,0.5219060182571411,0.2587350010871887,23.287302017211918,0.0614550001919269,0.0881289988756179,1.324573993682861,0.5638049840927124,4.0564470291137695,65.48564147949219,10.363143920898438,0.9997889995574952,7.532812118530273,3.834450006484986,0.1111669987440109,1865.16552734375,0.048225998878479,7.000000096013537e-06,230.31724548339844,1525.2255194307877,24216.15893287959
2023-10-08 00:00:00+00:00,27935.08984375,1633.548583984375,211.51998901367188,0.5179610252380371,0.2566289901733398,23.24642562866211,0.0610079988837242,0.0880239978432655,1.3502609729766846,0.5611850023269653,4.014286041259766,65.36454772949219,10.096406936645508,0.9999759793281556,7.69350004196167,3.725182056427002,0.1107549965381622,1864.1971435546875,0.0480590015649795,7.000000096013537e-06,228.08560180664065,1523.3607321670806,24187.04860922143
2023-10-09 00:00:00+00:00,27583.677734375,1579.806640625,205.7509613037109,0.5032269954681396,0.2516419887542724,22.118396759033203,0.0587790012359619,0.0861990004777908,1.1548060178756714,0.529774010181427,3.877218961715698,63.11105728149414,9.538162231445312,0.9997079968452454,7.283275127410889,3.676246881484986,0.1060200035572052,1803.4652099609373,0.0464890003204345,7.000000096013537e-06,218.4397125244141,1500.2133936688745,23878.550174394164
2023-10-10 00:00:00+00:00,27391.01953125,1567.7130126953125,208.57687377929688,0.497435986995697,0.2491409927606582,22.10511589050293,0.0590250007808208,0.0862749963998794,1.301237940788269,0.5175589919090271,3.812432050704956,63.621070861816406,9.53337574005127,0.9997159838676452,7.266600131988525,3.704109907150269,0.104322001338005,1789.8245849609375,0.0469419993460178,7.000000096013537e-06,212.49974060058597,1489.692290893454,23711.636900668786
2023-10-11 00:00:00+00:00,26873.3203125,1566.2547607421875,206.53341674804688,0.4888379871845245,0.2480009943246841,22.00741958618164,0.0584699995815753,0.0860259979963302,1.436985969543457,0.5141540169715881,3.738058090209961,61.49982070922852,9.30406093597412,0.9997239708900452,7.393107891082764,3.697314977645874,0.1032930016517639,1782.9345703125,0.0466209985315799,7.000000096013537e-06,214.0279235839844,1464.5091850482722,23266.776398156388
2023-10-12 00:00:00+00:00,26756.798828125,1539.6124267578125,205.2294158935547,0.483049988746643,0.2459219992160797,21.300268173217773,0.057897001504898,0.0848670005798339,1.3112200498580933,0.5076640248298645,3.6735970973968506,61.12781524658203,9.117600440979004,0.9999979734420776,7.201082229614258,3.7042291164398193,0.1024319976568222,1757.071044921875,0.0456239990890026,7.000000096013537e-06,213.9836578369141,1456.317078422586,23163.67042065361
2023-10-13 00:00:00+00:00,26862.375,1552.0894775390625,206.0361175537109,0.4856989979743957,0.2461459934711456,21.834917068481445,0.058398000895977,0.0854810029268264,1.414397954940796,0.5149070024490356,3.721198081970215,61.57405853271485,9.156827926635742,1.0,7.259515762329102,3.7263050079345694,0.1029250025749206,1771.1971435546875,0.0466700010001659,7.000000096013537e-06,217.254150390625,1462.8656829702088,23255.89309547646
2023-10-14 00:00:00+00:00,26861.70703125,1555.2568359375,206.60189819335935,0.4867750108242035,0.2470110058784485,22.01171875,0.059859000146389,0.0850590020418167,1.4969110488891602,0.5175639986991882,3.7362759113311768,61.665157318115234,9.150793075561523,1.0000829696655271,7.322572231292725,3.747044086456299,0.1043009981513023,1776.971435546875,0.0468229986727237,7.000000096013537e-06,214.63487243652344,1463.1833346557135,23255.827207344344
2023-10-15 00:00:00+00:00,27159.65234375,1558.06982421875,209.7425079345703,0.4878459870815277,0.2473559975624084,21.922027587890625,0.0593499988317489,0.0866829976439476,1.520346999168396,0.5154209733009338,3.7549779415130615,61.65643310546875,9.17321491241455,1.000012993812561,7.422249794006348,3.807008981704712,0.106293998658657,1780.7276611328125,0.0467879995703697,7.000000096013537e-06,215.15821838378903,1477.8645986994547,23511.976472169245
2023-10-16 00:00:00+00:00,28519.466796875,1600.5343017578125,214.82395935058597,0.4979769885540008,0.251563012599945,23.98295783996582,0.060113999992609,0.0889139994978904,1.0450509786605835,0.5341209769248962,3.786211013793945,63.337162017822266,9.422463417053224,1.0002989768981934,7.539670944213867,3.684108018875122,0.1076610013842582,1827.9625244140625,0.0475150011479854,7.000000096013537e-06,231.4263610839844,1548.076178031849,24684.62074206722
2023-10-17 00:00:00+00:00,28415.748046875,1565.4395751953125,211.6432342529297,0.4916940033435821,0.2471150010824203,23.959318161010746,0.0591199994087219,0.0885640010237693,1.3299119472503662,0.5194709897041321,3.6750569343566895,62.16300964355469,9.112850189208984,1.0000139474868774,7.332848072052002,3.69576096534729,0.1031069979071617,1788.8900146484375,0.0466919988393783,7.000000096013537e-06,226.79425048828125,1539.1590314910256,24591.167448617107
2023-10-18 00:00:00+00:00,28328.341796875,1563.7498779296875,210.50103759765625,0.4883190095424652,0.2434529960155487,23.432138442993164,0.0586730018258094,0.0892129987478256,1.3037879467010498,0.5113149881362915,3.656548976898194,60.276973724365234,8.915651321411133,0.9999560117721558,7.3619208335876465,3.748512983322144,0.1032759994268417,1783.6646728515625,0.0474560000002384,7.000000096013537e-06,227.14825439453125,1534.5068019944372,24515.721821947256
2023-10-19 00:00:00+00:00,28719.806640625,1567.45703125,211.1441650390625,0.52012699842453,0.2469229996204376,24.93791961669922,0.058883000165224,0.0899690017104148,1.2634999752044678,0.5176290273666382,3.64887809753418,61.786651611328125,9.065718650817873,1.0000510215759275,7.310982227325439,3.939697027206421,0.1073589995503425,1789.8016357421875,0.0458160005509853,7.000000096013537e-06,227.4677276611328,1553.819871979641,24852.324854907776
2023-10-20 00:00:00+00:00,29682.94921875,1604.6668701171875,212.30084228515625,0.5160040259361267,0.2511380016803741,27.033674240112305,0.0599649995565414,0.0907609984278678,1.3316489458084106,0.5360550284385681,3.7212750911712646,63.41781997680664,9.221672058105469,0.9999819993972778,7.581277847290039,3.8585150241851807,0.1075939983129501,1834.5401611328125,0.0474300011992454,7.000000096013537e-06,240.6028289794922,1604.4683209762418,25683.984686245458
2023-10-21 00:00:00+00:00,29918.412109375,1629.304443359375,214.3056640625,0.5212429761886597,0.2585850059986114,29.386228561401367,0.0611880011856555,0.0915990024805069,1.363960027694702,0.5727159976959229,3.904405117034912,64.73554229736328,9.639253616333008,1.000054955482483,8.90384578704834,3.875761032104492,0.1107069998979568,1864.6312255859373,0.0490319989621639,7.000000096013537e-06,243.60321044921875,1618.7967038670909,25889.362328316627
2023-10-22 00:00:00+00:00,29993.896484375,1663.429931640625,217.74737548828125,0.5224869847297668,0.2635729908943176,29.03668212890625,0.0615959987044334,0.0903809964656829,1.4314969778060913,0.609129011631012,3.9647159576416016,65.19058227539062,10.063459396362305,1.0004630088806152,10.132683753967283,3.896562099456787,0.1106889992952346,1900.0294189453125,0.0499260015785694,7.000000096013537e-06,243.489501953125,1625.9531974278123,25958.257977535024
2023-10-23 00:00:00+00:00,33086.234375,1765.3826904296875,228.35276794433597,0.5468699932098389,0.2799539864063263,31.850984573364254,0.0670849978923797,0.092238001525402,1.371561050415039,0.6356239914894104,4.348272800445557,68.99109649658203,10.565308570861816,1.0006389617919922,10.54612159729004,3.8606419563293457,0.1158659979701042,2017.1710205078125,0.05180000141263,7.000000096013537e-06,260.6100769042969,1785.336904798244,28625.642020694802
2023-10-24 00:00:00+00:00,33901.52734375,1784.4375,225.14295959472656,0.5585319995880127,0.278993010520935,30.15153694152832,0.0665559992194175,0.0923530012369155,1.440871000289917,0.6245350241661072,4.186614036560059,69.0318603515625,10.314806938171388,0.999638020992279,10.394031524658203,3.877976894378662,0.1143210008740425,2039.019287109375,0.0513660013675689,7.000000096013537e-06,251.6548309326172,1825.4269485777065,29327.722286767843
2023-10-25 00:00:00+00:00,34502.8203125,1787.3975830078125,222.179931640625,0.5553060173988342,0.2805559933185577,32.46306610107422,0.0683609992265701,0.0934899970889091,1.4707930088043213,0.6303070187568665,4.2850542068481445,68.6949234008789,10.510028839111328,0.999970018863678,11.026677131652832,4.0687408447265625,0.1143070012331008,2047.408447265625,0.0520839989185333,7.999999979801942e-06,254.08761596679688,1854.724169664703,29844.51233699131
2023-10-26 00:00:00+00:00,34156.6484375,1804.039306640625,223.2360382080078,0.5536829829216003,0.2872920036315918,32.77549362182617,0.0718669965863227,0.0928419977426529,1.4306919574737549,0.6322050094604492,4.236405849456787,68.85438537597656,11.052852630615234,0.9999809861183168,10.929611206054688,3.9508230686187744,0.1131410002708435,2062.742431640625,0.052946001291275,7.999999979801942e-06,247.45997619628903,1839.5314485177903,29549.200878212094
2023-10-27 00:00:00+00:00,33909.80078125,1780.0452880859375,224.4759063720703,0.5461069941520691,0.289467990398407,31.73969841003418,0.0678810030221939,0.0936279967427253,1.4457550048828125,0.6097339987754822,4.139359951019287,67.05579376220703,10.598812103271484,1.000146985054016,11.204940795898438,4.006318092346191,0.1120999976992607,2038.447021484375,0.0509929992258548,7.999999979801942e-06,239.4364318847656,1825.0079130077086,29334.412736863465
2023-10-28 00:00:00+00:00,34089.57421875,1776.6181640625,225.77407836914065,0.5453910231590271,0.2912499904632568,31.653318405151367,0.0690009966492652,0.0943320021033287,1.666856050491333,0.6206390261650085,4.180108070373535,67.78277587890625,10.973055839538574,0.99993497133255,10.925374031066896,3.941051959991455,0.1140199974179267,2032.1021728515625,0.0519599989056587,7.999999979801942e-06,244.94923400878903,1833.4727116325575,29488.205370277923
2023-10-29 00:00:00+00:00,34538.48046875,1795.5460205078125,227.14845275878903,0.5563939809799194,0.2952829897403717,32.822608947753906,0.0693589970469474,0.094879001379013,1.21711003780365,0.63823002576828,4.312545776367188,68.80084228515625,11.361387252807615,0.9999250173568726,11.103344917297363,3.977013111114502,0.115786001086235,2056.200927734375,0.0524899996817112,7.999999979801942e-06,246.3280334472656,1857.1486242637898,29876.076396051067
2023-10-30 00:00:00+00:00,34502.36328125,1810.088623046875,228.2874298095703,0.5789440274238586,0.3027339875698089,34.962337493896484,0.0696500018239021,0.095610998570919,1.3924930095672607,0.6499279737472534,4.527799129486084,69.25083923339844,11.45251178741455,1.0002210140228271,11.237469673156738,3.943356990814209,0.119046002626419,2071.77197265625,0.0537079982459545,7.999999979801942e-06,246.09274291992188,1857.0590812859232,29846.85662810124
2023-10-31 00:00:00+00:00,34667.78125,1816.458984375,226.43994140625,0.6002820134162903,0.2931070029735565,38.51951599121094,0.0682770013809204,0.0971729978919029,1.435147047042847,0.635981023311615,4.4511799812316895,68.9495620727539,11.32440185546875,1.0007810592651367,11.37502670288086,3.9550321102142334,0.1212780028581619,2081.6162109375,0.0524870008230209,7.999999979801942e-06,244.8642578125,1865.7161849711417,29989.77906558994
2023-11-01 00:00:00+00:00,35437.25390625,1847.0897216796875,228.00010681152344,0.6095380187034607,0.3074589967727661,41.461544036865234,0.0688410028815269,0.1002560034394264,1.5158590078353882,0.6681029796600342,4.730909824371338,69.93502044677734,12.209151268005373,1.0003060102462769,11.624006271362305,3.9000120162963863,0.1224619969725608,2115.197265625,0.0536030009388923,7.999999979801942e-06,245.07037353515625,1905.7580215610712,30654.0365674578
2023-11-02 00:00:00+00:00,34938.2421875,1800.6209716796875,231.7230224609375,0.6064389944076538,0.3231419920921325,40.20756912231445,0.0679339990019798,0.0992949977517128,1.582309007644653,0.6610869765281677,4.635324001312256,69.39419555664062,11.889124870300291,1.000180959701538,11.004575729370115,3.929352998733521,0.1197870001196861,2064.812255859375,0.0554869994521141,7.999999979801942e-06,235.5221099853516,1876.9760170805107,30219.95920189901
2023-11-03 00:00:00+00:00,34732.32421875,1832.795166015625,230.60597229003903,0.6130020022392273,0.329021006822586,39.51976013183594,0.0681440010666847,0.0973130017518997,1.5929460525512695,0.6719430088996887,4.615493774414063,69.49114227294922,12.111170768737791,1.0004069805145264,11.48477268218994,3.960361957550049,0.1225360035896301,2096.73388671875,0.0547799989581108,7.999999979801942e-06,237.716064453125,1870.2813385653149,30046.986181741788
2023-11-04 00:00:00+00:00,35082.1953125,1857.6986083984373,237.45460510253903,0.6161839962005615,0.3285419940948486,42.34659576416016,0.0690789967775344,0.0977779999375343,2.226746082305908,0.6778730154037476,4.691026210784912,70.47209930419922,12.2177734375,0.9997649788856506,11.49703598022461,3.972548007965088,0.123599998652935,2125.49853515625,0.055697001516819,7.999999979801942e-06,240.3309631347656,1890.1700178600288,30350.528893883624
2023-11-05 00:00:00+00:00,35049.35546875,1894.15771484375,244.32247924804688,0.6611469984054565,0.3428699970245361,41.23860168457031,0.071223996579647,0.0982199981808662,2.224864959716797,0.6933330297470093,4.773220062255859,71.66265106201172,12.366694450378418,0.9997529983520508,12.227702140808104,3.95500111579895,0.125898003578186,2170.51123046875,0.0558950006961822,7.999999979801942e-06,238.23455810546875,1892.7656445197201,30327.16232973402
2023-11-06 00:00:00+00:00,35037.37109375,1899.83740234375,254.63479614257807,0.715516984462738,0.3634079992771148,42.12858963012695,0.0763809978961944,0.0977220013737678,2.3373138904571533,0.7354069948196411,4.968372821807861,74.48286437988281,13.081212997436523,1.0002000331878662,13.009284019470217,3.9682021141052246,0.1310379952192306,2176.443359375,0.0585809983313083,7.999999979801942e-06,242.87181091308597,1893.729169732489,30317.68624491157
2023-11-07 00:00:00+00:00,35443.5625,1888.124267578125,246.39529418945312,0.6864020228385925,0.3515709936618805,43.09254455566406,0.0735180005431175,0.0966710001230239,2.485701084136963,0.7420859932899475,4.931488037109375,73.56438446044922,12.82353973388672,1.000148057937622,13.068292617797852,3.960076093673706,0.1266950070858001,2164.15185546875,0.0575870014727115,7.999999979801942e-06,244.0255889892578,1911.5866770897742,30664.87672683164
2023-11-08 00:00:00+00:00,35655.27734375,1889.3223876953125,247.123291015625,0.6880760192871094,0.35835000872612,43.18988800048828,0.0754809975624084,0.0984119996428489,2.519479990005493,0.7894780039787292,5.053585052490234,73.17993927001953,13.021961212158203,0.9996579885482788,14.93785572052002,4.05592679977417,0.1279100030660629,2165.8232421875,0.0606079995632171,7.999999979801942e-06,245.6894378662109,1922.0186818847849,30846.788641827796
2023-11-09 00:00:00+00:00,36693.125,2120.56103515625,251.51084899902344,0.6674749851226807,0.3683350086212158,45.44482803344727,0.073461003601551,0.0989030003547668,2.5285449028015137,0.8565099835395813,5.087355136871338,73.75221252441406,12.972375869750977,1.0004099607467651,14.635876655578612,4.072109222412109,0.1229590028524398,2427.780029296875,0.059773001819849,7.999999979801942e-06,239.7634735107422,1994.9753106311823,31766.564111499298
2023-11-10 00:00:00+00:00,37313.96875,2078.289794921875,251.08236694335935,0.6605749726295471,0.3862099945545196,56.64385223388672,0.0754439979791641,0.1062380000948906,2.84306001663208,0.8443509936332703,5.300800800323486,73.30500030517578,14.748550415039062,0.9996770024299622,15.509591102600098,4.061893939971924,0.1238730028271675,2384.2744140625,0.0628290027379989,9.000000318337698e-06,239.92774963378903,2021.1054776353353,32294.446270975495
2023-11-11 00:00:00+00:00,37138.05078125,2052.7138671875,251.42161560058597,0.6627349853515625,0.3845640122890472,56.1026611328125,0.0784059986472129,0.1079889982938766,2.509968042373657,0.8028860092163086,5.553164958953857,75.17430877685547,16.78807258605957,0.999805986881256,16.422510147094727,4.094483852386475,0.1249219998717308,2346.996826171875,0.0619009993970394,9.000000318337698e-06,236.4889678955078,2009.7876402662837,32139.721463625785
2023-11-12 00:00:00+00:00,37054.51953125,2045.18701171875,247.6400146484375,0.6615359783172607,0.3833830058574676,56.15409851074219,0.0779810026288032,0.1084109991788864,2.4365389347076416,0.8975120186805725,5.707890033721924,74.89127349853516,18.845966339111328,0.9994710087776184,16.001081466674805,4.153459072113037,0.1242000013589859,2340.1455078125,0.062144000083208,9.000000318337698e-06,236.5060272216797,2005.0239546438982,32067.156385847236
2023-11-13 00:00:00+00:00,36502.35546875,2055.265380859375,241.33506774902344,0.6715239882469177,0.3584150075912475,51.90705108642578,0.0747819989919662,0.1071520000696182,2.3069839477539062,0.8839769959449768,5.368368148803711,71.49154663085938,16.219932556152344,0.9987229704856871,14.40780544281006,4.086493968963623,0.1224069967865943,2358.434326171875,0.0591729991137981,9.000000318337698e-06,234.7109832763672,1979.1031224069354,31594.807834629843
2023-11-14 00:00:00+00:00,35537.640625,1979.0526123046875,242.263671875,0.6296730041503906,0.3578700125217438,56.838375091552734,0.0724570006132125,0.1022749990224838,2.1896770000457764,0.9155840277671814,5.2027268409729,70.63526153564453,17.090946197509766,0.9995359778404236,13.968098640441896,4.067758083343506,0.1179540008306503,2269.99853515625,0.0584999993443489,7.999999979801942e-06,231.6561584472656,1925.4218239616575,30757.073240282898
2023-11-15 00:00:00+00:00,37880.58203125,2060.408447265625,253.75534057617188,0.6496480107307434,0.3792920112609863,65.5344009399414,0.0763560011982917,0.1041050031781196,2.274625062942505,0.922012984752655,5.566057205200195,74.080322265625,20.73465347290039,1.0006849765777588,15.017497062683104,4.075830936431885,0.1216719970107078,2360.112060546875,0.0618260018527507,9.000000318337698e-06,238.07025146484372,2046.834624954086,32778.342517089004
2023-11-16 00:00:00+00:00,36154.76953125,1960.881591796875,242.7588806152344,0.61216801404953,0.3717660009860992,57.87140274047852,0.0792770013213157,0.1023959964513778,2.2229700088500977,0.8464900255203247,5.358421802520752,71.1790542602539,21.76090240478516,0.9998909831047058,13.88802433013916,4.040247917175293,0.1185420006513595,2249.310302734375,0.0608029998838901,7.999999979801942e-06,234.1369171142578,1953.398551809377,31284.526846933837
2023-11-17 00:00:00+00:00,36596.68359375,1961.28076171875,244.745361328125,0.6137170195579529,0.3666090071201324,58.41593551635742,0.0863040015101432,0.1036740019917488,2.2407829761505127,0.830731987953186,5.242203235626221,70.18233489990234,21.940824508666992,1.0004199743270874,13.68433952331543,4.087057113647461,0.1181610003113746,2244.294921875,0.0638270005583763,9.000000318337698e-06,229.26284790039065,1974.0592579685365,31663.52145977243
2023-11-18 00:00:00+00:00,36585.703125,1963.2850341796875,244.9507598876953,0.6111890077590942,0.3776940107345581,58.512725830078125,0.0803830027580261,0.1030059978365898,2.2201950550079346,0.8319600224494934,5.291220188140869,69.89380645751953,21.99535179138184,1.0003520250320437,13.74829387664795,4.07195520401001,0.119218997657299,2251.3984375,0.0616689994931221,9.000000318337698e-06,227.48513793945312,1973.8924535225403,31654.621831707133
2023-11-19 00:00:00+00:00,37386.546875,2013.2044677734373,246.58778381347656,0.627498984336853,0.3845250010490417,61.39355850219727,0.0805760025978088,0.1034990027546882,2.2741570472717285,0.8531460165977478,5.444248199462891,70.64031219482422,22.85964584350586,1.0005830526351929,14.939276695251465,4.038247108459473,0.1211569979786872,2306.20849609375,0.0625839978456497,9.000000318337698e-06,230.48040771484372,2017.516716859156,32348.213263107606
2023-11-20 00:00:00+00:00,37476.95703125,2022.2391357421875,253.6350860595703,0.6128420233726501,0.3806819915771484,56.53383255004883,0.0778789967298507,0.101121000945568,2.2418038845062256,0.8115180134773254,5.304597854614258,69.51773834228516,20.86159896850586,0.9995710253715516,14.465622901916504,3.9663379192352295,0.1197659969329834,2320.60107421875,0.0660850033164024,7.999999979801942e-06,226.49826049804688,2022.6662662972092,32427.19021951532
2023-11-21 00:00:00+00:00,35813.8125,1937.0667724609373,226.4864044189453,0.5804619789123535,0.3586310148239136,52.00047302246094,0.0721189975738525,0.0962459966540336,2.118488073348999,0.732545018196106,4.8893890380859375,66.45738220214844,19.04480743408203,0.9979209899902344,13.5319185256958,3.9396450519561768,0.1138240024447441,2225.747314453125,0.0587750002741813,7.999999979801942e-06,217.1041717529297,1932.6290379729803,30988.782519553028
2023-11-22 00:00:00+00:00,37432.33984375,2064.42529296875,236.1365966796875,0.6118990182876587,0.3806599974632263,57.58855819702149,0.0757839977741241,0.1012369990348815,2.2715420722961426,0.7735329866409302,5.17286491394043,68.7055892944336,20.7967586517334,0.9998940229415894,14.236408233642578,4.058052062988281,0.1181309968233108,2369.298828125,0.0625040009617805,7.999999979801942e-06,224.0798492431641,2023.9158968672662,32394.089264764018
2023-11-23 00:00:00+00:00,37289.62109375,2062.210693359375,233.76580810546875,0.6202419996261597,0.3866750001907348,56.599369049072266,0.0762000009417533,0.1020840033888816,2.38584303855896,0.772936999797821,5.13363790512085,69.512451171875,20.67244911193848,0.9996860027313232,14.402031898498535,4.089418888092041,0.1172399967908859,2365.984130859375,0.061599001288414,7.999999979801942e-06,225.28274536132807,2016.7998258811172,32271.258387975085
2023-11-24 00:00:00+00:00,37720.28125,2081.152099609375,232.9009552001953,0.6218810081481934,0.3862130045890808,56.86643981933594,0.0782169997692108,0.1047210022807121,2.3834149837493896,0.7599689960479736,5.24334192276001,70.73595428466797,20.88572883605957,1.0000280141830444,14.46033000946045,4.090913772583008,0.1180099993944168,2384.57763671875,0.0623169988393783,7.999999979801942e-06,226.5084381103516,2039.2008508233591,32643.11916372155
2023-11-25 00:00:00+00:00,37796.79296875,2084.4130859375,234.43994140625,0.6234440207481384,0.3948110044002533,58.84648895263672,0.0789550021290779,0.1088109984993934,2.331305980682373,0.7792900204658508,5.3300862312316895,71.83336639404297,21.32732391357422,1.0001009702682495,14.756277084350586,3.972589015960693,0.120958000421524,2393.24658203125,0.0635379999876022,7.999999979801942e-06,227.51412963867188,2043.7130505406226,32709.52836385877
2023-11-26 00:00:00+00:00,37479.12109375,2063.2861328125,232.0471954345703,0.6168190240859985,0.3881849944591522,57.6427001953125,0.0787039995193481,0.1078540012240409,2.3943159580230717,0.7630159854888916,5.32512903213501,70.05899047851562,21.11045837402344,0.9996740221977234,14.789013862609863,3.992870092391968,0.1200060024857521,2369.162353515625,0.0629210025072097,7.999999979801942e-06,226.9101409912109,2026.1417895966138,32434.173290267165
2023-11-27 00:00:00+00:00,37254.16796875,2027.4173583984373,227.4214782714844,0.6041529774665833,0.3783589899539947,55.06462097167969,0.0787879973649978,0.1020990014076232,2.2779529094696045,0.7430959939956665,5.161478042602539,69.2423324584961,20.358753204345703,1.000161051750183,14.20132827758789,3.9804320335388175,0.116518996655941,2324.359375,0.0615580007433891,7.999999979801942e-06,223.3904266357422,2010.958487902987,32236.26690662244
2023-11-28 00:00:00+00:00,37831.0859375,2049.338134765625,229.6929626464844,0.6114220023155212,0.3856239914894104,58.19437026977539,0.0810090005397796,0.1030429974198341,2.229132890701294,0.7482619881629944,5.270678043365479,69.73725128173828,20.653627395629883,0.9995530247688292,14.519681930541992,3.902647018432617,0.1184149980545044,2350.863037109375,0.0611770004034042,7.999999979801942e-06,223.45953369140625,2041.0502622641063,32734.326982522827
2023-11-29 00:00:00+00:00,37858.4921875,2029.92919921875,227.3427581787109,0.609358012676239,0.3817760050296783,59.25012969970703,0.0805929973721504,0.103543996810913,2.2761049270629883,0.7576969861984253,5.168088912963867,69.98934936523438,21.086414337158203,0.9997169971466064,14.511725425720217,3.975188970565796,0.1185820028185844,2330.66455078125,0.0601419992744922,7.999999979801942e-06,223.2935943603516,2040.4328908892765,32755.511375743692
2023-11-30 00:00:00+00:00,37712.74609375,2052.55615234375,227.68380737304688,0.606357991695404,0.3758949935436249,59.24162292480469,0.083416998386383,0.1035149991512298,2.138401985168457,0.7625160217285156,5.465794086456299,69.4455795288086,21.38686180114746,1.0000629425048828,14.404431343078612,3.980276107788086,0.1183120012283325,2352.408203125,0.0602400004863739,7.999999979801942e-06,221.5819091796875,2035.5309265474982,32632.99944127755
2023-12-01 00:00:00+00:00,38688.75,2087.139892578125,228.54563903808597,0.6129149794578552,0.3842020034790039,59.80399703979492,0.0838569998741149,0.1031770035624504,2.3679590225219727,0.7994959950447083,5.475039958953857,71.54496765136719,21.861373901367188,0.9997529983520508,14.98322868347168,3.973028898239136,0.1197940036654472,2397.42333984375,0.060878001153469,7.999999979801942e-06,225.21685791015625,2086.2023525957347,33475.468024229405
2023-12-02 00:00:00+00:00,39476.33203125,2165.7041015625,229.30084228515625,0.6209759712219238,0.3977980017662048,63.83285903930664,0.08627899736166,0.1032859981060028,2.337807893753052,0.816215991973877,5.573881149291992,72.27222442626953,22.24107360839844,1.0000050067901611,15.994240760803224,3.882498025894165,0.1216330006718635,2482.642333984375,0.0624819993972778,9.000000318337698e-06,228.1851348876953,2131.9765577543208,34161.13939465841
2023-12-03 00:00:00+00:00,39978.390625,2193.691650390625,228.09820556640625,0.6237229704856873,0.3951550126075744,63.03996658325195,0.0856150016188621,0.1031619980931282,2.331402063369751,0.8141859769821167,5.54657506942749,72.25643157958984,21.968658447265625,0.9996500015258788,15.7426118850708,3.688209056854248,0.1220320016145706,2516.99462890625,0.0622869990766048,9.000000318337698e-06,230.08058166503903,2158.8112078654835,34595.74586543417
2023-12-04 00:00:00+00:00,41980.09765625,2243.2158203125,233.29530334472656,0.6243739724159241,0.406810998916626,61.526615142822266,0.0919400006532669,0.1038480028510093,2.300266981124878,0.8097010254859924,5.626327037811279,72.82166290283203,22.632719039916992,1.0005520582199097,15.764348983764648,3.74297308921814,0.1222269982099533,2573.69580078125,0.0638310015201568,9.000000318337698e-06,251.2904815673828,2260.439679451982,36320.35673881722
2023-12-05 00:00:00+00:00,44080.6484375,2293.841796875,231.2613525390625,0.6219969987869263,0.4256579875946045,60.99483108520508,0.0942469984292984,0.1036449968814849,2.298377990722656,0.8134660124778748,5.911571979522705,74.29119873046875,24.484773635864254,1.000419020652771,15.720780372619627,3.7218170166015625,0.1224460005760192,2631.681396484375,0.0659160017967224,9.000000318337698e-06,251.5111389160156,2365.6959655306027,38129.69915177814
2023-12-06 00:00:00+00:00,43746.4453125,2231.661376953125,229.4244079589844,0.6403329968452454,0.4424059987068176,61.902957916259766,0.0948640033602714,0.1047979965806007,2.274538040161133,0.8188530206680298,6.043325901031494,72.41529083251953,26.217491149902344,0.9991880059242249,15.29030704498291,3.7963790893554688,0.1254400014877319,2563.495361328125,0.0685509964823722,9.999999747378752e-06,244.5463104248047,2343.1813096266337,37835.10293450011
2023-12-07 00:00:00+00:00,43292.6640625,2357.57958984375,232.97743225097656,0.6436319947242737,0.4564320147037506,67.83782958984375,0.0959199965000152,0.1042260006070137,2.249880075454712,0.8423529863357544,6.246665954589844,74.05846405029297,26.30372428894043,1.0000619888305664,15.712053298950195,3.826574087142944,0.1261740028858184,2707.825927734375,0.0692180022597312,9.999999747378752e-06,246.98426818847656,2335.124023754745,37461.55850373033
2023-12-08 00:00:00+00:00,44166.6015625,2358.73193359375,238.91598510742188,0.6731380224227905,0.5459210276603699,75.00243377685547,0.1014700010418891,0.1067159995436668,2.410818099975586,0.9064239859580994,6.839678764343262,78.39876556396484,30.636808395385746,0.9999229907989502,16.942026138305664,3.770839929580689,0.132324993610382,2712.583740234375,0.0742560029029846,9.999999747378752e-06,253.6110076904297,2378.4755134675397,38212.17911837365
2023-12-09 00:00:00+00:00,43725.984375,2341.17529296875,237.7686004638672,0.658814013004303,0.5785999894142151,72.25760650634766,0.0985419973731041,0.1066749989986419,2.371033906936645,0.884913980960846,7.11761999130249,76.27754974365234,31.817724227905277,0.9996730089187622,16.218416213989258,3.7930328845977774,0.1336919963359832,2686.947509765625,0.0743810012936592,9.999999747378752e-06,252.7654571533203,2355.144262848219,37831.41015901987
2023-12-10 00:00:00+00:00,43779.69921875,2352.462646484375,239.733154296875,0.6615779995918274,0.5941550135612488,74.70588684082031,0.1018010005354881,0.1078229993581771,2.355236053466797,0.9219549894332886,7.3415751457214355,77.14188385009766,37.07502746582031,0.9998949766159058,16.333545684814453,3.804814100265503,0.1329859942197799,2699.8515625,0.0750589966773986,9.999999747378752e-06,250.95263671875,2359.288211898143,37878.94671559696
2023-12-11 00:00:00+00:00,41243.83203125,2224.578857421875,246.42086791992188,0.6202110052108765,0.5510209798812866,70.36717224121094,0.0943839997053146,0.1037869974970817,2.210263967514038,0.8418499827384949,6.7066969871521,72.65074920654297,38.1399040222168,1.000195026397705,14.76536464691162,3.938270092010498,0.1234930008649826,2551.682373046875,0.0709659978747367,9.999999747378752e-06,230.49122619628903,2224.2471282851757,35685.93307704377
2023-12-12 00:00:00+00:00,41450.22265625,2202.0380859375,254.49497985839844,0.6195489764213562,0.5764070153236389,68.54067993164062,0.0938350036740303,0.1036259979009628,2.1671600341796875,0.8860960006713867,7.123778820037842,72.4129867553711,37.430912017822266,1.0003679990768433,14.521307945251465,3.7330150604248047,0.1230809986591339,2531.238525390625,0.0754870027303695,9.999999747378752e-06,232.0464324951172,2232.354713309087,35860.631549066595
2023-12-13 00:00:00+00:00,42890.7421875,2260.648681640625,252.4233245849609,0.6284859776496887,0.6652439832687378,70.76778411865234,0.0964279994368553,0.1042999997735023,2.381800889968872,0.8876349925994873,7.610177993774414,73.1978530883789,39.05376815795898,1.0001349449157717,14.778791427612305,3.6772871017456055,0.1248959973454475,2599.032958984375,0.0768269971013069,9.999999747378752e-06,235.4631805419922,2307.302940805816,37104.53131178932
2023-12-14 00:00:00+00:00,43023.97265625,2316.5791015625,253.5412139892578,0.6324319839477539,0.6434779763221741,75.62033081054688,0.0982550010085105,0.1059850007295608,2.242727041244507,0.8840870261192322,7.521094799041748,72.96341705322266,39.30565643310547,1.0001649856567385,15.393107414245604,3.655746936798096,0.1275040060281753,2660.005615234375,0.0838430002331733,9.999999747378752e-06,237.323974609375,2319.6047810054174,37225.79059940441
2023-12-15 00:00:00+00:00,41929.7578125,2219.33740234375,244.8984375,0.6154919862747192,0.6014080047607422,72.36898803710938,0.0930040031671524,0.1015629991889,2.20205307006836,0.8395299911499023,6.956742763519287,70.95587921142578,39.812110900878906,0.9982370138168336,14.327272415161133,3.708527088165283,0.1229389980435371,2549.314453125,0.0799669995903968,9.999999747378752e-06,226.94537353515625,2256.382723927916,36274.1982329164
2023-12-16 00:00:00+00:00,42240.1171875,2226.926513671875,244.35096740722656,0.6198350191116333,0.60760897397995,73.47350311279297,0.0970560014247894,0.1027560010552406,2.222033977508545,0.8499109745025635,7.085906982421875,72.13298034667969,42.08190536499024,0.999292016029358,14.318156242370604,3.749277114868164,0.1247010007500648,2556.669189453125,0.0799010023474693,1.2000000424450263e-05,229.6128692626953,2272.201026829798,36541.49617301003
2023-12-17 00:00:00+00:00,41364.6640625,2196.481201171875,239.30828857421875,0.6104180216789246,0.5803139805793762,71.00051879882812,0.0930970013141632,0.1021109968423843,2.1828150749206543,0.8189219832420349,6.792212963104248,71.23487091064453,40.66232299804688,0.9991379976272584,14.020898818969728,3.7648580074310303,0.1222330033779144,2527.171142578125,0.0785420015454292,9.999999747378752e-06,225.9416961669922,2226.982365407113,35786.47104096889
2023-12-18 00:00:00+00:00,42623.5390625,2217.2734375,241.3484344482422,0.612529993057251,0.6010329723358154,74.34716033935547,0.0920360013842582,0.1009119972586631,2.1395390033721924,0.8002930283546448,6.875728130340576,70.80284118652344,41.06120300292969,1.000203013420105,14.645723342895508,3.771861076354981,0.1211619973182678,2543.944580078125,0.0794949978590011,9.999999747378752e-06,227.93328857421875,2289.099549199207,36869.2415789174
2023-12-19 00:00:00+00:00,42270.52734375,2177.87255859375,252.6371917724609,0.6054559946060181,0.5766000151634216,72.9897689819336,0.0902969986200332,0.1005740016698837,2.130747079849243,0.7653589844703674,6.715219020843506,70.61455535888672,39.82133483886719,0.9997569918632508,14.095596313476562,3.835252046585083,0.1195600032806396,2501.9033203125,0.0815479978919029,9.999999747378752e-06,225.1953125,2268.6513029312723,36561.50578111162
2023-12-20 00:00:00+00:00,43652.25,2201.911376953125,260.1073608398437,0.6173189878463745,0.5893290042877197,82.19123077392578,0.0914169996976852,0.1026979982852935,2.196820020675659,0.775102972984314,6.942695140838623,69.80497741699219,43.42633819580078,1.000041961669922,14.225022315979004,3.9017059803009033,0.1217420026659965,2523.544677734375,0.0869999974966049,9.999999747378752e-06,229.5563507080078,2337.783010285943,37750.27611969433
2023-12-21 00:00:00+00:00,43869.15234375,2239.54248046875,271.24658203125,0.6239100098609924,0.6365990042686462,93.85481262207033,0.0950039997696876,0.1046700030565261,2.2097599506378174,0.8172140121459961,8.361507415771484,70.92453002929688,45.96164321899414,1.0001660585403442,15.28655242919922,3.872431993484497,0.124387003481388,2573.209228515625,0.0912410020828247,9.999999747378752e-06,233.1860809326172,2353.8238644976623,37941.7378327157
2023-12-22 00:00:00+00:00,43997.90234375,2326.52490234375,271.3764953613281,0.6254019737243652,0.6242160201072693,98.00369262695312,0.0951979979872703,0.1051290035247802,2.2158539295196533,0.876596987247467,7.969131946563721,73.7297134399414,45.44339370727539,1.0003260374069214,15.497312545776367,3.9365859031677246,0.1266449987888336,2672.470947265625,0.0909110009670257,1.1000000085914508e-05,238.7271881103516,2369.397237902381,38063.2648188296
2023-12-23 00:00:00+00:00,43739.54296875,2309.04638671875,271.3909606933594,0.6202049851417542,0.6145480275154114,107.59423065185548,0.0935619994997978,0.1067759990692138,2.204746961593628,0.8592190146446228,8.34211540222168,72.5406265258789,48.06705856323242,0.9999750256538392,15.687339782714844,3.972568035125733,0.126689001917839,2651.845458984375,0.0912310034036636,1.1000000085914508e-05,233.23106384277344,2355.5703686175584,37839.236535760945
2023-12-24 00:00:00+00:00,43016.1171875,2265.692138671875,264.71710205078125,0.6135179996490479,0.5939549803733826,112.48521423339844,0.0918949991464614,0.1063899993896484,2.184710025787353,0.8510230183601379,8.647969245910645,71.17471313476562,47.711238861083984,0.9995089769363404,15.31032657623291,3.9343628883361816,0.126129001379013,2604.555419921875,0.0903130024671554,1.1000000085914508e-05,229.19573974609372,2316.4380412301825,37212.8960940421
2023-12-25 00:00:00+00:00,43613.140625,2272.561767578125,267.0733642578125,0.6463369727134705,0.6257209777832031,121.1464614868164,0.0944489985704422,0.1059330031275749,2.231435060501098,0.9119579792022704,9.228659629821776,72.27528381347656,48.3452033996582,0.9996160268783568,15.608394622802734,3.9524130821228023,0.1310359984636306,2614.778564453125,0.0924990028142929,1.1000000085914508e-05,234.9774627685547,2346.6155807196365,37726.44567605033
2023-12-26 00:00:00+00:00,42520.40234375,2231.46533203125,297.6932373046875,0.6223689913749695,0.6087989807128906,112.6767349243164,0.0913560017943382,0.1030689999461174,2.238137006759644,1.015416979789734,8.819256782531738,73.15052032470703,44.426029205322266,1.000383973121643,15.090892791748049,3.946165084838867,0.1260019987821579,2563.5791015625,0.0897980034351348,1.1000000085914508e-05,229.1773223876953,2290.7772513373957,36783.2206529834
2023-12-27 00:00:00+00:00,43442.85546875,2378.739990234375,323.6773376464844,0.6348559856414795,0.6335350275039673,107.02379608154295,0.09357900172472,0.1054089963436126,2.2169439792633057,1.0396239757537842,8.703069686889648,75.85030364990234,42.41041564941406,1.0003130435943604,16.672073364257812,3.963284969329834,0.130852997303009,2732.90966796875,0.0922119989991188,1.1000000085914508e-05,264.0868530273437,2352.5161712873532,37594.11204345187
2023-12-28 00:00:00+00:00,42627.85546875,2347.566162109375,323.5989990234375,0.6349980235099792,0.6174219846725464,102.10456848144533,0.0918840020895004,0.1055999994277954,2.174854040145874,1.0034129619598389,8.450114250183105,76.72232818603516,39.90686798095703,0.999737024307251,16.051332473754883,3.9499709606170654,0.1323619931936264,2699.8779296875,0.0895479992032051,1.1000000085914508e-05,262.49664306640625,2310.2109625713438,36890.77451621288
2023-12-29 00:00:00+00:00,42099.40234375,2300.690673828125,313.8787536621094,0.6234019994735718,0.608493983745575,106.31151580810548,0.0910380035638809,0.1056889966130256,2.2972071170806885,0.9733650088310242,8.292625427246094,73.40414428710938,40.21108627319336,1.000419020652771,15.533926010131836,3.94963002204895,0.1296190023422241,2641.50927734375,0.0890469998121261,9.999999747378752e-06,254.51272583007807,2279.21976154162,36430.8509160244
2023-12-30 00:00:00+00:00,42156.90234375,2292.0654296875,317.16619873046875,0.6218439936637878,0.601963996887207,101.84508514404295,0.0901480019092559,0.1059850007295608,2.300276041030884,0.9530869722366332,8.37086296081543,73.31273651123047,39.39484786987305,0.9994549751281738,15.19324779510498,3.952189922332764,0.1326110064983368,2636.317626953125,0.0871260017156601,9.999999747378752e-06,271.1043395996094,2281.977019757805,36479.57209673318
2023-12-31 00:00:00+00:00,42265.1875,2281.47119140625,312.4356994628906,0.6149410009384155,0.5942050218582153,101.50582122802734,0.0894720032811164,0.1076729968190193,2.242357015609741,0.9706079959869384,8.193986892700195,72.7984390258789,38.5449104309082,0.999413013458252,14.946123123168944,3.974224090576172,0.1289590001106262,2620.879638671875,0.0859159976243972,9.999999747378752e-06,259.262939453125,2285.001620372909,36570.830250962616
2024-01-01 00:00:00+00:00,44167.33203125,2352.327880859375,314.4082946777344,0.6300820112228394,0.6231099963188171,109.50868225097656,0.0920239984989166,0.1078120023012161,2.259896993637085,1.0156519412994385,8.59892463684082,74.73192596435547,41.86446380615234,1.0005600452423096,15.535808563232422,3.972346067428589,0.1319050043821334,2699.93017578125,0.0916159972548484,1.1000000085914508e-05,266.6159362792969,2383.8466256727047,38212.42027396293
2024-01-02 00:00:00+00:00,44957.96875,2355.83642578125,312.10382080078125,0.6253629922866821,0.605666995048523,106.61122131347656,0.0912040024995803,0.108364000916481,2.297621965408325,0.9697179794311525,8.41269588470459,72.98407745361328,40.64521026611328,0.9997339844703674,15.165292739868164,3.970196008682251,0.1292870044708252,2711.393310546875,0.0969929993152618,1.1000000085914508e-05,256.9635009765625,2421.3323078426556,38891.81376826631
2024-01-03 00:00:00+00:00,42848.17578125,2210.761962890625,316.6612854003906,0.5825799703598022,0.5572860240936279,98.5944366455078,0.0820420011878013,0.1068259999155998,2.2849791049957275,0.8554210066795349,7.641822814941406,65.30164337158203,36.7952766418457,0.9996640086174012,14.150558471679688,4.025112152099609,0.1205520033836364,2544.400146484375,0.0883020013570785,9.999999747378752e-06,233.9602508544922,2304.1021875761016,37062.33486257643
2024-01-04 00:00:00+00:00,44179.921875,2269.0380859375,323.6000061035156,0.5882260203361511,0.5705670118331909,105.0775375366211,0.0841310024261474,0.10708499699831,2.1495699882507324,0.8834369778633118,7.881475925445557,66.49139404296875,38.73783493041992,0.9998540282249452,14.5540189743042,4.046992778778076,0.1216439977288246,2619.5263671875,0.0881209969520568,9.999999747378752e-06,239.56756591796875,2374.954085683602,38213.38883868609
2024-01-05 00:00:00+00:00,44162.69140625,2268.647216796875,317.4502868652344,0.5764859914779663,0.5412420034408569,99.97879028320312,0.0827730000019073,0.1044600009918212,2.094036102294922,0.8520190119743347,7.44556188583374,66.02114868164062,36.43484878540039,1.0002670288085938,14.065112113952637,4.05832576751709,0.1191290020942688,2594.958984375,0.0847769975662231,9.999999747378752e-06,239.58287048339844,2372.2280834012718,38197.04100193847
2024-01-06 00:00:00+00:00,43989.1953125,2241.624755859375,307.79449462890625,0.5685120224952698,0.5231029987335205,93.85771942138672,0.0806640014052391,0.1039170026779174,2.4398701190948486,0.8282399773597717,7.13883113861084,65.67607879638672,34.62417984008789,0.9997640252113342,13.42838191986084,4.017106056213379,0.1201419979333877,2580.201416015625,0.0795240029692649,9.999999747378752e-06,236.0817413330078,2360.9230363646357,38045.57038913967
2024-01-07 00:00:00+00:00,43943.09765625,2222.865966796875,302.8905334472656,0.5517410039901733,0.4941740036010742,89.2763442993164,0.0782250016927719,0.1028980016708374,2.093216896057129,0.8007410168647766,6.895833015441895,64.2574691772461,33.62965393066406,0.999563992023468,13.140296936035156,3.995150089263916,0.1152309998869896,2557.502197265625,0.0752070024609565,9.000000318337698e-06,232.1685028076172,2355.9538386158856,38003.476278001355
2024-01-08 00:00:00+00:00,46970.50390625,2333.03271484375,304.5003967285156,0.5779229998588562,0.5409359931945801,97.79044342041016,0.0813700035214424,0.1042850017547607,2.153069019317627,0.8426330089569092,7.477948188781738,67.80654907226562,36.08260726928711,0.9997900128364564,14.156993865966797,4.0128350257873535,0.1196160018444061,2689.700927734375,0.0815730020403862,9.999999747378752e-06,253.8999938964844,2513.5460248256645,40616.50027611456
2024-01-09 00:00:00+00:00,46139.73046875,2344.8271484375,300.9761047363281,0.5666329860687256,0.5115270018577576,99.40918731689452,0.0792630016803741,0.1027679964900016,1.9943749904632568,0.8060579895973206,7.117209911346436,66.94928741455078,34.695011138916016,0.9999390244483948,13.705975532531738,4.036122798919678,0.1163299977779388,2659.14208984375,0.0775000005960464,9.999999747378752e-06,245.189453125,2472.4301172378437,39902.150503916026
2024-01-10 00:00:00+00:00,46627.77734375,2582.103515625,305.0968322753906,0.5999889969825745,0.5666469931602478,102.03302001953124,0.0829420015215873,0.1052910014986991,2.078134059906006,0.8978859782218933,7.97106122970581,69.89013671875,38.472389221191406,0.999978005886078,15.031819343566896,4.07758903503418,0.1206059977412223,2953.135009765625,0.0833349972963333,9.999999747378752e-06,254.23910522460935,2522.160125725744,40352.443075820534
2024-01-11 00:00:00+00:00,46368.5859375,2619.619140625,308.7015075683594,0.6020950078964233,0.5821790099143982,99.90943908691406,0.0846249982714653,0.1062270030379295,2.294301986694336,0.9273399710655212,8.170188903808594,71.9844741821289,39.445777893066406,0.9999439716339112,15.032686233520508,4.060653209686279,0.1236110031604766,3004.68017578125,0.0842780023813247,9.999999747378752e-06,276.5281066894531,2515.3582237441547,40135.4610821502
2024-01-12 00:00:00+00:00,42853.16796875,2524.460205078125,296.6304626464844,0.5702990293502808,0.5473330020904541,91.72090911865234,0.080045998096466,0.1069229990243911,2.192897081375122,0.8642119765281677,7.569273948669434,72.90021514892578,35.87169647216797,1.000143051147461,14.134305000305176,4.043649196624756,0.119107000529766,2917.802734375,0.0800620019435882,9.999999747378752e-06,259.4555053710937,2337.300855106959,37107.1292955475
2024-01-13 00:00:00+00:00,42842.3828125,2576.597900390625,302.227294921875,0.575078010559082,0.5493360161781311,95.73004913330078,0.0809229984879493,0.1141489967703819,2.18322491645813,0.8819109797477722,7.612985134124756,71.98751068115234,36.45083999633789,1.0000070333480835,14.36403465270996,4.05170202255249,0.1201829984784126,2966.132080078125,0.0811619982123375,9.999999747378752e-06,254.2232208251953,2341.778400680202,37103.756929489704
2024-01-14 00:00:00+00:00,41796.26953125,2472.2412109375,299.05133056640625,0.5762330293655396,0.5259810090065002,94.13314056396484,0.0799779966473579,0.1111550033092498,2.169508934020996,0.8379290103912354,7.327098846435547,69.81559753417969,35.33799743652344,0.9997609853744508,14.79709243774414,4.053048133850098,0.1181150004267692,2873.678466796875,0.077064998447895,9.999999747378752e-06,246.0057830810547,2281.819334931025,36194.20264420837
2024-01-15 00:00:00+00:00,42511.96875,2511.36376953125,317.5672607421875,0.5759199857711792,0.5281609892845154,94.49022674560548,0.0811249986290931,0.1087319999933242,2.2139859199523926,0.8449479937553406,7.517786979675293,69.255615234375,35.66428756713867,1.0000070333480835,15.195074081420898,3.9909799098968506,0.1182010024785995,2907.377685546875,0.0777899995446205,9.999999747378752e-06,250.4188995361328,2320.4932959903485,36812.94635605708
2024-01-16 00:00:00+00:00,43154.9453125,2587.691162109375,315.22625732421875,0.5759469866752625,0.5356760025024414,97.62691497802734,0.0813099965453147,0.1080719977617263,2.201724052429199,0.8451740145683289,7.490059852600098,69.47465515136719,35.59072494506836,1.0000170469284058,15.261761665344238,3.9876999855041504,0.1185399964451789,2988.54052734375,0.0805559977889061,9.999999747378752e-06,251.1593017578125,2358.6924477954626,37374.07863766765
2024-01-17 00:00:00+00:00,42742.65234375,2528.369384765625,309.0853881835937,0.5679730176925659,0.5270289778709412,102.0635986328125,0.0805049985647201,0.1083049997687339,2.163243055343628,0.8095009922981262,7.33296012878418,69.38614654541016,36.00657653808594,0.9999150037765504,15.730317115783691,3.993048906326294,0.1187480017542839,2915.439208984375,0.0790010020136833,9.999999747378752e-06,244.0523834228516,2332.3602660487018,37012.30492163699
2024-01-18 00:00:00+00:00,41262.05859375,2467.018798828125,313.2928771972656,0.5519070029258728,0.5018740296363831,94.2509536743164,0.0779870003461837,0.1079799979925155,2.1782920360565186,0.7847049832344055,7.007637023925781,67.99267578125,33.52815246582031,0.999904990196228,14.64999294281006,4.003529071807861,0.1141780018806457,2840.3095703125,0.075214996933937,9.000000318337698e-06,237.42599487304688,2254.6157537123845,35733.37760263897
2024-01-19 00:00:00+00:00,41618.40625,2489.49853515625,314.3004455566406,0.5442559719085693,0.503150999546051,93.38616943359376,0.0785359963774681,0.1103579998016357,2.110585927963257,0.7609930038452148,6.874605178833008,71.1841812133789,32.643001556396484,1.000115990638733,16.04130744934082,3.972321033477783,0.1139070019125938,2867.996826171875,0.0755510032176971,9.000000318337698e-06,236.43170166015625,2274.0968003478647,36042.1963560806
2024-01-20 00:00:00+00:00,41665.5859375,2469.589111328125,316.9603881835937,0.5531259775161743,0.5150049924850464,92.56983947753906,0.0878880023956298,0.1099010035395622,2.1508688926696777,0.7851189970970154,6.898894786834717,71.29741668701172,32.80842590332031,1.000012993812561,15.742375373840332,4.002406120300293,0.1153699979186058,2848.508544921875,0.0763520002365112,9.999999747378752e-06,238.890869140625,2274.678469632416,36080.42231260531
2024-01-21 00:00:00+00:00,41545.78515625,2453.9130859375,318.3186950683594,0.546110987663269,0.5031049847602844,90.8484344482422,0.0852729976177215,0.1088699996471405,2.126862049102783,0.7823240160942078,6.807318210601807,71.60008239746094,32.473045349121094,1.000035047531128,15.39101219177246,3.989690065383911,0.1155129969120025,2840.390625,0.0754270032048225,9.000000318337698e-06,236.9248504638672,2267.704072593564,35976.194899852926
2024-01-22 00:00:00+00:00,39507.3671875,2310.826416015625,305.43701171875,0.5267159938812256,0.4785020053386688,83.62281036376953,0.0803409963846206,0.1091699972748756,1.9593440294265747,0.7456870079040527,6.332924842834473,67.28827667236328,29.48309326171875,0.9997959733009338,14.544947624206545,3.990055084228516,0.112536996603012,2682.2099609375,0.0712080001831054,9.000000318337698e-06,235.01434326171875,2154.8190636801437,34208.71928553164
2024-01-23 00:00:00+00:00,39845.55078125,2240.68603515625,298.4039001464844,0.5177369713783264,0.4767490029335022,84.27450561523438,0.0781539976596832,0.1071579977869987,1.971503973007202,0.724141001701355,6.35443115234375,65.44943237304688,30.59178352355957,1.0000760555267334,14.274681091308594,4.001646995544434,0.111575998365879,2573.829345703125,0.0706259980797767,9.000000318337698e-06,229.54351806640625,2161.810371003321,34488.35891179091
2024-01-24 00:00:00+00:00,40077.07421875,2233.561767578125,293.0914306640625,0.5179880261421204,0.4762960076332092,88.73200988769531,0.0790160000324249,0.1087189987301826,2.065390110015869,0.7383360266685486,6.459842205047607,66.14016723632812,31.217866897583008,1.0002119541168213,14.23513412475586,4.060026168823242,0.1126409992575645,2569.9296875,0.0722440034151077,9.000000318337698e-06,236.37936401367188,2172.6691602929577,34686.48360204861
2024-01-25 00:00:00+00:00,39933.80859375,2217.710205078125,291.9192810058594,0.5136060118675232,0.4664790034294128,86.88921356201172,0.0779329985380172,0.1120780035853385,2.025283098220825,0.73225998878479,6.434463024139404,65.49899291992188,30.48063850402832,1.0004030466079712,13.757712364196776,4.07562780380249,0.1117599979043006,2558.73974609375,0.0713350027799606,9.000000318337698e-06,236.7863311767578,2164.343426258777,34561.922974709814
2024-01-26 00:00:00+00:00,41816.87109375,2267.19970703125,302.3179931640625,0.5321890115737915,0.4852940142154693,92.44236755371094,0.0799010023474693,0.1145220026373863,2.0791499614715576,0.7590199708938599,6.672458171844482,67.03406524658203,32.27981948852539,1.0002299547195437,14.195534706115724,4.044443130493164,0.1157929971814155,2610.435791015625,0.0745370015501976,9.000000318337698e-06,242.0111083984375,2260.0354774558687,36184.29667115773
2024-01-27 00:00:00+00:00,42120.0546875,2267.885986328125,305.8248291015625,0.5302600264549255,0.4863210022449493,94.16321563720705,0.0801419988274574,0.112466000020504,2.083683013916016,0.7880309820175171,6.670247077941895,68.08456420898438,33.261962890625,1.000133991241455,14.34029769897461,4.012842178344727,0.1162540018558502,2617.14208984375,0.0744369998574256,9.000000318337698e-06,243.7912139892578,2275.262079689105,36445.0209459394
2024-01-28 00:00:00+00:00,42035.59375,2257.208740234375,304.9756164550781,0.5240939855575562,0.4897190034389496,95.93798065185548,0.0788130015134811,0.1122059971094131,2.0682051181793213,0.7892820239067078,6.839127063751221,68.39750671386719,34.79377365112305,1.0001269578933716,14.51756191253662,4.015732765197754,0.1137579977512359,2600.34912109375,0.0733560025691986,9.000000318337698e-06,236.90118408203125,2269.75141255769,36370.83883460101
2024-01-29 00:00:00+00:00,43288.24609375,2317.064208984375,310.7080078125,0.5350900292396545,0.5252749919891357,101.56666564941406,0.0812890008091926,0.1130459979176521,2.092813014984131,0.8131729960441589,7.030881881713867,68.45301055908203,36.073768615722656,1.000128984451294,14.988256454467772,3.9841229915618896,0.1164460033178329,2667.009521484375,0.0744099989533424,9.000000318337698e-06,241.2978515625,2336.27495570302,37453.55958792373
2024-01-30 00:00:00+00:00,42952.609375,2344.49365234375,307.4627380371094,0.5106980204582214,0.5141649842262268,101.47297668457033,0.0797230005264282,0.1120470017194747,2.051198005676269,0.7998849749565125,6.841967105865479,67.51202392578125,35.144779205322266,1.000133037567139,15.467368125915527,3.8682239055633545,0.1127410009503364,2721.58349609375,0.0729359984397888,9.000000318337698e-06,237.38525390625,2323.766447112305,37170.25759099716
2024-01-31 00:00:00+00:00,42582.60546875,2282.54443359375,300.35107421875,0.5031930208206177,0.4982559978961944,97.0287094116211,0.0787639990448951,0.1122400015592575,2.0152649879455566,0.7864369750022888,6.655735969543457,66.75304412841797,33.16189956665039,0.9998369812965392,15.39860725402832,3.956988096237183,0.1098899990320205,2645.65869140625,0.0695409998297691,9.000000318337698e-06,234.2543792724609,2298.740117315721,36844.46745958559
2024-02-01 00:00:00+00:00,43075.7734375,2303.82470703125,300.1759033203125,0.5058590173721313,0.5070229768753052,97.84669494628906,0.0793270021677017,0.115566998720169,2.033950090408325,0.8110769987106323,6.791077136993408,67.51658630371094,33.82854080200195,1.0001800060272217,17.184246063232422,3.990542888641357,0.1098679974675178,2654.5205078125,0.0702290013432502,9.000000318337698e-06,236.6152801513672,2323.9666958593043,37269.54674702865
2024-02-02 00:00:00+00:00,43185.859375,2308.0380859375,301.15496826171875,0.5104119777679443,0.5139579772949219,100.44052124023438,0.0792329981923103,0.1162799969315528,2.0166220664978027,0.7983400225639343,6.936224937438965,68.0035171508789,36.707916259765625,1.000012993812561,17.791160583496094,4.015247821807861,0.1103599965572357,2661.02099609375,0.069191999733448,9.000000318337698e-06,236.2069091796875,2330.0661591188396,37364.68252010379
2024-02-03 00:00:00+00:00,42992.25,2296.038330078125,299.7367248535156,0.5189390182495117,0.5128610134124756,97.8799819946289,0.0786510035395622,0.1172169968485832,2.0175371170043945,0.7844619750976562,6.83149003982544,68.83683776855469,35.91640090942383,1.0000489950180054,17.661924362182617,4.010505199432373,0.1109889969229698,2656.4814453125,0.0692920014262199,9.000000318337698e-06,240.6577911376953,2320.071973227305,37197.57073670135
2024-02-04 00:00:00+00:00,42583.58203125,2289.546142578125,304.7341613769531,0.5032879710197449,0.4942559897899627,95.47695922851562,0.0782380029559135,0.1183879971504211,2.006870985031128,0.7739139795303345,6.667228221893311,66.93138885498047,34.844993591308594,0.9999759793281556,18.17605972290039,4.010682106018066,0.1093119978904724,2648.878173828125,0.068411000072956,9.000000318337698e-06,235.22705078125,2299.6775016401352,36845.93963458417
2024-02-05 00:00:00+00:00,42658.66796875,2298.888916015625,300.8540344238281,0.5062440037727356,0.4933399856090545,95.54866027832033,0.0782200023531913,0.1189040020108223,1.991866946220398,0.7793200016021729,6.726913928985596,67.61941528320312,34.50077438354492,0.9999380111694336,19.131561279296875,4.060276031494141,0.1084169968962669,2653.73486328125,0.0694290027022361,9.000000318337698e-06,235.4398498535156,2303.8247105457813,36911.1919952263
2024-02-06 00:00:00+00:00,43084.671875,2372.201904296875,302.71014404296875,0.5051530003547668,0.4984630048274994,96.86107635498048,0.07846599817276,0.120897002518177,2.002232074737549,0.8057799935340881,6.805706977844238,68.29098510742188,34.1414680480957,1.000128984451294,18.29801368713379,4.056146144866943,0.1081510037183761,2747.02001953125,0.0749329999089241,9.000000318337698e-06,235.1861724853516,2332.1637011780485,37286.661904461536
2024-02-07 00:00:00+00:00,44318.22265625,2423.7451171875,307.63458251953125,0.5137889981269836,0.5017729997634888,100.97927856445312,0.0801040008664131,0.1235150024294853,1.991093993186951,0.8335319757461548,6.939929962158203,68.5560302734375,35.27924728393555,0.999978005886078,18.85492515563965,4.05079984664917,0.1090900003910064,2799.220458984375,0.0758860036730766,9.000000318337698e-06,240.5064697265625,2396.6294412254438,38351.642482562616
2024-02-08 00:00:00+00:00,45301.56640625,2419.906494140625,318.87188720703125,0.5145289897918701,0.5292689800262451,102.78563690185548,0.0798709988594055,0.1219239979982376,2.0150270462036133,0.8343909978866577,7.0146660804748535,70.5627670288086,35.427764892578125,1.0000410079956057,18.23130416870117,4.0747480392456055,0.1098690032958984,2804.811767578125,0.0760129988193512,9.000000318337698e-06,244.4889373779297,2444.429682032679,39195.920480255096
2024-02-09 00:00:00+00:00,47147.19921875,2487.515625,323.84228515625,0.5260310173034668,0.5407919883728027,106.93333435058594,0.0815789997577667,0.1237760037183761,2.035989999771118,0.8530579805374146,7.19149112701416,70.67704772949219,38.01095962524414,1.0003119707107544,18.46788215637207,4.0790300369262695,0.1120340004563331,2880.625732421875,0.0794610008597374,9.000000318337698e-06,250.30352783203125,2540.009484578442,40788.614650982694
2024-02-10 00:00:00+00:00,47771.27734375,2501.228271484375,323.1338806152344,0.5241119861602783,0.5514119863510132,109.1314697265625,0.0814480036497116,0.1244100034236908,2.028170108795166,0.848924994468689,7.208862781524658,70.80987548828125,40.2883186340332,1.0001929998397827,19.091100692749023,4.145177841186523,0.111635997891426,2885.860107421875,0.0789399966597557,9.000000318337698e-06,247.73220825195312,2570.7264700840483,41325.35768895118
2024-02-11 00:00:00+00:00,48293.91796875,2507.570556640625,320.7875366210937,0.5260840058326721,0.5414100289344788,107.49528503417967,0.0811930000782013,0.1242780014872551,2.0539400577545166,0.834954023361206,7.096012115478516,71.54000091552734,39.732269287109375,1.0000200271606443,20.12895965576172,4.110307216644287,0.1111520007252693,2896.8671875,0.0782919973134994,9.000000318337698e-06,276.5019226074219,2597.671397070785,41775.24309407373
2024-02-12 00:00:00+00:00,49958.22265625,2658.115966796875,327.9446105957031,0.5318970084190369,0.560030996799469,111.99275207519533,0.082345001399517,0.1250579953193664,2.0678799152374268,0.881026029586792,7.346063137054443,72.93286895751953,41.08818817138672,0.999891996383667,20.491962432861328,4.150815010070801,0.1132259964942932,3051.88525390625,0.0797479972243309,9.999999747378752e-06,280.8579406738281,2692.4033424258864,43221.809491412445
2024-02-13 00:00:00+00:00,49742.44140625,2642.185302734375,324.86822509765625,0.5248349905014038,0.5449960231781006,112.57930755615234,0.0810889974236488,0.1269419938325882,2.0459799766540527,0.8536790013313293,7.362933158874512,69.00106048583984,39.76535034179688,1.0001150369644165,19.88628387451172,4.14982795715332,0.1110529974102974,3045.23193359375,0.0815140008926391,9.000000318337698e-06,270.8520812988281,2680.1759011603394,43035.155589828006
2024-02-14 00:00:00+00:00,51826.6953125,2777.90234375,334.2459716796875,0.5384010076522827,0.5773019790649414,116.97632598876952,0.0855429992079734,0.1296840012073516,2.092255115509033,0.8908730149269104,7.658267021179199,69.89627838134766,42.26839065551758,1.000080943107605,20.277942657470703,4.151826858520508,0.1144160032272338,3202.522705078125,0.0825060009956359,9.999999747378752e-06,281.2616577148437,2794.731813969065,44841.53927495162
2024-02-15 00:00:00+00:00,51938.5546875,2824.37890625,354.7108154296875,0.5627549886703491,0.6083629727363586,113.69940948486328,0.0853559970855712,0.1311690062284469,2.13529109954834,0.8899279832839966,7.778054237365723,69.81148529052734,41.596004486083984,1.0000879764556885,19.94938087463379,4.176232814788818,0.116746999323368,3264.74267578125,0.0828669965267181,9.999999747378752e-06,270.6659240722656,2805.50838810673,44943.98198413437
2024-02-16 00:00:00+00:00,52160.203125,2803.69140625,360.890380859375,0.5649600028991699,0.5988720059394836,110.44591522216795,0.0860129967331886,0.1329230070114135,2.1602909564971924,0.9527379870414734,7.657581806182861,70.6171646118164,40.312129974365234,1.0000410079956057,19.57235336303711,4.093221187591553,0.1155280023813247,3228.717041015625,0.0856499969959259,9.999999747378752e-06,274.8199768066406,2813.6532058123953,45130.95697958257
2024-02-17 00:00:00+00:00,51662.99609375,2786.672607421875,352.9081115722656,0.5498859882354736,0.6083459854125977,108.98401641845705,0.0835930034518241,0.1358910053968429,2.587085962295532,0.928708016872406,7.7043538093566895,69.9896240234375,39.762489318847656,0.9998779892921448,20.03460693359375,4.142324924468994,0.1141949966549873,3211.062255859375,0.0834970027208328,9.999999747378752e-06,267.4199523925781,2787.512739351171,44702.02003098264
2024-02-18 00:00:00+00:00,52122.546875,2878.998046875,349.6799621582031,0.5569030046463013,0.6187340021133423,112.17467498779295,0.0851659998297691,0.1351860016584396,2.539669990539551,0.9989640116691588,7.8500590324401855,70.7302474975586,40.254661560058594,0.9998930096626282,20.096508026123047,4.134267807006836,0.1158669963479042,3321.4541015625,0.0897469967603683,9.999999747378752e-06,270.4164428710937,2819.2607613043338,45108.40280773597
2024-02-19 00:00:00+00:00,51779.14453125,2943.57470703125,351.8070983886719,0.5625969767570496,0.6310629844665527,111.4853286743164,0.089477002620697,0.1363680064678192,2.4258649349212646,0.9964349865913392,8.029154777526855,71.31204223632812,39.482234954833984,0.99966698884964,19.820606231689453,4.113778114318848,0.118485003709793,3397.0439453125,0.1119939982891082,9.999999747378752e-06,273.1034545898437,2809.761373449712,44821.92954571194
2024-02-20 00:00:00+00:00,52284.875,3013.503662109375,354.8639221191406,0.5629220008850098,0.6221650242805481,108.45964050292967,0.0861430019140243,0.1392749994993209,2.344989061355591,1.0261470079421997,7.733205795288086,69.65516662597656,38.52740478515625,0.999888002872467,19.29519462585449,4.273142814636231,0.1176899969577789,3471.112060546875,0.1074590012431144,9.999999747378752e-06,265.4651794433594,2840.1795365459784,45264.40085822033
2024-02-21 00:00:00+00:00,51839.1796875,2970.35546875,378.5373229980469,0.5490040183067322,0.5984579920768738,105.1252212524414,0.0846149995923042,0.1397320032119751,2.323113918304444,0.9508240222930908,7.468303203582764,68.93756103515625,37.63543701171875,1.0001709461212158,18.58225440979004,4.110675811767578,0.1143440008163452,3409.475341796875,0.1045579984784126,9.999999747378752e-06,263.1250915527344,2814.685580724825,44875.80409847541
2024-02-22 00:00:00+00:00,51304.97265625,2971.00732421875,382.009765625,0.540913999080658,0.5859019756317139,101.66979217529295,0.0840890035033226,0.1389299929141998,2.3099119663238525,0.991366982460022,7.482891082763672,68.76451873779297,36.75072479248047,0.9997159838676452,18.11295318603516,4.149618148803711,0.1152580007910728,3447.21337890625,0.1161060035228729,9.999999747378752e-06,260.16876220703125,2790.8659328208714,44419.568645360494
2024-02-23 00:00:00+00:00,50731.94921875,2921.658203125,375.319091796875,0.5345339775085449,0.5832419991493225,99.95469665527344,0.0844340026378631,0.1381890028715133,2.254693984985352,0.9879630208015442,7.563416004180908,68.82816314697266,35.92631912231445,0.9999030232429504,17.939098358154297,4.125218868255615,0.1148609966039657,3393.30029296875,0.1094100028276443,9.999999747378752e-06,264.5448608398437,2758.4245628402978,43921.65130055143
2024-02-24 00:00:00+00:00,51571.1015625,2992.385986328125,381.7427978515625,0.545117974281311,0.5966960191726685,104.1335220336914,0.0861560031771659,0.1374479979276657,2.282212018966675,0.9949399828910828,7.809398174285889,70.3870620727539,36.73804473876953,1.0001389980316162,18.52635955810547,4.214317798614502,0.1164470016956329,3459.037109375,0.1100950017571449,9.999999747378752e-06,267.6621398925781,2805.6955981581614,44650.01182685364
2024-02-25 00:00:00+00:00,51733.23828125,3112.697265625,388.5517272949219,0.5424249768257141,0.5913789868354797,103.4534912109375,0.0860989987850189,0.1376180052757263,2.2357749938964844,0.9982590079307556,7.923061847686768,70.08211517333984,37.44997024536133,1.000025987625122,18.704635620117188,4.245250225067139,0.1164420023560524,3591.39453125,0.1092320010066032,9.999999747378752e-06,267.8255920410156,2825.7801517497137,44804.06730985311
2024-02-26 00:00:00+00:00,54522.40234375,3178.99365234375,401.6438903808594,0.5514050126075745,0.6197360157966614,109.91853332519533,0.0893889963626861,0.1399199962615966,2.293210029602051,1.059309005737305,8.10434341430664,71.9378890991211,39.33618927001953,0.999888002872467,19.116256713867188,4.343366146087647,0.1179670020937919,3677.385986328125,0.1116179972887039,9.999999747378752e-06,274.89813232421875,2967.336335007342,47207.23896768071
2024-02-27 00:00:00+00:00,57085.37109375,3244.519287109375,394.9956359863281,0.5862579941749573,0.6242160201072693,108.3880844116211,0.0976710021495819,0.1428849995136261,2.2811899185180664,1.028594970703125,8.371495246887207,74.03375244140625,39.268646240234375,0.9997680187225342,19.036426544189453,4.371693134307861,0.1229719966650009,3760.528076171875,0.1082369983196258,1.1000000085914508e-05,292.5193786621094,3097.018827267486,49415.98865634887
2024-02-28 00:00:00+00:00,62504.7890625,3385.703857421875,415.7716064453125,0.5758110284805298,0.6310589909553528,118.0522003173828,0.1165819987654686,0.1422339975833892,2.351996898651123,1.0107159614562988,8.342618942260742,74.59254455566406,40.2947883605957,1.0000619888305664,19.431785583496094,4.248297214508057,0.1210810020565986,3871.669921875,0.1135179996490478,1.2000000424450263e-05,296.7937927246094,3368.845407038435,54082.615279920195
2024-02-29 00:00:00+00:00,61198.3828125,3341.919677734375,399.7787170410156,0.5863249897956848,0.655646026134491,125.71151733398438,0.1171849966049194,0.1405780017375946,2.4357569217681885,1.0012329816818235,8.255024909973145,79.9408950805664,40.93538665771485,0.9997749924659728,19.287715911865234,4.7577338218688965,0.1219390034675598,3891.24560546875,0.1144889965653419,1.2999999853491316e-05,298.5623779296875,3305.4738287761916,52959.89728315744
2024-03-01 00:00:00+00:00,62440.6328125,3435.053955078125,407.8107604980469,0.6018900275230408,0.7190809845924377,129.9904022216797,0.1395570039749145,0.1415989995002746,2.586529016494751,1.0250710248947144,8.674229621887207,85.08411407470703,42.85532760620117,0.9999859929084778,20.0609073638916,4.746003150939941,0.1271490007638931,3975.230712890625,0.1167730018496513,1.700000029813964e-05,316.1250305175781,3374.8915194083897,54036.79214023699
2024-03-02 00:00:00+00:00,62029.84765625,3422.0498046875,410.9858703613281,0.64485102891922,0.7409279942512512,129.70018005371094,0.1421210020780563,0.1412809938192367,2.634995937347412,1.0944709777832031,9.436100959777832,94.41902923583984,44.33390808105469,0.9998930096626282,21.42159843444824,4.769902229309082,0.1383489966392517,3954.52783203125,0.115446001291275,2.300000051036477e-05,500.8060607910156,3363.283347717001,53684.06815061981
2024-03-03 00:00:00+00:00,63167.37109375,3490.99365234375,414.3810729980469,0.6270719766616821,0.7282379865646362,130.45086669921875,0.1538359969854354,0.1406890004873275,2.5866639614105225,1.0892410278320312,9.797439575195312,90.66835021972656,42.6048583984375,0.999875009059906,20.513017654418945,4.770880222320557,0.1356319934129715,4024.9921875,0.1130030006170272,2.300000051036477e-05,469.36279296875,3422.499070727757,54668.326381217994
2024-03-04 00:00:00+00:00,68330.4140625,3630.433837890625,419.0354309082031,0.6501330137252808,0.7712939977645874,133.194580078125,0.1829099953174591,0.140417993068695,2.744050979614258,1.1472630500793457,9.911170959472656,88.93545532226562,43.08823776245117,1.0002110004425049,20.44875717163086,4.875618934631348,0.1458750069141388,4159.47705078125,0.11735799908638,3.600000127335079e-05,470.4231567382813,3681.768424194426,59116.033180017344
2024-03-05 00:00:00+00:00,63801.19921875,3554.964599609375,394.6617431640625,0.5929009914398193,0.6934900283813477,125.70671081542967,0.1539369970560073,0.1360819935798645,2.6354050636291504,1.0340839624404907,9.330388069152832,82.04119873046875,39.50013732910156,0.9999570250511168,19.010520935058597,5.353331089019775,0.1323989927768707,4090.765869140625,0.1117430031299591,3.600000127335079e-05,401.4908447265625,3453.834028400778,55219.134001337654
2024-03-06 00:00:00+00:00,66106.8046875,3819.226318359375,429.011962890625,0.6122530102729797,0.7338209748268127,130.7420196533203,0.1577910035848617,0.1377629935741424,2.883855104446411,1.1171560287475586,10.514226913452148,85.82997131347656,41.51433563232422,0.9996700286865234,20.075965881347656,5.4823431968688965,0.1381600052118301,4425.8564453125,0.1258179992437362,3.300000025774352e-05,415.1284484863281,3595.0996688232485,57233.77039444588
2024-03-07 00:00:00+00:00,66925.484375,3874.34765625,475.2906494140625,0.6286240220069885,0.7447419762611389,143.9778594970703,0.1581210047006607,0.1373219937086105,2.9566309452056885,1.161350965499878,10.42206573486328,88.10804748535156,43.29000473022461,1.0000079870224,20.127426147460938,5.477116107940674,0.1421909928321838,4476.52880859375,0.1339469999074936,3.199999991920777e-05,432.400634765625,3642.977029172071,57943.20202426755
2024-03-08 00:00:00+00:00,68300.09375,3892.06103515625,488.09417724609375,0.6219549775123596,0.7248539924621582,145.2400360107422,0.1653469949960708,0.1369480043649673,3.039876937866211,1.127876043319702,10.665131568908691,88.63076782226562,42.74036407470703,1.0000770092010498,19.741352081298828,5.8034539222717285,0.1419699937105178,4522.48291015625,0.1307159960269928,3.5000000934815034e-05,437.7683715820313,3712.4005240271563,59126.99313847928
2024-03-09 00:00:00+00:00,68498.8828125,3915.4189453125,489.5618286132813,0.6218050122261047,0.7437130212783813,144.6072540283203,0.1790830045938491,0.1360830068588256,3.033744096755981,1.1586380004882812,10.522542953491213,90.8468017578125,43.000335693359375,1.000128984451294,20.028526306152344,5.627010822296143,0.1425289958715438,4534.20361328125,0.1307629942893982,3.5000000934815034e-05,433.648193359375,3723.4997327021265,59299.63631964802
2024-03-10 00:00:00+00:00,69019.7890625,3881.193115234375,529.374755859375,0.6084319949150085,0.7172269821166992,144.5151824951172,0.1699199974536895,0.133879005908966,2.9803380966186523,1.230849027633667,10.278813362121582,87.50755310058594,42.052711486816406,0.9997609853744508,21.75461196899414,5.673876762390137,0.139843001961708,4496.9912109375,0.1259379982948303,3.300000025774352e-05,423.9754333496094,3746.200597483198,59742.72474069704
2024-03-11 00:00:00+00:00,72123.90625,4066.445068359375,522.718017578125,0.7180359959602356,0.7741900086402893,148.75096130371094,0.1819649934768676,0.1337549984455108,3.2314939498901367,1.2437700033187866,11.036376953125,103.7921142578125,49.007232666015625,0.9998800158500672,21.289613723754883,5.844484806060791,0.1569889932870865,4700.82177734375,0.1326840072870254,3.400000059627928e-05,448.73834228515625,3914.758239821097,62430.196303066055
2024-03-12 00:00:00+00:00,71481.2890625,3980.273193359375,537.86572265625,0.6882089972496033,0.7480549812316895,151.01544189453125,0.1681440025568008,0.1314540058374405,3.181682109832764,1.1817009449005127,10.726625442504885,97.53800201416016,55.59136962890625,1.0000230073928833,20.66677474975586,5.8997979164123535,0.1493930071592331,4593.42431640625,0.1331769973039627,3.199999991920777e-05,434.3209533691406,3875.0472919043214,61867.19040408875
2024-03-13 00:00:00+00:00,73083.5,4006.45703125,630.5613403320312,0.6909499764442444,0.7645800113677979,163.83981323242188,0.1691579967737198,0.1319929957389831,3.185148000717163,1.2714049816131592,11.32108211517334,97.32198333740234,54.94824600219727,0.9999799728393556,20.7681884765625,5.9412760734558105,0.1508650034666061,4633.53515625,0.1326150000095367,3.199999991920777e-05,442.5234069824219,3959.914964285268,63247.086039987815
2024-03-14 00:00:00+00:00,71396.59375,3883.140380859375,602.9887084960938,0.669966995716095,0.7504739761352539,176.67974853515625,0.1773300021886825,0.1291120052337646,3.1193270683288574,1.2218940258026123,11.542901992797852,94.11614227294922,54.05936813354492,0.9998220205307008,20.906293869018555,5.999156951904297,0.1445470005273819,4485.3271484375,0.1269740015268325,3.199999991920777e-05,441.2276916503906,3865.710512871177,61783.013217861844
2024-03-15 00:00:00+00:00,69403.7734375,3735.22021484375,632.8027954101562,0.6337370276451111,0.7264410257339478,182.96469116210935,0.1632310003042221,0.1263709962368011,2.963160991668701,1.1406630277633667,10.838363647460938,89.71339416503906,58.48988723754883,1.0001039505004885,19.60538673400879,6.058913230895996,0.1368190050125122,4292.9306640625,0.1202619969844818,2.999999924213625e-05,416.3032531738281,3755.033896199483,60052.45645928328
2024-03-16 00:00:00+00:00,65315.1171875,3522.860107421875,576.7752075195312,0.6030600070953369,0.6595349907875061,181.88034057617188,0.1423680037260055,0.1252020001411438,2.7354929447174072,1.0434010028839111,9.696842193603516,84.13844299316406,53.49980545043945,1.0000790357589722,18.12628936767578,6.073085784912109,0.129271999001503,4085.8154296875,0.1108120009303093,2.499999936844688e-05,388.6847839355469,3535.676989019784,56517.748473639214
2024-03-17 00:00:00+00:00,68390.625,3642.4130859375,571.0855712890625,0.6192319989204407,0.681098997592926,202.12356567382807,0.1543300002813339,0.1261979937553405,2.813554048538208,1.0887809991836548,10.115609169006348,85.85752868652344,58.115814208984375,0.999684989452362,18.67449760437012,6.130970001220703,0.1321559995412826,4214.39013671875,0.1163650006055831,2.999999924213625e-05,402.6595153808594,3695.6629868903797,59172.27758796247
2024-03-18 00:00:00+00:00,67548.59375,3517.985107421875,554.55712890625,0.6475650072097778,0.6612579822540283,195.9927520751953,0.1436730027198791,0.1240959987044334,2.663918972015381,1.030447006225586,9.907398223876951,87.1122055053711,60.68994522094727,1.000120997428894,18.32435417175293,6.164196014404297,0.1353189945220947,4077.546142578125,0.1118730008602142,2.700000004551839e-05,401.5744934082031,3642.1412272137118,58434.05454057049
2024-03-19 00:00:00+00:00,61912.7734375,3157.6181640625,507.0765686035156,0.5844410061836243,0.5869140028953552,170.0162811279297,0.1287280023097992,0.1123820021748542,2.456866979598999,0.9320589900016784,8.764359474182129,78.58637237548828,53.52589416503906,0.999888002872467,16.809295654296875,6.150207996368408,0.1207719966769218,3725.8125,0.1013059988617897,2.499999936844688e-05,359.2396850585937,3333.4474356190235,53554.04945759422
2024-03-20 00:00:00+00:00,67913.671875,3513.39306640625,556.7005004882812,0.6121619939804077,0.6394810080528259,191.54962158203125,0.1521860063076019,0.1209219992160797,2.7689640522003174,1.0091029405593872,9.491859436035156,84.78901672363281,57.03071975708008,1.000201940536499,18.406482696533203,6.168458938598633,0.1309159994125366,4035.57568359375,0.1113810017704963,2.8000000384054147e-05,409.9807434082031,3657.3001606177345,58744.70272552481
2024-03-21 00:00:00+00:00,65491.390625,3492.9912109375,553.2482299804688,0.6406909823417664,0.6318680047988892,179.2207489013672,0.1552920043468475,0.121126003563404,2.7227609157562256,0.9947720170021056,9.172893524169922,85.70162200927734,53.86556625366211,1.000174045562744,18.43138313293457,6.07822322845459,0.133212998509407,4043.640380859375,0.1099859997630119,2.700000004551839e-05,414.4288024902344,3540.6990283947184,56664.88983838127
2024-03-22 00:00:00+00:00,63778.76171875,3333.68798828125,551.778564453125,0.6109489798545837,0.6132630109786987,174.36370849609375,0.1527030020952224,0.1172280013561248,2.773324012756348,0.9701550006866456,8.919258117675781,83.31150817871094,53.267066955566406,1.000277042388916,18.29066467285156,6.03485918045044,0.1280719935894012,3832.034423828125,0.10640499740839,2.5999999706982635e-05,431.5363464355469,3441.831357590024,55173.18954420053
2024-03-23 00:00:00+00:00,64062.203125,3336.593994140625,551.8795166015625,0.6175959706306458,0.6258620023727417,172.90225219726562,0.1617680042982101,0.1183300018310546,2.693150997161865,0.9805579781532288,8.982089042663574,85.42414093017578,53.412357330322266,1.000251054763794,18.07221794128418,6.030868053436279,0.1328449994325637,3911.8984375,0.1066199988126754,2.700000004551839e-05,456.816650390625,3460.507269387401,55421.69230102238
2024-03-24 00:00:00+00:00,67234.171875,3454.636474609375,567.9948120117188,0.6329500079154968,0.6461570262908936,183.57345581054688,0.1764529943466186,0.1201879978179931,2.8341140747070312,1.0111030340194702,9.369309425354004,89.69075012207031,55.6641960144043,1.0002379417419434,18.53266906738281,6.069461822509766,0.1350049972534179,3976.968994140625,0.1098629981279373,2.8000000384054147e-05,484.7536315917969,3623.242463270857,58155.38396684933
2024-03-25 00:00:00+00:00,69958.8125,3590.8837890625,587.4276123046875,0.6410340070724487,0.656948983669281,189.0835418701172,0.175366997718811,0.1204689964652061,3.0970420837402344,1.0454180240631104,9.737619400024414,90.72403717041016,57.823333740234375,1.0000079870224,19.359712600708008,6.079522132873535,0.1366830021142959,4179.240234375,0.1171469986438751,2.9000000722589903e-05,488.04595947265625,3770.6765718195106,60514.1688243712
2024-03-26 00:00:00+00:00,69987.8359375,3587.5048828125,580.1505126953125,0.6322529911994934,0.6650339961051941,190.69985961914065,0.1824859976768493,0.1207780018448829,3.0799849033355717,1.045871019363403,9.690574645996094,95.86446380615234,55.81808853149414,0.999904990196228,20.01067543029785,6.060995101928711,0.1381829977035522,4163.58740234375,0.1203299984335899,3.099999958067201e-05,480.10736083984375,3770.6816956772514,60537.83484181289
2024-03-27 00:00:00+00:00,69455.34375,3500.115234375,574.5115966796875,0.6119639873504639,0.6484829783439636,186.3614654541016,0.1903299987316131,0.1194849982857704,2.9343340396881104,1.0088469982147217,9.443778038024902,93.6755142211914,54.114627838134766,1.00005304813385,19.302181243896484,6.063422203063965,0.133770003914833,4058.99267578125,0.1137339994311332,2.999999924213625e-05,539.7933349609375,3738.308505278447,60070.01669327517
2024-03-28 00:00:00+00:00,70744.953125,3561.2939453125,583.2708740234375,0.6245539784431458,0.6507940292358398,189.6216278076172,0.2200559973716735,0.120398998260498,3.0063390731811523,1.00205397605896,9.516780853271484,94.2191162109375,54.621883392333984,1.0001269578933716,19.16071319580078,6.052371025085449,0.1380539983510971,4131.154296875,0.1161959990859031,3.199999991920777e-05,569.156982421875,3808.090491482178,61185.12464612357
2024-03-29 00:00:00+00:00,69892.828125,3511.80615234375,612.657958984375,0.6307500004768372,0.6644030213356018,192.2279510498047,0.2134909927845001,0.1199849992990493,2.9975318908691406,0.9914469718933104,9.596235275268556,109.25897216796876,53.4062385559082,1.000025987625122,18.993438720703125,6.090208053588867,0.1428630053997039,4067.616455078125,0.1160989999771118,3.099999958067201e-05,621.78271484375,3766.816241759186,60447.83616040013
2024-03-30 00:00:00+00:00,69645.3046875,3507.9443359375,601.016357421875,0.6218360066413879,0.6443660259246826,194.3855438232422,0.1994339972734451,0.1225989982485771,2.9470419883728027,0.9805189967155457,9.43373680114746,102.86311340332033,53.00242614746094,1.000208020210266,18.943042755126957,6.061412811279297,0.1392759978771209,4063.94189453125,0.1136189997196197,2.999999924213625e-05,597.110107421875,3752.7035994088124,60234.601474243216
2024-03-31 00:00:00+00:00,71333.6484375,3647.8564453125,606.9086303710938,0.6292250156402588,0.650426983833313,202.87413024902344,0.2200639992952346,0.1229870021343231,3.063740968704224,1.003391981124878,9.64262580871582,105.18340301513672,54.11042785644531,1.0001009702682495,19.13772773742676,6.003818035125732,0.1411180049180984,4210.57861328125,0.115727998316288,3.099999958067201e-05,680.4213256835938,3851.58630470355,61701.46330287721
2024-04-01 00:00:00+00:00,69702.1484375,3505.030029296875,576.3966674804688,0.6112579703330994,0.6216840147972107,192.5678253173828,0.2055699974298477,0.1205909997224807,2.9781200885772705,0.9512689709663392,9.16106128692627,99.3753433227539,51.45050048828125,1.0002319812774658,18.38026237487793,6.082192897796631,0.1357000023126602,4063.40673828125,0.1099869981408119,2.9000000722589903e-05,649.0584106445312,3756.1805670911763,60283.51188070898
2024-04-02 00:00:00+00:00,65446.97265625,3277.234619140625,550.6814575195312,0.5854660272598267,0.5809869766235352,181.17225646972656,0.1823039948940277,0.1166829988360405,2.6009440422058105,0.8998749852180481,8.57861328125,106.81754302978516,46.820255279541016,0.9999650120735168,17.963333129882812,6.048721790313721,0.1286610066890716,3806.5537109375,0.1036019995808601,2.5999999706982635e-05,639.1395263671875,3528.294343154225,56602.400164332255
2024-04-03 00:00:00+00:00,65980.8125,3311.44189453125,562.0196533203125,0.5749170184135437,0.5712779760360718,185.2486114501953,0.1755470037460327,0.1172609999775886,2.755702018737793,0.8955680131912231,8.433554649353027,98.57223510742188,45.94569778442383,1.0000239610671997,17.706615447998047,5.819371223449707,0.1264010071754455,3846.466552734375,0.1027169972658157,2.5999999706982635e-05,594.6307983398438,3555.4008059802013,57064.59815038059
2024-04-04 00:00:00+00:00,68508.84375,3330.04052734375,585.4415283203125,0.5936560034751892,0.582955002784729,183.95811462402344,0.1799259930849075,0.1191760003566742,2.991586923599243,0.9054459929466248,8.490893363952637,98.40848541259766,46.506927490234375,1.0000319480895996,17.793916702270508,5.580773830413818,0.1288879960775375,3856.53466796875,0.1051860004663467,2.8000000384054147e-05,668.4983520507812,3681.747848427046,59237.03662343075
2024-04-05 00:00:00+00:00,67837.640625,3318.88525390625,578.9669189453125,0.5875229835510254,0.5748339891433716,174.5015106201172,0.1775179952383041,0.1179660037159919,3.0839169025421143,0.884896993637085,8.38903522491455,98.04344940185548,45.38042449951172,1.0000449419021606,17.347497940063477,5.761575222015381,0.1275320053100586,3856.486572265625,0.1046229973435401,2.700000004551839e-05,657.8128662109375,3647.898791002333,58660.10575581041
2024-04-06 00:00:00+00:00,68896.109375,3354.183837890625,585.966796875,0.5933399796485901,0.5843380093574524,178.91534423828125,0.1859509944915771,0.1196530014276504,3.1078059673309326,0.8976100087165833,8.494186401367188,101.50172424316406,48.19573974609375,0.9998800158500672,17.57422637939453,5.754439830780029,0.1292410045862198,3897.355712890625,0.1060070022940635,2.700000004551839e-05,695.160400390625,3704.56836366046,59573.535869678424
2024-04-07 00:00:00+00:00,69362.5546875,3453.49462890625,584.1021728515625,0.59483402967453,0.5894740223884583,179.6498565673828,0.1991080045700073,0.1205440014600753,3.5425620079040527,0.9115790128707886,8.70672607421875,101.17562866210938,49.38721084594727,0.9998540282249452,17.922143936157227,5.788168907165527,0.1293389946222305,3969.8271484375,0.1058579981327056,2.8000000384054147e-05,684.9078369140625,3734.5099709382,59983.829183434966
2024-04-08 00:00:00+00:00,71631.359375,3695.292724609375,586.9009399414062,0.6154900193214417,0.6141589879989624,180.78477478027344,0.2026399970054626,0.1230150014162063,3.717133045196533,0.9461529850959778,9.044649124145508,103.3110580444336,49.883567810058594,0.9999819993972778,18.100648880004883,5.845358848571777,0.1333550065755844,4287.15576171875,0.1094899997115135,2.9000000722589903e-05,680.6610107421875,3869.3238721686157,61964.11294357434
2024-04-09 00:00:00+00:00,69139.015625,3505.163330078125,580.830322265625,0.6138169765472412,0.5918930172920227,172.4136199951172,0.1890009939670562,0.1210779994726181,3.843274116516113,0.8975229859352112,8.660052299499512,97.49812316894533,46.47019577026367,0.9998980164527892,17.36273765563965,5.824787139892578,0.1321630030870437,4068.378662109375,0.1034149974584579,2.700000004551839e-05,672.5899047851562,3729.604735684494,59800.664599284646
2024-04-10 00:00:00+00:00,70587.8828125,3543.737060546875,610.0839233398438,0.6175609827041626,0.5862550139427185,173.43736267089844,0.19998399913311,0.1192059963941574,2.860625982284546,0.8872600197792053,8.418901443481445,96.69976043701172,47.31169509887695,1.0001100301742554,17.42534637451172,5.966844081878662,0.1296530067920684,4099.22314453125,0.1023169979453086,2.8000000384054147e-05,629.482421875,3801.246298710894,61048.11786932093
2024-04-11 00:00:00+00:00,70060.609375,3505.247802734375,604.893798828125,0.6088799834251404,0.5861909985542297,172.5763702392578,0.1940110027790069,0.1204029992222786,3.332941055297852,0.8783450126647949,8.379441261291504,98.68910217285156,46.05759811401367,1.000087022781372,17.550020217895508,5.809366226196289,0.1303000003099441,4072.497802734375,0.0999149978160858,2.8000000384054147e-05,614.3172607421875,3772.0751923496864,60591.55172937476
2024-04-12 00:00:00+00:00,67195.8671875,3243.034912109375,596.380126953125,0.5484139919281006,0.5035750269889832,153.63546752929688,0.1745969951152801,0.1148800030350685,2.801820039749145,0.7666569948196411,7.2410888671875,86.26956939697266,39.41774368286133,0.9998990297317504,15.157100677490234,5.790128231048584,0.1152990013360977,3747.402099609375,0.0877109989523887,2.499999936844688e-05,534.7660522460938,3601.4797311373563,58097.182365765664
2024-04-13 00:00:00+00:00,63821.47265625,3004.900390625,554.2998046875,0.4808189868927002,0.4479080140590668,139.34169006347656,0.1531679928302765,0.1103029996156692,2.643760919570923,0.6551060080528259,6.417977809906006,77.60658264160156,34.07841110229492,1.000100016593933,13.3458251953125,5.8074798583984375,0.1056860014796257,3509.793701171875,0.078864000737667,2.099999983329326e-05,481.4837646484375,3412.105905713983,55172.04454002335
2024-04-14 00:00:00+00:00,65738.7265625,3156.94189453125,567.2184448242188,0.5042579770088196,0.4689109921455383,151.28494262695312,0.1622850000858307,0.1125919967889785,2.465029001235962,0.7121890187263489,6.8693461418151855,79.9143295288086,37.316444396972656,1.000249981880188,14.119750022888184,6.002523899078369,0.1107629984617233,3665.946044921875,0.0836109966039657,2.300000051036477e-05,527.90087890625,3521.8029082506214,56836.35290474935
2024-04-15 00:00:00+00:00,63426.2109375,3101.600341796875,552.87451171875,0.4977310001850128,0.460794985294342,138.5086212158203,0.1613689959049224,0.1115299984812736,2.367296934127808,0.7077500224113464,6.712531089782715,78.07315063476562,35.157203674316406,0.9999330043792723,13.58257293701172,5.920841217041016,0.1076250001788139,3605.697021484375,0.0795300006866455,2.200000017182901e-05,507.9172058105469,3403.702310524806,54844.326704961175
2024-04-16 00:00:00+00:00,63811.86328125,3084.920166015625,537.829345703125,0.4966950118541717,0.4586049914360046,136.27932739257812,0.1559890061616897,0.1118249967694282,2.525378942489624,0.7031580209732056,6.700047016143799,79.92219543457031,34.76621627807617,1.000040054321289,13.488032341003418,5.883297920227051,0.109605997800827,3584.171630859375,0.0798899978399276,2.300000051036477e-05,487.4125671386719,3418.517967493764,55172.7893323977
2024-04-17 00:00:00+00:00,61276.69140625,2984.7275390625,534.416015625,0.4948410093784332,0.4442949891090393,131.86618041992188,0.1476050019264221,0.1097370013594627,2.2453830242156982,0.66805100440979,6.57962703704834,80.16748046875,33.54623794555664,0.9999729990959167,13.135204315185549,5.844476222991943,0.1075529977679252,3477.0546875,0.0781129971146583,2.200000017182901e-05,463.6148071289063,3286.330439761916,52984.33331175006
2024-04-18 00:00:00+00:00,63512.75390625,3066.027587890625,552.172119140625,0.5029829740524292,0.4581440091133117,142.0823974609375,0.1524479985237121,0.1093290001153945,2.3586349487304688,0.6764140129089355,6.785522937774658,80.79938507080078,34.85084533691406,1.0000289678573608,13.89305305480957,5.854694843292236,0.1105099990963935,3562.7763671875,0.0823019966483116,2.300000051036477e-05,483.3103332519531,3403.17890615868,54913.76476744192
2024-04-19 00:00:00+00:00,63843.5703125,3059.278564453125,554.8892822265625,0.503786027431488,0.4687840044498443,142.6804962158203,0.1562680006027221,0.1099480018019676,2.433100938796997,0.6736869812011719,6.687657833099365,80.9097900390625,34.72248077392578,1.0001519918441772,13.966599464416504,5.835432052612305,0.111855998635292,3553.547607421875,0.0805040001869201,2.300000051036477e-05,477.1127624511719,3418.0351949703154,55196.733807465964
2024-04-20 00:00:00+00:00,64994.44140625,3157.627197265625,570.9605102539062,0.5292930006980896,0.5059080123901367,151.13356018066406,0.1628270000219345,0.1111200004816055,2.332360982894897,0.7381590008735657,7.234262943267822,85.092041015625,38.301055908203125,1.0002059936523438,14.964591979980469,5.762708187103272,0.115906998515129,3666.546875,0.086897999048233,2.5999999706982635e-05,515.57373046875,3486.3438402115094,56197.50722128566
2024-04-21 00:00:00+00:00,64926.64453125,3147.28857421875,579.6199340820312,0.5246800184249878,0.4992919862270355,148.60931396484375,0.1582600027322769,0.111346997320652,2.3329319953918457,0.7133960127830505,7.135028839111328,84.16567993164062,37.11705017089844,1.000169038772583,15.080411911010742,5.761652946472168,0.1138549968600273,3662.97607421875,0.0887769982218742,2.5999999706982635e-05,502.52093505859375,3482.0219962208967,56138.43185703343
2024-04-22 00:00:00+00:00,66837.6796875,3201.652099609375,605.5755004882812,0.556833028793335,0.516884982585907,157.03121948242188,0.1611939966678619,0.1122900024056434,2.327054977416992,0.7430099844932556,7.477910995483398,85.4677963256836,39.22599411010742,1.0001360177993774,15.465097427368164,5.757693767547607,0.1182280033826828,3723.74462890625,0.0904119983315467,2.700000004551839e-05,522.2345581054688,3581.282774129041,57785.89668216766
2024-04-23 00:00:00+00:00,66407.2734375,3219.91162109375,606.8406372070312,0.5451589822769165,0.5001959800720215,154.70130920410156,0.1599439978599548,0.1132730022072792,2.4179160594940186,0.7284430265426636,7.244586944580078,85.10800170898438,38.2866096496582,0.9999899864196776,15.196627616882324,5.761991024017334,0.1174089983105659,3737.920166015625,0.156491994857788,2.700000004551839e-05,505.4361267089844,3561.40095065246,57418.19981028546
2024-04-24 00:00:00+00:00,64276.8984375,3139.80517578125,608.0861206054688,0.5274040102958679,0.4749099910259247,147.74514770507812,0.1513539999723434,0.1132239997386932,2.4015400409698486,0.7047240138053894,6.930154800415039,83.16317749023438,36.3681869506836,0.999978005886078,14.537848472595217,5.76961612701416,0.1144680008292198,3646.669677734375,0.1246130019426345,2.5999999706982635e-05,479.0196533203125,3450.0288303596135,55579.290239458234
2024-04-25 00:00:00+00:00,64481.70703125,3156.509521484375,614.0050048828125,0.5255119800567627,0.4710200130939483,144.89212036132812,0.1513939946889877,0.1172280013561248,2.202578067779541,0.7205119729042053,6.862369060516357,83.79810333251953,35.58365249633789,0.999966025352478,14.599360466003418,5.839910984039307,0.1137489974498748,3675.96044921875,0.1196729987859726,2.5999999706982635e-05,478.7244567871094,3462.0906494464407,55757.832757589786
2024-04-26 00:00:00+00:00,63755.3203125,3130.164794921875,597.7054443359375,0.5261120200157166,0.4627290070056915,139.10433959960938,0.1478369981050491,0.1200549975037574,2.55434799194336,0.7026849985122681,6.758216857910156,87.99208068847656,34.40515899658203,0.9999250173568726,14.480972290039062,5.765367031097412,0.1140059977769851,3643.348388671875,0.1109189987182617,2.499999936844688e-05,482.4371032714844,3423.962896199611,55130.80358083699
2024-04-27 00:00:00+00:00,63419.140625,3252.168212890625,595.7205200195312,0.5177749991416931,0.4670319855213165,141.28916931152344,0.1477160006761551,0.119776003062725,2.244874954223633,0.7321799993515015,6.798635005950928,83.88262939453125,34.43024826049805,0.9997959733009338,14.252129554748535,5.814377784729004,0.1143919974565506,3775.05908203125,0.1064810007810592,2.499999936844688e-05,477.4198303222656,3419.5916908328177,54857.07996254402
2024-04-28 00:00:00+00:00,63113.23046875,3262.774658203125,600.0711669921875,0.5103769898414612,0.4604740142822265,137.85641479492188,0.146698996424675,0.1213440001010894,2.2237749099731445,0.7214099764823914,6.723606109619141,83.95203399658203,33.93898010253906,1.000054955482483,13.808069229125977,5.76855993270874,0.1122860014438629,3821.5732421875,0.1035280004143714,2.4000000848900527e-05,470.6212768554688,3407.415164238011,54597.8656391472
2024-04-29 00:00:00+00:00,63841.12109375,3215.428955078125,592.8312377929688,0.5154320001602173,0.4573650062084198,137.7766571044922,0.1434919983148574,0.1190359964966774,2.3314669132232666,0.7048190236091614,6.591732978820801,83.51525115966797,35.364253997802734,1.0002130270004272,14.073784828186035,5.857888221740723,0.1120880022644996,3724.08251953125,0.103253997862339,2.4000000848900527e-05,465.6100158691406,3434.65431334654,55213.96763085045
2024-04-30 00:00:00+00:00,60636.85546875,3012.286865234375,578.488037109375,0.50006502866745,0.4408119916915893,126.96270751953124,0.1333270072937011,0.1194669976830482,2.1855239868164062,0.6670529842376709,6.422237873077393,79.49531555175781,32.706424713134766,0.9998909831047058,13.13352108001709,5.829968929290772,0.1077150031924247,3492.162109375,0.0936639979481697,2.200000017182901e-05,434.15716552734375,3258.2736838877872,52437.63382864609
2024-05-01 00:00:00+00:00,58254.01171875,2969.78466796875,561.408203125,0.5170000195503235,0.4498659968376159,134.6279754638672,0.1301340013742447,0.1203299984335899,2.156850099563598,0.6917039752006531,6.883042812347412,80.09586334228516,33.28810119628906,0.9997550249099731,13.344388008117676,5.859118938446045,0.1110349968075752,3448.018798828125,0.0997579991817474,2.300000051036477e-05,424.0386352539063,3139.839855657095,50387.08352047715
2024-05-02 00:00:00+00:00,59123.43359375,2988.16845703125,560.5267333984375,0.5183290243148804,0.4582819938659668,137.81448364257812,0.1321060061454773,0.1222919970750808,2.377465009689331,0.720395028591156,7.285116195678711,80.12277221679688,33.61256408691406,1.0001399517059326,13.59581470489502,5.946628093719482,0.1103599965572357,3484.9716796875,0.1004019975662231,2.300000051036477e-05,429.9698486328125,3184.332737402195,51136.66840329823
2024-05-03 00:00:00+00:00,62889.8359375,3103.5419921875,587.0104370117188,0.5318940281867981,0.4675439894199371,143.77255249023438,0.1461459994316101,0.1227660030126571,2.241951942443848,0.7328510284423828,7.255101203918457,81.93013763427734,35.584896087646484,1.0004839897155762,14.109475135803224,5.857168197631836,0.1117819994688034,3618.671875,0.1114370003342628,2.4000000848900527e-05,453.3455505371094,3378.3991429983953,54384.5614591062
2024-05-04 00:00:00+00:00,63891.47265625,3117.576416015625,585.8465576171875,0.5304049849510193,0.463577002286911,146.1350555419922,0.1601569950580597,0.1223220005631446,2.2123379707336426,0.7292919754981995,7.1270599365234375,81.6870346069336,37.36183166503906,1.000080943107605,14.31827163696289,5.819320201873779,0.1110080033540725,3633.56640625,0.1088809967041015,2.499999936844688e-05,463.5088195800781,3428.0884531035463,55246.093339868174
2024-05-05 00:00:00+00:00,64031.1328125,3137.2490234375,592.140380859375,0.5297840237617493,0.4583339989185333,145.71302795410156,0.1610680073499679,0.1211109980940818,2.219665050506592,0.7341780066490173,7.306784152984619,81.37557220458984,37.40193939208984,1.0001300573349,14.375481605529783,5.832393169403076,0.1109620034694671,3654.896240234375,0.1103219985961914,2.499999936844688e-05,469.2642822265625,3437.2444531848187,55368.474356742205
2024-05-06 00:00:00+00:00,63161.94921875,3062.728759765625,588.4759521484375,0.5405470132827759,0.4542880058288574,152.80239868164062,0.1566080003976822,0.1186740025877952,2.3614230155944824,0.7105969786643982,7.122262001037598,80.78765106201172,37.13836288452149,1.00006902217865,14.50192928314209,5.819262981414795,0.1098489984869957,3579.996337890625,0.1140419989824295,2.4000000848900527e-05,473.3588562011719,3389.059386318364,54613.690455784075
2024-05-07 00:00:00+00:00,62334.81640625,3006.5771484375,577.4862060546875,0.5247439742088318,0.4418730139732361,148.1343231201172,0.150189995765686,0.1206229999661445,2.191622018814087,0.6935549974441528,6.996738910675049,80.81792449951172,35.341732025146484,1.0000890493392944,14.01184368133545,5.86168384552002,0.1080870032310485,3532.712158203125,0.1078900024294853,2.300000051036477e-05,471.1045837402344,3343.77140213443,53897.56889708498
2024-05-08 00:00:00+00:00,61187.94140625,2973.6572265625,588.1974487304688,0.5172299742698669,0.4525530040264129,142.29473876953125,0.1432940065860748,0.1228780001401901,2.129302978515625,0.6815400123596191,6.990118980407715,81.6363525390625,34.04719924926758,0.999871015548706,13.899291038513184,5.912898063659668,0.1073929965496063,3460.035888671875,0.1061049997806549,2.300000051036477e-05,448.2036743164063,3283.2417349123557,52906.75681451543
2024-05-09 00:00:00+00:00,63049.9609375,3036.0205078125,596.031982421875,0.521028995513916,0.4635010063648224,152.84994506835938,0.1521169990301132,0.1261930018663406,2.407396078109741,0.6945729851722717,7.050119876861572,83.05622100830078,35.08065414428711,1.0000629425048828,14.23800277709961,5.84215784072876,0.1084500029683113,3533.891357421875,0.1106489971280098,2.300000051036477e-05,454.960693359375,3379.741265392377,54513.14548346804
2024-05-10 00:00:00+00:00,60792.77734375,2909.791259765625,585.6221923828125,0.5023379921913147,0.4482499957084656,146.21690368652344,0.1440310031175613,0.1273660063743591,2.1135799884796143,0.6718149781227112,6.749961853027344,80.2269287109375,33.71251678466797,0.9999030232429504,13.568572998046877,5.930592060089111,0.1063470020890235,3383.5419921875,0.1057479977607727,2.200000017182901e-05,426.7308654785156,3256.6708823640392,52559.09988825162
2024-05-11 00:00:00+00:00,60793.7109375,2911.60205078125,592.0278930664062,0.5059750080108643,0.4388760030269623,145.3143768310547,0.1429239958524704,0.1263920068740844,2.239010095596313,0.6755610108375549,6.6592278480529785,81.34529876708984,33.479148864746094,0.9999110102653505,13.301305770874023,5.943505764007568,0.1058290004730224,3399.405517578125,0.1066270023584365,2.200000017182901e-05,429.4651794433594,3257.980741397536,52561.03041155074
2024-05-12 00:00:00+00:00,61448.39453125,2928.701904296875,594.424560546875,0.4994750022888183,0.4376530051231384,143.52081298828125,0.1412310004234314,0.1273169964551925,2.3016180992126465,0.6709929704666138,6.6203789710998535,81.38278198242188,33.167240142822266,0.9998080134391784,13.546971321105955,5.89762020111084,0.1046560034155845,3413.48681640625,0.1085690036416053,2.200000017182901e-05,433.1579284667969,3290.8425185080046,53124.83872299004
2024-05-13 00:00:00+00:00,62901.44921875,2949.359619140625,591.60693359375,0.5049020051956177,0.4365400075912475,147.28233337402344,0.1484339982271194,0.1256619989871978,2.421734094619751,0.663112998008728,6.665497779846191,80.6013412475586,32.421722412109375,0.9999960064888,13.378436088562012,5.906760215759277,0.1039400026202201,3438.044189453125,0.1075410023331642,2.300000051036477e-05,437.3409423828125,3362.3604228358213,54374.72571663336
2024-05-14 00:00:00+00:00,61552.7890625,2881.157958984375,566.70703125,0.4998869895935058,0.428068995475769,142.0303955078125,0.1454190015792846,0.1253879964351654,2.0233969688415527,0.6490949988365173,6.4789018630981445,78.73124694824219,31.568510055541992,0.9998840093612672,12.975332260131836,5.935337066650391,0.1018500030040741,3367.268310546875,0.1052149981260299,2.300000051036477e-05,428.7911071777344,3289.5005438629387,53208.69490027497
2024-05-15 00:00:00+00:00,66267.4921875,3037.056640625,582.0743408203125,0.5190039873123169,0.4529879987239837,158.18682861328125,0.1555259972810745,0.1264069974422454,2.107635974884033,0.6867009997367859,6.963479995727539,82.5345230102539,34.67960739135742,0.9999390244483948,13.888160705566406,5.971559047698975,0.1067999973893165,3525.10009765625,0.1109919995069503,2.499999936844688e-05,464.11572265625,3532.539484095163,57274.384663011704
2024-05-16 00:00:00+00:00,65231.58203125,2945.131103515625,569.1902465820312,0.5156980156898499,0.4596950113773346,159.116455078125,0.1496369987726211,0.1250230073928833,2.0940349102020264,0.6943410038948059,7.029125213623047,82.45768737792969,34.46154022216797,0.9999079704284668,15.509692192077637,5.905004978179932,0.1066929996013641,3427.347412109375,0.1123349964618682,2.499999936844688e-05,444.84912109375,3472.754133786986,56373.8189883041
2024-05-17 00:00:00+00:00,67051.875,3094.11865234375,581.1783447265625,0.5238040089607239,0.4819999933242798,169.53054809570312,0.1555629968643188,0.1244110018014907,2.133765935897827,0.7137770056724548,7.196755886077881,84.18548583984375,36.423484802246094,1.0000540018081665,16.252931594848633,5.912810802459717,0.1088100001215934,3599.86474609375,0.1149299964308738,2.499999936844688e-05,466.2641296386719,3577.055239512609,57955.454091176536
2024-05-18 00:00:00+00:00,66940.8046875,3122.948974609375,580.4811401367188,0.5213900208473206,0.4824079871177673,172.5391387939453,0.1530770063400268,0.1230709999799728,2.1182849407196045,0.7095249891281128,7.161952972412109,83.86661529541016,37.268310546875,1.0000280141830444,16.31100845336914,5.885889053344727,0.1081200018525123,3636.71337890625,0.1146500036120414,2.499999936844688e-05,475.79290771484375,3575.481170616492,57864.07933496067
2024-05-19 00:00:00+00:00,66278.3671875,3071.843017578125,574.6316528320312,0.5096610188484192,0.467602014541626,170.0913543701172,0.1491069942712783,0.1211960017681121,2.0577540397644043,0.6833130121231079,6.937534809112549,82.2212142944336,35.621829986572266,0.9998859763145448,16.581558227539062,5.907751083374023,0.1055980026721954,3585.01708984375,0.1109630018472671,2.4000000848900527e-05,484.9183044433594,3538.921123763361,57289.49264937793
2024-05-20 00:00:00+00:00,71448.1953125,3663.85546875,600.6163330078125,0.5373330116271973,0.5017579793930054,186.5204925537109,0.1656879931688308,0.1244470030069351,2.1318719387054443,0.7504410147666931,7.575029850006103,88.60094451904297,40.13941955566406,0.9999150037765504,17.277952194213867,5.982669830322266,0.1122720018029213,4248.64453125,0.1175739988684654,2.5999999706982635e-05,516.750732421875,3849.028581541798,61801.24027382004
2024-05-21 00:00:00+00:00,70136.53125,3789.312744140625,618.4204711914062,0.5369830131530762,0.4947740137577057,178.11614990234375,0.1704739928245544,0.1236430034041404,2.1342389583587646,0.7291880249977112,7.613661766052246,88.21318054199219,41.16374206542969,0.9999099969863892,16.735185623168945,5.995335102081299,0.1122369989752769,4401.74462890625,0.1150730028748512,2.5999999706982635e-05,515.1150512695312,3800.208473691153,60691.86875794888
2024-05-22 00:00:00+00:00,69122.3359375,3737.2177734375,614.671875,0.5265100002288818,0.4831269979476928,176.86077880859375,0.1661629974842071,0.1200959980487823,2.0953869819641118,0.7229470014572144,7.454471111297607,85.71488189697266,39.99242782592773,0.9998549818992616,16.347694396972656,5.9813737869262695,0.1106119975447654,4368.62255859375,0.1132479980587959,2.499999936844688e-05,498.79437255859375,3746.634862612913,59816.18424379001
2024-05-23 00:00:00+00:00,67929.5625,3776.92724609375,598.6708374023438,0.5282859802246094,0.4653300046920776,175.98577880859375,0.1596129983663559,0.115225002169609,2.085089921951294,0.7421929836273193,7.200774192810059,85.41560363769531,38.508544921875,0.9998229742050172,16.605215072631836,5.99184513092041,0.1090800017118454,4400.1396484375,0.108814001083374,2.499999936844688e-05,490.9042053222656,3691.963127518496,58796.36381858033
2024-05-24 00:00:00+00:00,68526.1015625,3726.9345703125,600.2258911132812,0.5357530117034912,0.4594939947128296,167.7969207763672,0.1638029962778091,0.1154559999704361,2.083034038543701,0.7232660055160522,7.244290828704834,84.98160552978516,37.99346923828125,0.999867022037506,17.247709274291992,5.990190029144287,0.1102159991860389,4355.759765625,0.1079479977488517,2.4000000848900527e-05,494.8669128417969,3715.7353213873744,59302.89083942056
2024-05-25 00:00:00+00:00,69265.9453125,3749.236572265625,602.1944580078125,0.5418090224266052,0.4620720148086548,168.43763732910156,0.1739600002765655,0.1137830018997192,2.1182169914245605,0.7296890020370483,7.42813777923584,84.9808578491211,38.287784576416016,1.0000059604644775,17.441204071044922,5.972702980041504,0.1109120026230812,4372.80126953125,0.1085259988903999,2.499999936844688e-05,493.4154052734375,3752.9285876741874,59940.223724404284
2024-05-26 00:00:00+00:00,68518.09375,3825.8974609375,599.825927734375,0.5282109975814819,0.4583750069141388,163.3509063720703,0.1662199944257736,0.1130890026688575,2.100651979446411,0.7160710096359253,7.547234058380127,83.8999252319336,36.752044677734375,0.9998819828033448,17.046470642089844,5.9491119384765625,0.1086860001087188,4477.130859375,0.1067669987678527,2.4000000848900527e-05,483.971435546875,3724.988719213657,59308.85196211557
2024-05-27 00:00:00+00:00,69394.5546875,3892.0068359375,603.5264282226562,0.5337719917297363,0.4679630100727081,169.9961395263672,0.1690900027751922,0.112466000020504,2.133791923522949,0.7436180114746094,7.628291130065918,85.2121810913086,38.234317779541016,0.9997900128364564,18.778060913085938,5.947266101837158,0.1104499995708465,4550.50634765625,0.10674300044775,2.5999999706982635e-05,489.1649169921875,3774.330151562059,60069.437983343654
2024-05-28 00:00:00+00:00,68296.21875,3840.25634765625,601.2132568359375,0.5282350182533264,0.4569900035858154,168.65084838867188,0.1649619936943054,0.1111019998788833,2.0897810459136963,0.7316550016403198,7.367073059082031,83.3997802734375,36.99539566040039,0.9997590184211732,18.52767562866211,5.977283000946045,0.1077859997749328,4488.49072265625,0.1043410003185272,2.700000004551839e-05,470.170166015625,3715.360092250321,59119.80178422173
2024-05-29 00:00:00+00:00,67578.09375,3763.196533203125,594.9720458984375,0.523248016834259,0.450994998216629,168.0726776123047,0.1636949926614761,0.1119479984045028,2.06358003616333,0.7139800190925598,7.172421932220459,83.48149871826172,36.13692474365234,0.9997659921646118,18.452091217041016,5.949834823608398,0.1065919995307922,4395.7138671875,0.10309399664402,2.8000000384054147e-05,465.5042724609375,3672.475373516514,58493.335068088905
2024-05-30 00:00:00+00:00,68364.9921875,3746.849609375,595.0267944335938,0.5188609957695007,0.4465810060501098,166.97653198242188,0.1595440059900283,0.1120129972696304,2.005268096923828,0.6964349746704102,6.997859954833984,84.41934967041016,35.98757553100586,1.000108003616333,17.944950103759766,5.9537858963012695,0.1067780032753944,4379.435546875,0.1006430014967918,2.5999999706982635e-05,465.2304992675781,3708.3314736988077,59166.8373044286
2024-05-31 00:00:00+00:00,67491.4140625,3760.026611328125,593.5223388671875,0.517799973487854,0.4474610090255737,165.63771057128906,0.1591359972953796,0.1120729967951774,1.986178040504456,0.6946210265159607,6.987146854400635,83.23851776123047,36.05586242675781,0.999875009059906,18.422332763671875,5.940389156341553,0.1063629984855651,4397.51708984375,0.1001790016889572,2.499999936844688e-05,454.9013671875,3667.5612923958624,58418.741601859074
2024-06-01 00:00:00+00:00,67706.9375,3813.198974609375,601.30419921875,0.5183129906654358,0.4499750137329101,166.03067016601562,0.1601999998092651,0.1124780029058456,1.9911140203475952,0.6983609795570374,7.058611869812012,83.43401336669922,35.76011276245117,0.9999650120735168,18.41452407836914,5.939795017242432,0.1063179969787597,4447.99853515625,0.0999199971556663,2.499999936844688e-05,463.0711975097656,3683.537371560379,58609.944877014714
2024-06-02 00:00:00+00:00,67751.6015625,3780.89599609375,603.026611328125,0.5134819746017456,0.4464940130710602,163.24990844726562,0.1572010070085525,0.1147219985723495,1.9622340202331543,0.6899340152740479,6.989039897918701,83.05375671386719,34.932491302490234,0.9998570084571838,18.148576736450195,5.9295501708984375,0.1051980033516883,4415.73291015625,0.0991970002651214,2.499999936844688e-05,458.3445739746094,3682.237777207736,58644.45029797536
2024-06-03 00:00:00+00:00,68804.78125,3766.38916015625,626.4329833984375,0.5200999975204468,0.4570359885692596,164.9234619140625,0.158281996846199,0.1134340018033981,1.871994972229004,0.7044399976730347,7.010249137878418,82.7983627319336,35.04046630859375,1.0000460147857666,17.613609313964844,5.95606803894043,0.1053270027041435,4403.34033203125,0.1013590022921562,2.4000000848900527e-05,464.8462829589844,3732.579250903082,59547.08210314162
2024-06-04 00:00:00+00:00,70567.765625,3812.515869140625,686.201416015625,0.5257650017738342,0.4614849984645843,171.8019256591797,0.1614499986171722,0.1144730001688003,1.891723036766052,0.7151550054550171,7.187405109405518,83.65545654296875,36.07328796386719,1.0003269910812378,17.72248077392578,5.947978019714356,0.1064290031790733,4453.1748046875,0.1024649962782859,2.499999936844688e-05,477.0933227539063,3824.962803271357,61066.499238102806
2024-06-05 00:00:00+00:00,71082.8203125,3864.260986328125,698.889404296875,0.5257109999656677,0.4611749947071075,173.48291015625,0.163234993815422,0.1146359965205192,1.9039419889450075,0.7246729731559753,7.248727798461914,85.41313171386719,36.52158737182617,1.0000829696655271,17.738054275512695,6.027651786804199,0.1069720014929771,4491.501953125,0.1044540032744407,2.5999999706982635e-05,495.13134765625,3855.4352844728814,61514.126241208425
2024-06-06 00:00:00+00:00,70757.1640625,3811.60595703125,710.4640502929688,0.5215780138969421,0.4581019878387451,170.01622009277344,0.1601590067148208,0.1147480010986328,1.8715169429779053,0.7255949974060059,7.142014026641846,84.18112182617188,35.91181564331055,0.9997439980506896,17.268896102905273,6.004745960235596,0.1052820011973381,4450.5947265625,0.1014159992337226,2.499999936844688e-05,495.8234558105469,3835.7731062760818,61229.20801906163
2024-06-07 00:00:00+00:00,69342.5859375,3678.629150390625,683.3609619140625,0.4989509880542755,0.4496429860591888,162.50704956054688,0.1483030021190643,0.1127109974622726,1.8260300159454343,0.6670889854431152,6.657766819000244,80.08868408203125,33.507789611816406,0.999983012676239,16.32770347595215,6.016257762908936,0.1002610027790069,4304.828125,0.0940070003271102,2.4000000848900527e-05,478.025146484375,3752.258646409152,59998.26376878926
2024-06-08 00:00:00+00:00,69305.7734375,3680.949951171875,682.6651611328125,0.4931449890136719,0.4365710020065307,157.96890258789062,0.1460590064525604,0.1147560030221939,1.7193119525909424,0.6498820185661316,6.388423919677734,79.99410247802734,32.29003143310547,0.9998689889907836,15.944519996643066,5.790297031402588,0.0982739999890327,4297.62744140625,0.0903329998254776,2.300000051036477e-05,469.8932189941406,3749.5254148386803,59966.26928724852
2024-06-09 00:00:00+00:00,69647.9921875,3705.90380859375,673.3153076171875,0.4985829889774322,0.4441060125827789,162.08360290527344,0.1467739939689636,0.1168819963932037,1.7064690589904783,0.6550769805908203,6.522762775421143,80.51000213623047,32.96836853027344,0.9998949766159058,16.357593536376953,5.82294511795044,0.0998150035738945,4321.37548828125,0.0914419963955879,2.300000051036477e-05,474.4519348144531,3768.193479419822,60262.85325671785
2024-06-10 00:00:00+00:00,69512.28125,3666.717529296875,624.3868408203125,0.4966279864311218,0.4404610097408294,158.9280242919922,0.1447400003671646,0.1176080033183097,1.7630540132522583,0.6498000025749207,6.507446765899658,79.60232543945312,32.274227142333984,0.9998499751091005,15.89479923248291,5.852809906005859,0.0999689996242523,4286.728515625,0.0891129970550537,2.300000051036477e-05,468.9225463867188,3755.376074328312,60141.63550425773
2024-06-11 00:00:00+00:00,67332.03125,3498.33056640625,602.55810546875,0.480320006608963,0.4218910038471222,149.42898559570312,0.1381040066480636,0.1165340021252632,1.6764529943466189,0.6175389885902405,6.379897117614746,77.28195190429688,31.541475296020508,1.000010967254639,14.996339797973633,5.915126800537109,0.0967490002512931,4083.625,0.0873560011386871,2.200000017182901e-05,446.3967895507813,3631.1009746147015,58248.01164309385
2024-06-12 00:00:00+00:00,68241.1875,3559.61767578125,619.19482421875,0.4915400147438049,0.4377959966659546,155.1775665283203,0.1461959928274154,0.1164499968290329,1.69139301776886,0.6441259980201721,6.7417168617248535,78.46941375732422,33.27341079711914,1.0000189542770386,16.001293182373047,5.921640872955322,0.1001090034842491,4158.79248046875,0.0917439982295036,2.200000017182901e-05,454.10943603515625,3682.5336358798363,59036.60540824464
2024-06-13 00:00:00+00:00,66756.3984375,3469.28125,599.5150756835938,0.4770050048828125,0.4211849868297577,147.31442260742188,0.1410599946975708,0.1168750002980232,1.659891963005066,0.6045659780502319,6.360072135925293,79.14324188232422,30.98321533203125,0.9998360276222228,15.136268615722656,5.587964057922363,0.0974809974431991,4056.41064453125,0.0883169993758201,2.099999983329326e-05,431.5286560058594,3600.107880300203,57750.46318798805
2024-06-14 00:00:00+00:00,66011.09375,3480.27197265625,603.1805419921875,0.47427499294281,0.4116829931735992,143.0944366455078,0.1349699944257736,0.1164119988679885,1.6005510091781616,0.5912389755249023,6.162761211395264,77.54237365722656,30.291038513183597,0.9998559951782228,14.741475105285645,5.541446208953857,0.0967739969491958,4067.946044921875,0.0863289982080459,1.9999999494757503e-05,422.8840637207031,3565.107714932715,57111.99305388653
2024-06-15 00:00:00+00:00,66191.0,3565.549560546875,607.8029174804688,0.4906910061836242,0.4136950075626373,145.41221618652344,0.1365659981966018,0.1152469962835311,1.596904993057251,0.6171119809150696,6.221013069152832,79.19642639160156,29.987537384033203,0.9998630285263062,14.858819961547852,5.747426986694336,0.0982370004057884,4161.822265625,0.0848070010542869,2.099999983329326e-05,429.7106628417969,3582.9458090707562,57277.04438890892
2024-06-16 00:00:00+00:00,66639.046875,3620.5634765625,610.0540161132812,0.4888319969177246,0.4163790047168731,151.12550354003906,0.1369370073080063,0.117245003581047,1.461740016937256,0.6190469861030579,6.388068199157715,78.90593719482422,30.03886985778809,1.0000269412994385,15.126066207885742,5.890728950500488,0.0989950001239776,4222.64990234375,0.086336001753807,2.099999983329326e-05,428.1529846191406,3610.112761311791,57668.43536692237
2024-06-17 00:00:00+00:00,66490.296875,3511.37890625,604.4673461914062,0.5051599740982056,0.4017579853534698,143.3342742919922,0.1288889944553375,0.1168050020933151,1.231958031654358,0.5842499732971191,6.073915004730225,76.62609100341797,28.480154037475582,1.0000009536743164,14.534425735473633,5.72913122177124,0.096911996603012,4123.26123046875,0.0801969990134239,1.8999999156221747e-05,420.2284851074219,3591.836037296318,57528.391808927416
2024-06-18 00:00:00+00:00,65140.74609375,3483.681396484375,588.7020874023438,0.4909479916095733,0.3835799992084503,137.50399780273438,0.1222959980368614,0.1153870001435279,1.144516944885254,0.5571900010108948,5.775650978088379,72.61646270751953,26.61886405944824,0.9999449849128724,13.96777057647705,5.735969066619873,0.0913719981908798,4063.096435546875,0.0777219980955123,1.8000000636675395e-05,389.31488037109375,3520.559170650556,56364.38954491036
2024-06-19 00:00:00+00:00,64960.296875,3559.347412109375,598.771728515625,0.493241012096405,0.3837909996509552,135.60960388183594,0.1223409995436668,0.1157900020480156,1.168995022773743,0.5761989951133728,5.794211864471436,73.7035140991211,26.89194107055664,1.0000660419464111,14.334752082824709,5.726990222930908,0.0933049991726875,4163.71923828125,0.0804769992828369,1.8000000636675395e-05,388.6602783203125,3520.8043223104733,56219.94583158561
2024-06-20 00:00:00+00:00,64828.65625,3511.0869140625,587.107177734375,0.4887160062789917,0.3842439949512481,133.47296142578125,0.1244190037250518,0.1167069971561431,1.1726640462875366,0.5734109878540039,5.640769004821777,74.7087631225586,27.544408798217773,0.9999690055847168,14.259183883666992,5.702874183654785,0.0939129963517189,4113.7978515625,0.080324001610279,1.8000000636675395e-05,389.8619384765625,3509.3273084425928,56101.120281696756
2024-06-21 00:00:00+00:00,64096.19921875,3516.07568359375,585.9119262695312,0.4889560043811798,0.3760519921779632,134.5883026123047,0.1240290030837059,0.1182650029659271,1.1479790210723877,0.5684509873390198,5.611062049865723,74.11437225341797,27.450439453125,1.0001200437545776,13.862212181091309,5.732471942901611,0.0920310020446777,4114.365234375,0.078694999217987,1.8000000636675395e-05,382.8753356933594,3474.3228978681136,55472.67381878737
2024-06-22 00:00:00+00:00,64252.578125,3494.8134765625,590.7633666992188,0.4866209924221039,0.3848119974136352,133.6702423095703,0.1237889975309372,0.1196030005812645,1.192605972290039,0.5710170269012451,5.747869968414307,74.54924774169922,25.6173152923584,1.0001239776611328,13.48008918762207,5.749390125274658,0.0908410027623176,4091.072021484375,0.077854998409748,1.8000000636675395e-05,392.1610412597656,3480.2023557903226,55604.40342975469
2024-06-23 00:00:00+00:00,63180.796875,3418.61181640625,577.2108764648438,0.4794889986515045,0.3803029954433441,128.59042358398438,0.1222570016980171,0.119159996509552,1.1436680555343628,0.5612980127334595,5.64489221572876,73.380126953125,25.05120277404785,0.9998990297317504,13.177005767822266,5.7477850914001465,0.0895470008254051,4033.463134765625,0.0762109979987144,1.8000000636675395e-05,381.1669616699219,3421.2768071800897,54676.418107501995
2024-06-24 00:00:00+00:00,60277.4140625,3350.25634765625,567.578125,0.4741429984569549,0.3777649998664856,132.24139404296875,0.1190430000424385,0.1190240010619163,1.1270020008087158,0.5610669851303101,5.724685192108154,69.6898193359375,24.83131599426269,0.9999110102653505,13.61471462249756,5.764366149902344,0.0892359986901283,3904.3642578125,0.0775370001792907,1.700000029813964e-05,363.9482727050781,3272.3510526669525,52172.44729275549
2024-06-25 00:00:00+00:00,61804.640625,3395.029052734375,578.1034545898438,0.4756850004196167,0.3918589949607849,136.5592041015625,0.1261530071496963,0.1218639984726905,1.1991549730300903,0.5674930214881897,5.842494964599609,71.36486053466797,25.399450302124023,1.0000660419464111,14.195656776428224,5.750801086425781,0.091838002204895,3979.301025390625,0.0787469968199729,1.8000000636675395e-05,388.6441650390625,3352.8039842169624,53490.71011626976
2024-06-26 00:00:00+00:00,60811.27734375,3369.477294921875,572.4017944335938,0.4695999920368194,0.3847500085830688,136.60914611816406,0.1226790025830268,0.1224969998002052,1.1555780172348022,0.5512290000915527,5.793276786804199,70.9636001586914,25.803598403930664,0.9999240040779114,13.904292106628418,5.730030059814453,0.0901390016078949,3949.112060546875,0.0761120021343231,1.700000029813964e-05,373.6109924316406,3301.8407597498176,52634.6116376455
2024-06-27 00:00:00+00:00,61604.80078125,3444.800537109375,580.7982788085938,0.4746550023555755,0.3907009959220886,149.44837951660156,0.126910999417305,0.1218530014157295,1.2070720195770264,0.5662580132484436,6.281444072723389,73.12354278564453,27.89529800415039,0.9997490048408508,14.38767433166504,5.767918109893799,0.0913750007748603,4030.78515625,0.0786190032958984,1.8000000636675395e-05,388.7424926757813,3349.0899387597756,53325.1837973444
2024-06-28 00:00:00+00:00,60320.13671875,3373.635986328125,566.4644775390625,0.4708850085735321,0.3854260146617889,139.70339965820312,0.1227890029549598,0.1229730024933815,1.194543957710266,0.551895022392273,6.174601078033447,72.76513671875,27.89578628540039,0.9998199939727784,13.75875473022461,5.728813171386719,0.0909150019288063,3949.6025390625,0.0767939984798431,1.700000029813964e-05,385.3994140625,3279.299127875588,52213.40663631698
2024-06-29 00:00:00+00:00,60887.37890625,3372.9677734375,569.127685546875,0.471994012594223,0.3839649856090545,140.01014709472656,0.1216989979147911,0.12533800303936,1.216994047164917,0.5469800233840942,6.07234001159668,74.92382049560547,27.72550773620605,0.999779999256134,13.511537551879885,5.807672023773193,0.0900140032172203,3951.86376953125,0.0761160030961036,1.700000029813964e-05,380.4427185058594,3306.3745131076453,52700.36244380911
2024-06-30 00:00:00+00:00,62678.29296875,3432.88916015625,581.7711181640625,0.4754830002784729,0.392192006111145,146.49249267578125,0.1243050023913383,0.1245269998908042,1.2115960121154783,0.559997022151947,6.208572864532471,75.27999877929688,29.360876083374023,0.9998189806938172,14.260198593139648,5.836853981018066,0.0910879969596862,4018.111328125,0.0765210017561912,1.700000029813964e-05,393.6454162597656,3399.34307283117,54245.20641823815
2024-07-01 00:00:00+00:00,62851.98046875,3440.341552734375,576.6869506835938,0.4766409993171692,0.4029070138931274,146.59506225585938,0.1234420016407966,0.127697005867958,1.1797080039978027,0.5577690005302429,6.330221176147461,74.34024810791016,28.816137313842773,0.9999920129776,14.327778816223145,5.780961036682129,0.091450996696949,4038.764404296875,0.0767040029168129,1.700000029813964e-05,384.1968994140625,3408.1998577439717,54395.824809144644
2024-07-02 00:00:00+00:00,62029.015625,3416.354736328125,578.9810791015625,0.4845199882984161,0.4177750051021576,153.7004852294922,0.1250160038471222,0.1289830058813095,1.1834490299224854,0.5706369876861572,6.5148210525512695,75.86390686035156,28.64264297485352,0.9998040199279784,14.404244422912598,5.785345077514648,0.0935060009360313,4004.573974609375,0.0780239999294281,1.700000029813964e-05,381.79339599609375,3366.65295179497,53686.035481168205
2024-07-03 00:00:00+00:00,60173.921875,3292.916748046875,556.5777587890625,0.4667600095272064,0.4067380130290985,140.73141479492188,0.1184709966182708,0.1285579949617386,1.1457250118255615,0.5306130051612854,6.069333076477051,72.0750503540039,26.49129676818848,0.9999679923057556,13.620819091796877,5.7967400550842285,0.0903190001845359,3859.605224609375,0.0721319988369941,1.5999999959603883e-05,373.1245422363281,3263.0900048973604,52077.68692610534
2024-07-04 00:00:00+00:00,56977.703125,3054.52197265625,513.9945068359375,0.4335739910602569,0.3628590106964111,127.55081939697266,0.1048870012164115,0.1271959990262985,1.050542950630188,0.4948830008506775,5.559063911437988,65.3156967163086,24.44641494750977,1.00006103515625,12.553675651550291,5.761198043823242,0.0871329978108406,3635.18017578125,0.0663079991936683,1.4999999621068127e-05,331.47320556640625,3083.704157785385,49306.382220896405
2024-07-05 00:00:00+00:00,56662.375,2981.5986328125,497.9958190917969,0.425491988658905,0.3498849868774414,134.3693389892578,0.1055940017104148,0.1269010007381439,1.035133957862854,0.467752993106842,5.665740966796875,61.88725662231445,25.134418487548828,1.000216007232666,12.305855751037598,5.721890926361084,0.0855220034718513,3490.321044921875,0.067111000418663,1.4999999621068127e-05,325.8738098144531,3057.472020539239,49022.68732884845
2024-07-06 00:00:00+00:00,58303.5390625,3069.3779296875,527.6743774414062,0.4490529894828796,0.3712210059165954,143.24118041992188,0.1136149987578392,0.1299290060997009,1.0736329555511477,0.5066879987716675,6.241476058959961,65.43029022216797,27.44342613220215,1.0001150369644165,13.201163291931152,5.75053596496582,0.0905719995498657,3590.188232421875,0.0700659975409507,1.700000029813964e-05,343.05389404296875,3147.5688798653587,50442.78537850361
2024-07-07 00:00:00+00:00,55849.109375,2929.38720703125,490.6131286621094,0.4198229908943176,0.3466179966926574,131.7740936279297,0.1042319983243942,0.1246669963002204,1.0300910472869873,0.4774740040302276,5.906262874603272,62.062255859375,25.70512962341309,0.9997249841690063,12.35133457183838,5.774054050445557,0.0838899984955787,3445.62353515625,0.0645669996738433,1.5999999959603883e-05,312.7734680175781,3013.0824260709837,48318.77700758357
2024-07-08 00:00:00+00:00,56705.09765625,3018.73193359375,510.6142578125,0.4314799904823303,0.3690069913864136,139.4636993408203,0.1075809970498085,0.1261830031871795,1.0537840127944946,0.501662015914917,5.9447550773620605,64.86933135986328,25.222187042236328,0.999845027923584,13.114887237548828,5.767477035522461,0.085496000945568,3538.98193359375,0.0663470029830932,1.5999999959603883e-05,333.3305969238281,3064.99429125285,49064.59021937739
2024-07-09 00:00:00+00:00,58009.2265625,3064.032958984375,516.568115234375,0.435916006565094,0.375328004360199,141.34844970703125,0.1075130030512809,0.129940003156662,1.0963939428329468,0.5009179711341858,6.11407995223999,65.31686401367188,26.421600341796875,1.0000629425048828,12.820453643798828,5.858926773071289,0.0879549980163574,3590.563720703125,0.067780002951622,1.5999999959603883e-05,331.0573425292969,3132.0538522503507,50189.68350092605
2024-07-10 00:00:00+00:00,57742.49609375,3102.21875,524.5165405273438,0.4390380084514618,0.3888350129127502,141.97479248046875,0.1080219969153404,0.1314540058374405,1.14451801776886,0.5129939913749695,6.098880767822266,66.93814849853516,25.76766586303711,0.9999690055847168,12.796518325805664,5.794167995452881,0.0875369980931282,3634.512939453125,0.0664279982447624,1.5999999959603883e-05,340.7474365234375,3124.178130724772,49965.72337067978
2024-07-11 00:00:00+00:00,57344.9140625,3100.330810546875,525.1380615234375,0.4490410089492798,0.3958170115947723,135.8832244873047,0.1066669970750808,0.1343899965286255,1.1076589822769165,0.4981639981269836,5.904892921447754,67.43598175048828,25.22551918029785,0.999948024749756,12.350228309631348,5.848154067993164,0.0887750014662742,3634.645263671875,0.0656450018286705,1.5999999959603883e-05,347.4631042480469,3105.189782153809,49624.42197022377
2024-07-12 00:00:00+00:00,57899.46484375,3134.15869140625,533.75732421875,0.4747300148010254,0.4165239930152893,139.52801513671875,0.1076849997043609,0.1372770071029663,1.1744619607925415,0.5071679949760437,6.099207878112793,69.27572631835938,25.974353790283203,1.0002470016479492,12.738323211669922,5.675394058227539,0.0913589969277381,3663.20703125,0.0673229992389679,1.5999999959603883e-05,368.7078552246094,3136.3125503433903,50104.34567558648
2024-07-13 00:00:00+00:00,59231.953125,3177.19873046875,532.3488159179688,0.526328980922699,0.441415011882782,141.9249725341797,0.112355999648571,0.1394599974155426,1.171584963798523,0.5314139723777771,6.24400806427002,69.85125732421875,25.87324523925781,1.0000280141830444,13.021286964416504,5.810534954071045,0.1024440005421638,3717.342529296875,0.0713389962911605,1.700000029813964e-05,375.97796630859375,3204.840136143317,51253.846990262464
2024-07-14 00:00:00+00:00,60787.79296875,3244.0791015625,544.8187255859375,0.52286297082901,0.4323480129241943,147.622314453125,0.1154489964246749,0.1376889944076538,1.1591830253601074,0.5307989716529846,6.328077793121338,69.96685791015625,26.36935806274414,1.0000369548797607,13.426870346069336,5.828182220458984,0.1046489998698234,3809.1318359375,0.0721030011773109,1.8000000636675395e-05,376.9600830078125,3287.4475958836647,52598.728501523874
2024-07-15 00:00:00+00:00,64870.15234375,3489.552734375,586.1410522460938,0.5378779768943787,0.4455820024013519,159.93397521972656,0.125228002667427,0.1374399960041046,1.1873159408569336,0.5494740009307861,6.498557090759277,72.45584869384766,27.85492706298828,1.0000829696655271,14.422126770019531,5.872650146484375,0.1048789992928505,4073.8037109375,0.0782999992370605,1.8999999156221747e-05,400.7192993164063,3510.074924976037,56133.260227354134
2024-07-16 00:00:00+00:00,65097.1484375,3443.513427734375,576.583984375,0.5793759822845459,0.4381889998912811,160.5518798828125,0.1249310001730918,0.1340720057487487,1.1673660278320312,0.5433059930801392,6.3442230224609375,73.20144653320312,28.03032875061035,1.000080943107605,14.221345901489258,5.837217807769775,0.1069279983639717,4046.47216796875,0.0765940025448799,1.8999999156221747e-05,387.09423828125,3516.3414076052736,56323.62383114414
2024-07-17 00:00:00+00:00,64118.79296875,3388.75244140625,568.9127197265625,0.6264860033988953,0.4367479979991913,155.5841064453125,0.1218840032815933,0.1335700005292892,1.1741770505905151,0.5401250123977661,6.259860992431641,71.42044830322266,27.253253936767575,0.9998739957809448,13.754619598388672,5.695531845092773,0.1099409982562065,3983.551025390625,0.0753080025315284,1.8999999156221747e-05,375.7253112792969,3462.853353320891,55476.7724034867
2024-07-18 00:00:00+00:00,63974.06640625,3426.258544921875,571.9515380859375,0.5695739984512329,0.423905998468399,159.07241821289062,0.119496002793312,0.1344459950923919,1.1975539922714231,0.5165449976921082,6.093573093414307,71.6102294921875,27.138296127319336,0.9999849796295166,13.600837707519531,5.798680782318115,0.1032010018825531,4009.17822265625,0.0727259963750839,1.700000029813964e-05,382.8452453613281,3459.6072115549377,55356.33577283495
2024-07-19 00:00:00+00:00,66710.15625,3505.73486328125,593.7021484375,0.5737519860267639,0.4390339851379394,169.1858673095703,0.1254799962043762,0.1347649991512298,1.2376110553741455,0.5334529876708984,6.346135139465332,73.45670318603516,28.1879940032959,1.000141978263855,14.075929641723633,5.84459114074707,0.1053809970617294,4115.6650390625,0.0747240036725997,1.8000000636675395e-05,391.8265380859375,3600.876496156028,57716.02580742709
2024-07-20 00:00:00+00:00,67163.6484375,3519.29541015625,593.5722045898438,0.5946509838104248,0.4376370012760162,173.89178466796875,0.1344300061464309,0.1347389966249466,1.2771660089492798,0.5418319702148438,6.337130069732666,73.07349395751953,29.130952835083008,0.9999430179595948,14.26817512512207,5.68590784072876,0.1053259968757629,4120.9345703125,0.0746779963374137,1.8000000636675395e-05,395.6181640625,3623.79793576645,58106.41249804082
2024-07-21 00:00:00+00:00,68154.5234375,3536.60546875,601.8511962890625,0.5974670052528381,0.4460769891738891,184.54161071777344,0.1401689946651458,0.1343470066785812,1.267084002494812,0.5480440258979797,6.419742107391357,73.988525390625,32.60565948486328,0.9999330043792723,14.806570053100586,5.669692039489746,0.1053090021014213,4129.30322265625,0.074704997241497,1.8000000636675395e-05,400.7705383300781,3673.590419826025,58958.545324008446
2024-07-22 00:00:00+00:00,67585.25,3440.419921875,587.9177856445312,0.6076369881629944,0.4265469908714294,178.97828674316406,0.1378809958696365,0.1323940008878708,1.2184749841690063,0.5303869843482971,6.107129096984863,71.30793762207031,31.858896255493164,0.9999750256538392,13.929006576538086,5.797534942626953,0.1034929975867271,4050.467529296875,0.0708499997854232,1.8000000636675395e-05,385.781494140625,3636.28777043625,58459.410557685456
2024-07-23 00:00:00+00:00,65927.671875,3481.995849609375,582.0995483398438,0.5974569916725159,0.4100970029830932,172.757568359375,0.1303910017013549,0.134114995598793,1.1862499713897705,0.5328310132026672,5.918869972229004,72.93016052246094,29.841068267822266,0.9998999834060668,13.919931411743164,5.755208015441895,0.1009949967265129,4079.671630859375,0.0682620033621788,1.700000029813964e-05,366.4976196289063,3559.2009354736483,57040.55358794002
2024-07-24 00:00:00+00:00,65372.1328125,3336.33935546875,574.5784912109375,0.6188430190086365,0.4068470001220703,178.0323028564453,0.1280879974365234,0.1343699991703033,1.196038007736206,0.5172539949417114,5.748384952545166,71.24752044677734,28.39635467529297,0.9999989867210388,13.395511627197266,5.908699989318848,0.1029499992728233,3921.999755859375,0.0665299966931343,1.700000029813964e-05,362.4208679199219,3517.8271901670314,56545.818282555105
2024-07-25 00:00:00+00:00,65777.2265625,3174.42724609375,570.71337890625,0.5998160243034363,0.3946709930896759,171.96307373046875,0.1252209991216659,0.1354579925537109,1.1551209688186646,0.497105985879898,5.75399923324585,68.8547592163086,27.257287979125977,0.9997979998588562,12.946199417114258,5.872552871704102,0.1022069975733757,3723.867431640625,0.0660339966416359,1.5999999959603883e-05,361.60260009765625,3519.2647876020997,56872.28925095554
2024-07-26 00:00:00+00:00,67912.0625,3275.951416015625,581.0779418945312,0.6040679812431335,0.4177469909191131,183.13671875,0.1343179941177368,0.1375640034675598,1.2029889822006226,0.5147809982299805,5.870021820068359,71.3331069946289,28.708839416503903,0.9999679923057556,13.54045295715332,5.836905002593994,0.1031619980931282,3840.6552734375,0.0682879984378814,1.700000029813964e-05,377.4776306152344,3633.3254147068023,58717.7781142255
2024-07-27 00:00:00+00:00,67813.3359375,3247.60791015625,581.5888061523438,0.5967950224876404,0.4181979894638061,184.0854034423828,0.1315920054912567,0.1372579932212829,1.2196069955825806,0.5177519917488098,5.83108377456665,71.3629379272461,28.0848331451416,0.9998819828033448,13.567426681518556,5.813278198242188,0.1015330031514167,3830.001708984375,0.0687619969248771,1.700000029813964e-05,392.1049499511719,3627.503603423529,58630.92372500816
2024-07-28 00:00:00+00:00,68255.8671875,3271.464599609375,584.099609375,0.601947009563446,0.4073869884014129,184.88607788085935,0.130074992775917,0.1386699974536895,1.260032057762146,0.5085240006446838,5.721426010131836,71.1284408569336,27.40057373046875,0.9999409914016724,13.293225288391112,5.866866111755371,0.1002430021762847,3834.0546875,0.0675320029258728,1.700000029813964e-05,416.6730346679688,3651.174766503523,59012.62885048951
2024-07-29 00:00:00+00:00,66819.9140625,3320.539306640625,574.642578125,0.6020860075950623,0.404013991355896,182.7805938720703,0.1286740005016327,0.1376129984855651,1.258774995803833,0.5108550190925598,5.654067039489746,73.74948120117188,27.08311080932617,0.9998400211334229,13.543046951293944,5.682386875152588,0.0991870015859603,3903.012451171875,0.0670929998159408,1.700000029813964e-05,439.7582702636719,3589.0746433088116,57787.22094298216
2024-07-30 00:00:00+00:00,66201.015625,3278.667724609375,587.6651000976562,0.6278769969940186,0.4016799926757812,179.10719299316406,0.1255950033664703,0.1329640001058578,1.2300549745559692,0.5053809881210327,5.522171974182129,71.6852035522461,26.339189529418945,0.9998649954795836,13.140531539916992,5.6752028465271,0.1024900004267692,3844.78662109375,0.065941996872425,1.5999999959603883e-05,432.6112060546875,3554.781315916168,57250.11090340183
2024-07-31 00:00:00+00:00,64619.25,3231.295654296875,576.3681640625,0.6239389777183533,0.3887729942798614,171.82615661621094,0.1220140010118484,0.1288029998540878,1.199442982673645,0.4959029853343963,5.3853302001953125,70.19042205810547,25.71908950805664,0.9997940063476562,12.82884693145752,5.672688961029053,0.1006420031189918,3793.66064453125,0.0629760026931762,1.5999999959603883e-05,414.818115234375,3472.9113054930044,55886.37309922379
2024-08-01 00:00:00+00:00,65357.5,3201.564453125,575.146728515625,0.5964639782905579,0.3927060067653656,167.672119140625,0.1192359998822212,0.1281670033931732,1.1888999938964844,0.4918429851531982,5.342948913574219,69.56616973876953,25.723108291625977,0.9998289942741394,12.89976692199707,5.843492031097412,0.0993420034646987,3726.099609375,0.0633639991283416,1.5999999959603883e-05,413.147216796875,3503.075499038783,56514.23660118595
2024-08-02 00:00:00+00:00,61415.06640625,2986.01318359375,542.9151611328125,0.5607709884643555,0.3638220131397247,152.6382293701172,0.1115079969167709,0.1233749985694885,1.1110589504241943,0.4678640067577362,5.122200012207031,64.99111938476562,23.59450340270996,0.9997529983520508,11.917962074279783,5.670413017272949,0.0955099985003471,3512.0126953125,0.0594570003449916,1.4999999621068127e-05,381.5531005859375,3290.732767051801,53104.53412452827
2024-08-03 00:00:00+00:00,60680.09375,2903.3857421875,529.4813232421875,0.5563910007476807,0.364095002412796,142.9219970703125,0.1081689968705177,0.1253059953451156,1.0683549642562866,0.4547629952430725,5.043665885925293,64.6042251586914,22.68356704711914,0.9998210072517396,11.70133113861084,5.666650772094727,0.0934119969606399,3411.03466796875,0.0582249984145164,1.4000000192027072e-05,364.3846130371094,3244.9919087840863,52462.598666470425
2024-08-04 00:00:00+00:00,58116.9765625,2686.39892578125,497.0390930175781,0.5233960151672363,0.3439379930496216,138.05508422851562,0.1037330031394958,0.1262750029563903,0.9955520033836364,0.4209760129451751,4.683842182159424,62.396121978759766,21.22766876220703,0.9998210072517396,10.871526718139648,5.653327941894531,0.088189996778965,3178.63671875,0.0552439987659454,1.2999999853491316e-05,331.857666015625,3097.973984567122,50235.644828604665
2024-08-05 00:00:00+00:00,53991.45703125,2417.206298828125,464.6269226074219,0.4894660115242004,0.3131549954414367,129.8643035888672,0.0945030003786087,0.1215960010886192,0.9339320063591005,0.3850849866867065,4.208274841308594,56.21337890625,19.549341201782227,0.9999060034751892,9.501569747924805,5.673114776611328,0.0880850031971931,2856.220458984375,0.0522329993546009,1.2999999853491316e-05,309.95574951171875,2869.902591345328,46659.31891438635
2024-08-06 00:00:00+00:00,56034.31640625,2458.723876953125,484.3238220214844,0.5056970119476318,0.3307819962501526,144.09036254882812,0.0963710024952888,0.1235340014100074,0.969937026500702,0.4078879952430725,4.506931781768799,58.26336288452149,20.87719345092773,0.9998229742050172,10.0545654296875,5.723268985748291,0.0924639999866485,2885.568603515625,0.0550660006701946,1.2999999853491316e-05,314.6262512207031,2972.6026771452916,48417.13384004824
2024-08-07 00:00:00+00:00,55027.4609375,2336.58935546875,474.2247619628906,0.6008099913597107,0.3236980140209198,144.63209533691406,0.0955149978399276,0.1247930005192756,0.997565984725952,0.3916110098361969,4.570662975311279,55.9839096069336,19.829347610473636,0.9997979998588562,9.48544216156006,5.776259899139404,0.1013950034976005,2756.470947265625,0.0513149984180927,1.2999999853491316e-05,312.33428955078125,2911.954501111355,47538.07004544641
2024-08-08 00:00:00+00:00,61710.13671875,2683.352783203125,517.3375244140625,0.6175770163536072,0.3518140017986297,162.9307403564453,0.1074040010571479,0.1271229982376098,1.0874860286712646,0.4319370090961456,4.88088321685791,61.22355270385742,22.737106323242188,0.9999319911003112,10.73647117614746,5.856839179992676,0.1031010001897811,3155.78369140625,0.0590270012617111,1.4000000192027072e-05,354.3216247558594,3271.103969073029,53318.63715700926
2024-08-09 00:00:00+00:00,60880.11328125,2599.5986328125,509.1827087402344,0.5811529755592346,0.3485470116138458,156.45721435546875,0.1039739996194839,0.128261998295784,1.1057039499282837,0.4220559895038605,4.787671089172363,60.74286651611328,21.774154663085938,1.0000289678573608,10.548673629760742,5.785764217376709,0.099991001188755,3048.635498046875,0.0562620013952255,1.4000000192027072e-05,347.96014404296875,3221.401552440882,52594.83153754696
2024-08-10 00:00:00+00:00,60945.8125,2610.02294921875,523.317626953125,0.585578978061676,0.3462890088558197,153.95916748046875,0.1052019968628883,0.1291500031948089,1.1258430480957031,0.4260280132293701,4.756072044372559,61.17485427856445,21.58826065063477,0.9999030232429504,10.554250717163086,5.803407192230225,0.1013249978423118,3063.110107421875,0.0559079982340335,1.4000000192027072e-05,354.6650085449219,3226.601878360463,52652.849079724474
2024-08-11 00:00:00+00:00,58719.484375,2553.252197265625,503.8045349121094,0.5529320240020752,0.3283219933509826,141.52685546875,0.1005659997463226,0.1277450025081634,1.0433939695358276,0.4032709896564483,4.496322154998779,59.70698165893555,20.428546905517575,0.9998000264167786,10.008923530578612,6.0927839279174805,0.0978839993476867,3005.92578125,0.0526480004191398,1.2999999853491316e-05,330.2902526855469,3112.3201966554743,50734.826427549924
2024-08-12 00:00:00+00:00,59354.515625,2724.431884765625,518.5361328125,0.5687680244445801,0.3389770090579986,146.45423889160156,0.1077670007944107,0.1267360001802444,1.0742859840393066,0.4262720048427582,4.587265968322754,61.4669075012207,21.289514541625977,0.9999639987945556,10.557686805725098,5.804759979248047,0.0988750010728836,3189.282958984375,0.0538390018045902,1.4000000192027072e-05,354.6017761230469,3161.6821071142062,51301.06967792627
2024-08-13 00:00:00+00:00,60609.56640625,2703.671875,524.1285400390625,0.576399028301239,0.3401539921760559,146.7126922607422,0.1064160019159317,0.1288129985332489,1.0827679634094238,0.4222730100154876,4.549482822418213,63.41337966918945,21.40406036376953,0.999948024749756,10.576763153076172,6.08496618270874,0.099319003522396,3182.62548828125,0.0542749986052513,1.4000000192027072e-05,351.9599609375,3220.404952094331,52376.74945557376
2024-08-14 00:00:00+00:00,58737.26953125,2662.914794921875,524.0153198242188,0.5691919922828674,0.3354550004005432,143.9234619140625,0.1025549992918968,0.13052499294281,1.1019270420074463,0.4239369928836822,4.386328220367432,64.01732635498047,20.97269821166992,0.999983012676239,10.401407241821287,5.872269153594971,0.0967110022902488,3131.70654296875,0.0536199994385242,1.4000000192027072e-05,338.1859436035156,3126.070454414241,50764.16564563084
2024-08-15 00:00:00+00:00,57560.09765625,2570.087646484375,519.870361328125,0.5609549880027771,0.3253529965877533,142.74581909179688,0.1002670004963874,0.1302150040864944,1.0865449905395508,0.4015960097312927,4.282610893249512,65.27692413330078,20.141338348388672,0.9998040199279784,10.173847198486328,5.869452953338623,0.0956259965896606,3024.468994140625,0.0519529990851879,1.2999999853491316e-05,334.6147155761719,3060.0657949239476,49741.94063882396
2024-08-16 00:00:00+00:00,58894.10546875,2593.1865234375,519.9686279296875,0.564516007900238,0.3304719924926758,139.33056640625,0.1004389971494674,0.1341920047998428,1.0800299644470217,0.4040949940681457,4.295183181762695,66.56855773925781,20.394376754760746,1.0000040531158447,10.143065452575684,6.013734817504883,0.0948579981923103,3052.54443359375,0.0519879981875419,1.2999999853491316e-05,338.479248046875,3126.13287586287,50890.00377731176
2024-08-17 00:00:00+00:00,59478.97265625,2614.546875,542.2342529296875,0.5663189888000488,0.3368859887123108,141.7985076904297,0.1027550026774406,0.134889006614685,1.0740809440612793,0.4101769924163818,4.364744186401367,67.58361053466797,20.670944213867188,0.9999650120735168,10.150433540344238,5.890007019042969,0.0955929979681968,3068.55078125,0.0526430010795593,1.2999999853491316e-05,341.055419921875,3157.1234073081296,51394.388046261105
2024-08-18 00:00:00+00:00,58483.96484375,2613.357177734375,531.6085205078125,0.5638750195503235,0.3348309993743896,142.58688354492188,0.1001719981431961,0.135244995355606,1.067402958869934,0.411558985710144,4.391077041625977,66.38336181640625,20.819700241088867,0.9998540282249452,10.095947265625,5.762118816375732,0.0935200005769729,3100.49072265625,0.053141001611948,1.2999999853491316e-05,333.3903503417969,3110.31477698589,50542.04335418998
2024-08-19 00:00:00+00:00,59493.453125,2637.306396484375,559.81884765625,0.5986059904098511,0.3367530107498169,144.34368896484375,0.1015039980411529,0.1431840062141418,1.105947971343994,0.4300630092620849,4.483818054199219,66.36810302734375,21.2274112701416,0.9999880194664,10.183764457702637,6.013189792633057,0.0961840003728866,3082.21533203125,0.0543179996311664,1.2999999853491316e-05,338.10125732421875,3160.351499765164,51409.03867197636
2024-08-20 00:00:00+00:00,59012.79296875,2573.10693359375,569.2669677734375,0.5944280028343201,0.3436850011348724,143.16773986816406,0.1030009984970092,0.1617050021886825,1.1206450462341309,0.4620499908924103,4.53368616104126,64.48001098632812,22.42511367797852,0.999862015247345,10.245038986206056,5.880830764770508,0.0977459996938705,3042.61572265625,0.0536920018494129,1.4000000192027072e-05,335.4502868652344,3132.7572441972247,50990.45200487092
2024-08-21 00:00:00+00:00,61175.19140625,2631.3955078125,570.0197143554688,0.6002749800682068,0.3690589964389801,142.70960998535156,0.1061569973826408,0.1538680046796798,1.1308139562606812,0.5253900289535522,4.6698150634765625,64.28144836425781,23.52741432189941,0.9999589920043944,11.214466094970703,5.87848711013794,0.0985670015215873,3094.515625,0.0547630004584789,1.4000000192027072e-05,349.2322082519531,3241.7464080270374,52853.09995765021
2024-08-22 00:00:00+00:00,60381.9140625,2622.951416015625,583.0518798828125,0.5976009964942932,0.3765360116958618,143.2579345703125,0.1053080037236213,0.1556510031223297,1.1226619482040403,0.5319479703903198,4.693690776824951,63.83037567138672,25.26703453063965,0.9999499917030334,11.467951774597168,5.83238410949707,0.0990160033106803,3085.99853515625,0.0552750006318092,1.4000000192027072e-05,346.5582275390625,3203.755593021728,52171.27753650918
2024-08-23 00:00:00+00:00,64094.35546875,2764.447021484375,591.8060302734375,0.6112390160560608,0.391535997390747,153.10708618164062,0.112926997244358,0.1585720032453537,1.16765296459198,0.5382199883460999,4.898672103881836,66.20084381103516,26.519519805908203,1.0000430345535278,12.062475204467772,5.86837100982666,0.1018560007214546,3252.781005859375,0.0594910010695457,1.4999999621068127e-05,365.1933898925781,3397.208639827607,55376.17797308793
2024-08-24 00:00:00+00:00,64178.9921875,2769.3896484375,580.76220703125,0.6131100058555603,0.394006997346878,160.73175048828125,0.1126310005784034,0.1589459925889969,1.1699169874191284,0.5721449851989746,4.986936092376709,66.57865905761719,27.16584205627441,0.9999679923057556,12.347853660583496,5.8844380378723145,0.1025770008563995,3247.701171875,0.0604650005698204,1.5999999959603883e-05,363.6802368164063,3401.066891095995,55448.73042688292
2024-08-25 00:00:00+00:00,64333.54296875,2749.15771484375,574.2499389648438,0.6001840233802795,0.3849790096282959,158.90911865234375,0.1096979975700378,0.1665569990873336,1.151803970336914,0.5241919755935669,4.824508190155029,64.84695434570312,26.964920043945312,0.9999759793281556,12.108485221862791,5.884100914001465,0.1009600013494491,3246.270263671875,0.0590029992163181,1.4999999621068127e-05,356.3801574707031,3406.535071382127,55580.015400899254
2024-08-26 00:00:00+00:00,62880.66015625,2681.340576171875,548.8280029296875,0.5874699950218201,0.3669570088386535,157.23687744140625,0.1052919998764991,0.1616069972515106,1.1072770357131958,0.5029299855232239,4.562509059906006,63.17496109008789,25.95624542236328,0.9998679757118224,11.854799270629885,5.837181091308594,0.0971219986677169,3160.667236328125,0.0560429990291595,1.4999999621068127e-05,342.5382080078125,3327.9353016218492,54323.61193157048
2024-08-27 00:00:00+00:00,59504.1328125,2458.7265625,533.9758911132812,0.5675539970397949,0.3505110144615173,146.8970947265625,0.0990559980273246,0.1579589992761612,1.0614999532699585,0.4660309851169586,4.380867004394531,60.463035583496094,24.101638793945312,0.9999570250511168,11.170317649841309,5.837119102478027,0.0938849970698356,2896.234375,0.0526040010154247,1.4000000192027072e-05,324.7033996582031,3141.6415326001206,51396.487311156125
2024-08-28 00:00:00+00:00,59027.625,2528.41552734375,536.816162109375,0.5698500275611877,0.3501920104026794,143.89138793945312,0.0996270030736923,0.1582210063934326,1.043033003807068,0.4369510114192962,4.258794784545898,61.802040100097656,23.46433448791504,0.9998540282249452,11.181870460510254,5.843589782714844,0.0928720012307167,2974.583984375,0.0513279996812343,1.4000000192027072e-05,322.3939514160156,3125.908504042436,50996.17679324627
2024-08-29 00:00:00+00:00,59388.1796875,2528.792724609375,536.6256713867188,0.5620549917221069,0.3570410013198852,140.0540313720703,0.1004249975085258,0.1600040048360824,1.049023985862732,0.4250749945640564,4.250732898712158,62.483680725097656,22.90632438659668,0.9999920129776,10.937602996826172,5.840113162994385,0.0931229963898658,2972.18212890625,0.0511430017650127,1.4000000192027072e-05,322.449951171875,3142.7857402430222,51305.520205610206
2024-08-30 00:00:00+00:00,59119.4765625,2525.822021484375,535.3157958984375,0.5670310258865356,0.3471539914608001,138.09999084472656,0.1020430028438568,0.1599480062723159,1.0279849767684937,0.4210470020771026,4.2784857749938965,64.97552490234375,23.286901473999023,0.9999510049819946,11.119160652160645,5.973602771759033,0.0932710021734237,2970.922119140625,0.0513690002262592,1.4000000192027072e-05,325.1635131835937,3129.914451982843,51074.658427976115
2024-08-31 00:00:00+00:00,58969.8984375,2513.393798828125,532.89697265625,0.5663130283355713,0.3453519940376282,135.37425231933594,0.1013320013880729,0.1576659977436065,1.0578880310058594,0.4200339913368225,4.25848388671875,65.05883026123047,22.79757499694824,0.9999200105667114,11.024574279785156,6.131328105926514,0.0925590023398399,2959.7314453125,0.0499729998409748,1.4000000192027072e-05,322.2494201660156,3121.266960446163,50944.83464838342
2024-09-01 00:00:00+00:00,57325.48828125,2427.90234375,512.59521484375,0.5479900240898132,0.331739991903305,128.6905517578125,0.0953539982438087,0.1556670069694519,0.9868590235710144,0.4023169875144958,4.073627948760986,63.52634048461914,21.44817352294922,0.9998859763145448,10.372398376464844,5.852642059326172,0.090048000216484,2877.119873046875,0.047954998910427,1.2999999853491316e-05,312.7499694824219,3033.022725977653,49523.27140294844
2024-09-02 00:00:00+00:00,59112.48046875,2538.187255859375,526.438720703125,0.5675870180130005,0.3359679877758026,135.0023651123047,0.0991149991750717,0.1541530042886734,1.0139189958572388,0.4109269976615906,4.208609104156494,65.30899810791016,22.36886215209961,0.999879002571106,10.761754989624023,5.835229873657227,0.0923900008201599,2989.869873046875,0.0508119985461235,1.4000000192027072e-05,323.7297668457031,3130.3769842166444,51070.41608459351
2024-09-03 00:00:00+00:00,57431.0234375,2420.603759765625,518.6689453125,0.5573909878730774,0.3185510039329529,127.57758331298828,0.0967189967632293,0.1503549963235855,0.9725970029830932,0.3978790044784546,4.062910079956055,64.42266845703125,21.383655548095703,0.9998639822006226,10.314515113830566,5.836404800415039,0.0914710015058517,2875.209228515625,0.048870999366045,1.2999999853491316e-05,309.1968078613281,3037.711125106801,49613.330412532654
2024-09-04 00:00:00+00:00,57971.5390625,2448.97705078125,507.8204956054688,0.5581759810447693,0.323523998260498,133.60391235351562,0.0980250015854835,0.1499840021133422,0.9795460104942322,0.3808700144290924,4.109951972961426,65.4273452758789,21.89966583251953,0.999948024749756,10.335187911987305,5.758885860443115,0.0916759967803955,2888.7109375,0.0493119992315769,1.4000000192027072e-05,315.29083251953125,3065.5764001496304,50079.70878177643
2024-09-05 00:00:00+00:00,56160.48828125,2367.737548828125,502.0693664550781,0.5441960096359253,0.3250620067119598,129.32894897460938,0.0983090028166771,0.1498039960861206,0.9546210169792176,0.3685779869556427,4.016057968139648,66.08258056640625,21.36656188964844,0.9998080134391784,10.016019821166992,5.519301891326904,0.0902770012617111,2787.32666015625,0.0481779985129833,1.2999999853491316e-05,307.4684143066406,2969.761837530466,48514.35928515237
2024-09-06 00:00:00+00:00,53948.75390625,2223.87646484375,486.9027404785156,0.5213469862937927,0.3147180080413818,124.99007415771484,0.0924839973449707,0.1478600054979324,0.9202569723129272,0.3659299910068512,3.9594709873199454,63.00200653076172,21.147371292114254,1.0001709461212158,9.575072288513184,5.512986183166504,0.0881320014595985,2612.248779296875,0.0471200011670589,1.2999999853491316e-05,294.8648681640625,2847.5396082086686,46596.954370194355
2024-09-07 00:00:00+00:00,54139.6875,2274.107177734375,493.2261352539063,0.5250920057296753,0.3250730037689209,127.72156524658205,0.0952610000967979,0.1515700072050094,0.920994997024536,0.3693679869174957,4.076632976531982,62.0865592956543,21.797344207763672,1.0000139474868774,10.018677711486816,5.437473773956299,0.0886190012097358,2675.8173828125,0.0485830008983612,1.2999999853491316e-05,299.4573669433594,2862.712304947926,46767.62820069498
2024-09-08 00:00:00+00:00,54841.56640625,2297.29296875,503.0001525878906,0.5292909741401672,0.3386589884757995,129.98951721191406,0.0960799977183342,0.1531910002231598,0.9396629929542542,0.3757039904594421,4.1641058921813965,60.89545440673828,23.215967178344727,1.0000410079956057,10.335866928100586,5.398318767547607,0.0899500027298927,2706.32421875,0.0494479984045028,1.2999999853491316e-05,305.2160949707031,2899.5700529355486,47373.36131906819
2024-09-09 00:00:00+00:00,57019.53515625,2358.482177734375,518.5453491210938,0.5396379828453064,0.3434059917926788,135.02561950683594,0.1038289964199066,0.1545110046863556,0.9598990082740784,0.3825570046901703,4.285942077636719,61.41964721679688,23.859668731689453,1.000082015991211,10.545119285583496,5.427616119384766,0.0931359976530075,2768.299072265625,0.0510779991745948,1.4000000192027072e-05,322.45269775390625,3011.024105526879,49250.29735988427
2024-09-10 00:00:00+00:00,57648.7109375,2389.5810546875,517.4838256835938,0.5410779714584351,0.3434770107269287,135.63522338867188,0.1027119979262352,0.1530800014734268,0.9655410051345824,0.380046010017395,4.256246089935303,61.54644775390625,24.359909057617188,0.9999189972877502,10.597155570983888,5.684820175170898,0.094039998948574,2812.0771484375,0.0509379990398883,1.4000000192027072e-05,329.6400451660156,3044.9144599287097,49794.814416463974
2024-09-11 00:00:00+00:00,57343.171875,2339.841552734375,530.1940307617188,0.5353119969367981,0.3530539870262146,132.4973907470703,0.1013780012726783,0.1533689945936203,0.9583740234375,0.3763970136642456,4.191651821136475,62.18716812133789,23.29693603515625,1.000048041343689,10.406829833984377,5.560657978057861,0.0927729979157447,2758.01318359375,0.0500270016491413,1.2999999853491316e-05,337.615966796875,3026.2189518324426,49526.624455467034
2024-09-12 00:00:00+00:00,58127.01171875,2361.78173828125,544.3037719726562,0.5625759959220886,0.3562929928302765,136.14190673828125,0.1027989983558654,0.1519739925861358,0.9706100225448608,0.378490000963211,4.292720794677734,62.84511947631836,24.028888702392575,1.0000590085983276,10.786038398742676,5.65316915512085,0.09494099766016,2778.740478515625,0.0505440011620521,1.4000000192027072e-05,333.0194702148437,3066.29872957193,50201.98534958936
2024-09-13 00:00:00+00:00,60571.30078125,2441.607177734375,557.01806640625,0.5731490254402161,0.3609000146389007,139.1005401611328,0.1071140021085739,0.149070993065834,1.0199190378189087,0.3823429942131042,4.425520896911621,64.97948455810547,24.952272415161133,1.0002989768981934,11.458701133728027,5.7408318519592285,0.0964300036430358,2872.799560546875,0.0523849986493587,1.4000000192027072e-05,335.8511047363281,3192.046460273205,52310.34671663042
2024-09-14 00:00:00+00:00,60005.12109375,2418.595703125,553.5650634765625,0.5961989760398865,0.3544799983501434,137.17977905273438,0.1054669991135597,0.1475210040807724,1.0088369846343994,0.3784149885177612,4.439149856567383,65.97522735595703,25.330501556396484,1.0000020265579224,11.297834396362305,5.708456993103027,0.0971930027008056,2846.310791015625,0.0516620017588138,1.4000000192027072e-05,327.154296875,3162.1151279730984,51821.357588558254
2024-09-15 00:00:00+00:00,59182.8359375,2320.897216796875,553.9722900390625,0.5709750056266785,0.3385230004787445,131.4993896484375,0.1029329970479011,0.1489579975605011,0.9943410158157348,0.3833290040493011,4.40186882019043,63.336692810058594,23.837696075439453,0.9997929930686952,10.823186874389648,5.70510721206665,0.0951920002698898,2742.528564453125,0.0501389987766742,1.2999999853491316e-05,316.6377258300781,3112.3885653367815,51103.612682062616
2024-09-16 00:00:00+00:00,58192.5078125,2295.28369140625,533.80908203125,0.585407018661499,0.3303059935569763,131.47259521484375,0.0996930003166198,0.1488689929246902,1.0333679914474487,0.3768349885940552,4.198472023010254,62.58589172363281,23.51923179626465,0.999867022037506,10.554821014404297,5.6914591789245605,0.0949809998273849,2698.107177734375,0.0494539998471736,1.2999999853491316e-05,311.9154663085937,3060.636404473274,50249.25796475757
2024-09-17 00:00:00+00:00,60308.5390625,2341.707763671875,546.0135498046875,0.5845019817352295,0.3339129984378814,131.53707885742188,0.1011369973421096,0.1500580012798309,1.0529290437698364,0.3807039856910705,4.1564249992370605,63.743194580078125,23.75840187072754,0.999871015548706,10.627530097961426,5.843033790588379,0.0946040004491806,2754.806396484375,0.049865998327732,1.2999999853491316e-05,314.1930236816406,3167.079669398151,52071.688545378325
2024-09-18 00:00:00+00:00,61649.6796875,2369.72900390625,559.0445556640625,0.585250973701477,0.3429360091686249,133.99185180664062,0.1035849973559379,0.1494950056076049,1.0445400476455688,0.3858700096607208,4.169034957885742,64.7613296508789,24.63865089416504,1.0000200271606443,10.853248596191406,5.631694793701172,0.0959260016679763,2758.479248046875,0.0506130009889602,1.4000000192027072e-05,325.80963134765625,3233.835532725584,53224.8697071618
2024-09-19 00:00:00+00:00,62940.45703125,2464.752197265625,566.2235107421875,0.5873709917068481,0.3509449958801269,142.83627319335938,0.1050309985876083,0.1515350043773651,1.0608789920806885,0.3984540104866028,4.255255222320557,65.44454193115234,26.65570831298828,1.0000959634780884,11.205124855041504,5.768715858459473,0.0960199981927871,2906.322265625,0.0516549982130527,1.4000000192027072e-05,340.2292175292969,3308.47389722564,54347.32468901721
2024-09-20 00:00:00+00:00,63192.9765625,2561.072021484375,568.5850830078125,0.5851709842681885,0.3521139919757843,146.56680297851562,0.1054710000753402,0.1520940065383911,1.1482030153274536,0.4003260135650635,4.337357997894287,65.278564453125,27.599931716918945,1.0000079870224,11.426664352416992,5.699807167053223,0.0961980000138282,3006.41015625,0.0527499988675117,1.4000000192027072e-05,335.6577453613281,3329.9763355365285,54575.58001124001
2024-09-21 00:00:00+00:00,63394.83984375,2615.857177734375,589.0379638671875,0.5981410145759583,0.3585759997367859,149.52703857421875,0.1100490018725395,0.1521179974079132,1.223273992538452,0.4088729918003082,4.4660258293151855,66.94282531738281,27.84765625,1.0001109838485718,11.51356315612793,5.52069902420044,0.0980900004506111,3052.546142578125,0.0560630001127719,1.4999999621068127e-05,345.7752380371094,3346.0894992428753,54755.00832190542
2024-09-22 00:00:00+00:00,63648.7109375,2582.862548828125,588.0869140625,0.5876209735870361,0.3517720103263855,144.80364990234375,0.1063390001654625,0.1518629938364029,1.157968044281006,0.4002630114555359,4.314034938812256,68.59842681884766,27.337196350097656,1.0000840425491333,11.132943153381348,5.758433818817139,0.096049003303051,3043.7666015625,0.0538449995219707,1.4999999621068127e-05,342.9818725585937,3355.8218751701447,54970.45590620686
2024-09-23 00:00:00+00:00,63329.80078125,2648.54638671875,604.3660278320312,0.5850650072097778,0.3637309968471527,144.8149871826172,0.1081560030579567,0.1523630023002624,1.2000219821929932,0.4059230089187622,4.455470085144043,67.02490234375,27.407100677490234,0.9999619722366332,11.398932456970217,5.61485481262207,0.0963329970836639,3123.583740234375,0.0579719990491867,1.4000000192027072e-05,342.42919921875,3348.257710656257,54705.38652464178
2024-09-24 00:00:00+00:00,64301.96875,2654.35498046875,606.5230712890625,0.591543972492218,0.3877330124378204,152.89215087890625,0.109774999320507,0.1512659937143325,1.196208953857422,0.4088349938392639,4.640799045562744,66.72038269042969,28.48176002502441,1.000020980834961,12.162094116210938,5.59578800201416,0.0968329980969429,3126.158447265625,0.0578220002353191,1.4999999621068127e-05,348.152099609375,3395.7928750617043,55540.406718073784
2024-09-25 00:00:00+00:00,63143.14453125,2579.388671875,587.3525390625,0.5835409760475159,0.3810830116271972,148.02342224121094,0.1085039973258972,0.1500429958105087,1.2948600053787231,0.4098890125751495,4.635497093200684,66.58809661865234,27.290143966674805,1.000022053718567,12.111525535583496,5.84434986114502,0.0959699973464012,3037.19873046875,0.0584609992802143,1.4999999621068127e-05,343.22100830078125,3331.3752811582194,54535.919181414785
2024-09-26 00:00:00+00:00,65181.01953125,2632.199951171875,596.7769165039062,0.5904210209846497,0.401881992816925,155.5760955810547,0.1181759983301162,0.1532009989023208,1.2965879440307615,0.4249730110168457,4.8162841796875,68.518310546875,29.15449905395508,1.000095009803772,12.551836967468262,5.823902130126953,0.0979970023036003,3105.31640625,0.0617480017244815,1.8999999156221747e-05,351.9991455078125,3435.614189482032,56292.38422357914
2024-09-27 00:00:00+00:00,65790.6640625,2695.900634765625,607.8670043945312,0.5889269709587097,0.4023280143737793,157.74993896484375,0.1237139999866485,0.1551699936389923,1.2974179983139038,0.4337739944458008,4.892055034637451,71.18820190429688,30.44928932189941,0.9999570250511168,12.680974960327148,5.834712982177734,0.0994589999318122,3181.9189453125,0.0618799999356269,1.9999999494757503e-05,359.0396728515625,3472.4927685709067,56824.07139215611
2024-09-28 00:00:00+00:00,65887.6484375,2677.5390625,601.5671997070312,0.6148009896278381,0.4010519981384277,156.9124298095703,0.1286710053682327,0.1550679951906204,1.2577320337295532,0.4235590100288391,4.805895805358887,70.00396728515625,29.33069229125977,0.9998319745063782,12.943387985229492,5.839052200317383,0.0995580032467842,3155.396484375,0.0612520016729831,1.9999999494757503e-05,353.09991455078125,3474.2489556676774,56904.56249173033
2024-09-29 00:00:00+00:00,65635.3046875,2659.346923828125,596.4111938476562,0.6419469714164734,0.3975969851016998,158.62916564941406,0.1246739998459816,0.1564739942550659,1.2478070259094238,0.4214189946651459,4.768427848815918,69.31442260742188,29.069881439208984,0.999879002571106,12.48232364654541,5.836153030395508,0.1017049998044967,3135.82763671875,0.0614220015704631,1.8999999156221747e-05,352.8612365722656,3460.1907140792255,56685.71412982189
2024-09-30 00:00:00+00:00,63329.5,2603.062744140625,567.2600708007812,0.6114919781684875,0.3732140064239502,152.61846923828125,0.1144279986619949,0.1559150069952011,1.164404034614563,0.395916998386383,4.43708610534668,66.82044982910156,27.738948822021484,0.9997810125350952,11.85057258605957,5.981381893157959,0.0985239967703819,3071.45361328125,0.0574549995362758,1.8000000636675395e-05,337.37799072265625,3342.0034512119705,54699.10204975654
2024-10-01 00:00:00+00:00,60837.0078125,2448.921142578125,547.9971313476562,0.5975300073623657,0.3524410128593445,145.28988647460938,0.1070429980754852,0.1536139994859695,1.114766001701355,0.3764120042324066,4.1590070724487305,63.4249382019043,25.86651611328125,1.000102996826172,11.025396347045898,5.95225715637207,0.0937969982624054,2894.6337890625,0.0528759993612766,1.5999999959603883e-05,318.2869873046875,3205.0673077227048,52539.91881059911
2024-10-02 00:00:00+00:00,60632.78515625,2365.231689453125,542.7123413085938,0.5398309826850891,0.3440049886703491,140.38555908203125,0.1047590002417564,0.1544570028781891,1.0829269886016846,0.3751029968261719,4.1038079261779785,62.95425796508789,25.381216049194336,0.9999989867210388,10.662163734436035,5.804725170135498,0.0906749963760376,2797.4111328125,0.0516699999570846,1.5999999959603883e-05,316.298095703125,3186.070170828446,52353.9244686674
2024-10-03 00:00:00+00:00,60759.40234375,2349.791259765625,544.4249877929688,0.5219529867172241,0.345236986875534,136.78518676757812,0.1050990000367164,0.1576170027256012,1.0776740312576294,0.3764230012893677,4.1271071434021,63.45410919189453,24.65347671508789,0.9998840093612672,10.650412559509276,5.900186061859131,0.0902950018644332,2771.68115234375,0.0516620017588138,1.5999999959603883e-05,320.2301940917969,3190.229822676446,52460.21596335203
2024-10-04 00:00:00+00:00,62067.4765625,2414.7939453125,555.3842163085938,0.5343409776687622,0.3513979911804199,143.17227172851562,0.109264001250267,0.1565109938383102,1.1084940433502195,0.3837380111217499,4.19361686706543,64.94314575195312,26.24127960205078,0.9998729825019836,11.06858253479004,5.908927917480469,0.0918150022625923,2853.161865234375,0.0547389984130859,1.700000029813964e-05,324.7106018066406,3260.7069145507403,53591.735903946916
2024-10-05 00:00:00+00:00,62089.94921875,2415.6318359375,563.2091674804688,0.5294960141181946,0.3507199883460998,142.7117462158203,0.1094869971275329,0.1536020040512085,1.11591899394989,0.3792870044708252,4.137217044830322,66.27214813232422,25.690710067749023,0.9999030232429504,11.261728286743164,5.974545955657959,0.0920609980821609,2849.71240234375,0.0531340017914772,1.700000029813964e-05,321.6606140136719,3261.9045219168424,53610.89267113241
2024-10-06 00:00:00+00:00,62818.953125,2439.957763671875,570.542724609375,0.5335919857025146,0.357230007648468,146.44236755371094,0.1114799976348877,0.1542740017175674,1.1418980360031128,0.3824599981307983,4.188560962677002,67.06830596923828,26.928571701049805,0.9997829794883728,11.276307106018066,5.997775077819824,0.0924549996852874,2878.40625,0.0541630014777183,1.8000000636675395e-05,324.4873352050781,3299.9084018983017,54239.82753266764
2024-10-07 00:00:00+00:00,62236.66015625,2421.796630859375,564.1497192382812,0.5299339890480042,0.3514670133590698,143.99179077148438,0.108654998242855,0.1558530032634735,1.141903042793274,0.3755989968776703,4.135059833526611,64.7729721069336,26.556774139404297,0.9998310208320618,11.160425186157228,5.911097049713135,0.0912370011210441,2871.1943359375,0.0524910017848014,1.700000029813964e-05,324.4577331542969,3270.409222933047,53738.49667689417
2024-10-08 00:00:00+00:00,62131.96875,2439.8408203125,580.4038696289062,0.5308679938316345,0.3445169925689697,143.39442443847656,0.1070439964532852,0.1598660051822662,1.139081954956055,0.3769190013408661,4.09792423248291,65.64762878417969,26.33306884765625,0.9998440146446228,10.825778007507324,5.99985408782959,0.0899059996008873,2884.559326171875,0.0522969998419284,1.700000029813964e-05,328.7540283203125,3267.8869444185784,53650.62924493959
2024-10-09 00:00:00+00:00,60582.1015625,2368.283447265625,570.2771606445312,0.5243319869041443,0.3397020101547241,139.31553649902344,0.1079389974474906,0.1604530066251754,1.113948941230774,0.3703339993953705,4.0237321853637695,64.54893493652344,25.766281127929688,0.9996179938316344,10.529767990112305,6.048295974731445,0.0897879973053932,2826.220947265625,0.0502110011875629,1.700000029813964e-05,320.572509765625,3186.7354532899603,52312.56424661672
2024-10-10 00:00:00+00:00,60274.5,2383.85791015625,562.7257690429688,0.529977023601532,0.3388899862766266,138.88841247558594,0.1059800013899803,0.1587280035018921,1.0927120447158811,0.3708620071411133,4.066133975982666,64.24361419677734,25.854782104492188,0.9998499751091005,10.538860321044922,6.059959888458252,0.0900169983506202,2805.14453125,0.0503010004758834,1.700000029813964e-05,322.5751647949219,3171.532974868907,52048.130017286814
2024-10-11 00:00:00+00:00,62445.08984375,2436.513427734375,572.8572387695312,0.5382969975471497,0.351184993982315,145.3811492919922,0.1107330024242401,0.159740000963211,1.1375939846038818,0.3743219971656799,4.167765140533447,65.5048828125,27.41640853881836,0.9998660087585448,10.898591995239258,6.077320098876953,0.0916239991784095,2887.984375,0.0513579994440078,1.8000000636675395e-05,326.8042297363281,3282.50047475487,53919.33981729572
2024-10-12 00:00:00+00:00,63193.0234375,2476.523193359375,576.4497680664062,0.5395600199699402,0.3532150089740753,146.5002899169922,0.1114159971475601,0.1625089943408966,1.1509360074996948,0.3731850087642669,4.207736015319824,66.21168518066406,28.627531051635746,0.999886989593506,11.0164155960083,6.066967964172363,0.0918240025639534,2926.6435546875,0.0515290014445781,1.8000000636675395e-05,329.4590759277344,3322.3125587760055,54565.984688527176
2024-10-13 00:00:00+00:00,62851.375,2467.677001953125,571.8217163085938,0.5315399765968323,0.348033994436264,147.5724334716797,0.1113360002636909,0.1626150012016296,1.121356964111328,0.3687410056591034,4.157303810119629,64.75692749023438,29.171485900878903,0.999796986579895,10.731656074523926,6.102056980133057,0.090328000485897,2912.353759765625,0.0511300005018711,1.8000000636675395e-05,321.1786499023437,3304.318232742243,54271.25784013813
2024-10-14 00:00:00+00:00,66046.125,2628.89990234375,588.9004516601562,0.5480210185050964,0.3638890087604522,157.44512939453125,0.1166540011763572,0.1604370027780532,1.1490399837493896,0.3767549991607666,4.373050212860107,66.8058853149414,29.062816619873047,0.999879002571106,11.26422119140625,6.145411968231201,0.0932670012116432,3104.609130859375,0.0534159988164901,1.8999999156221747e-05,368.0122985839844,3476.928794055516,57034.79939303613
2024-10-15 00:00:00+00:00,67041.109375,2606.02197265625,594.189208984375,0.5414519906044006,0.3585270047187805,154.7206268310547,0.11752700060606,0.158731997013092,1.1374750137329102,0.3721579909324646,4.403149127960205,70.87361145019531,28.191293716430664,0.9999960064888,11.436711311340332,6.117345809936523,0.0929149985313415,3061.166748046875,0.0560909993946552,1.8000000636675395e-05,354.6675720214844,3520.7967859979967,57884.81536194772
2024-10-16 00:00:00+00:00,67612.71875,2611.10205078125,600.8178100585938,0.5480449795722961,0.352524995803833,154.23422241210938,0.1257729977369308,0.1599919945001602,1.1660369634628296,0.3732419908046722,4.316714763641357,70.07020568847656,28.04302024841309,0.999805986881256,11.238662719726562,6.096365928649902,0.0954610034823417,3088.05908203125,0.0535239987075328,1.8999999156221747e-05,365.4289245605469,3550.285725385886,58377.4999250337
2024-10-17 00:00:00+00:00,67399.8359375,2604.2734375,592.0396118164062,0.5436580181121826,0.3430320024490356,150.31602478027344,0.1296579986810684,0.159303992986679,1.1311180591583252,0.364672988653183,4.188973903656006,72.74100494384766,27.261091232299805,0.9998660087585448,11.021685600280762,6.100965023040772,0.0950070023536682,3076.52978515625,0.0511239990592002,1.8000000636675395e-05,369.3623352050781,3538.928014796731,58193.66633224338
2024-10-18 00:00:00+00:00,68418.7890625,2641.55224609375,599.364990234375,0.5465409755706787,0.3507100045681,154.97593688964844,0.1372130066156387,0.1584829986095428,1.1518160104751587,0.3685530126094818,4.306358814239502,73.12972259521484,28.100568771362305,0.9998109936714172,11.477060317993164,6.049015045166016,0.0966499969363212,3119.982421875,0.0517630018293857,1.8999999156221747e-05,367.1418151855469,3591.844321777294,59073.053487268335
2024-10-19 00:00:00+00:00,68362.734375,2648.656982421875,597.9749145507812,0.5442569851875305,0.3516609966754913,159.6393585205078,0.1445270031690597,0.1569000035524368,1.1707940101623535,0.3715929985046386,4.43390417098999,74.8765640258789,28.108549118041992,0.9997860193252563,11.42170238494873,6.088173866271973,0.097070001065731,3128.659912109375,0.0534680001437664,1.8999999156221747e-05,363.72308349609375,3590.0098854610737,59025.84161421977
2024-10-20 00:00:00+00:00,69001.703125,2746.364013671875,605.517822265625,0.547652006149292,0.3648410141468048,166.9398193359375,0.142083004117012,0.1567260026931762,1.1919620037078855,0.3842250108718872,4.571722984313965,74.31231689453125,28.93516731262207,0.9997259974479676,11.96278953552246,6.078404903411865,0.0971949994564056,3226.474853515625,0.0558909997344017,1.8999999156221747e-05,369.35589599609375,3630.7693453073275,59585.884525766334
2024-10-21 00:00:00+00:00,67367.8515625,2665.712158203125,598.8175659179688,0.5448629856109619,0.3609560132026672,166.2168731689453,0.1436900049448013,0.1582950055599212,1.1470049619674685,0.3718819916248321,4.377028942108154,70.72498321533203,27.74962615966797,0.9997529983520508,11.70938205718994,6.099452972412109,0.0954509973526001,3155.775146484375,0.052896998822689,1.8000000636675395e-05,363.7775573730469,3544.8898165215055,58174.51960957868
2024-10-22 00:00:00+00:00,67361.40625,2620.197509765625,593.3606567382812,0.5333790183067322,0.3638199865818023,167.26014709472656,0.1395079940557479,0.160083994269371,1.142542004585266,0.3659189939498901,4.321435928344727,69.92845916748047,27.603822708129883,0.9997159838676452,11.966221809387209,5.991445064544678,0.0951329991221427,3100.771240234375,0.052531998604536,1.8000000636675395e-05,357.16131591796875,3539.229578828677,58162.97392407332
2024-10-23 00:00:00+00:00,66432.1953125,2509.098876953125,582.473388671875,0.525210976600647,0.3486140072345733,170.9324951171875,0.138496994972229,0.1602610051631927,1.111477971076965,0.3544900119304657,4.194595813751221,70.15641784667969,26.662872314453125,0.9999499917030334,11.24693775177002,6.078718185424805,0.0943609997630119,2963.72509765625,0.0512190014123916,1.8000000636675395e-05,347.0507202148437,3482.2666443802486,57350.641664414215
2024-10-24 00:00:00+00:00,68161.0546875,2534.49853515625,594.15478515625,0.5317609906196594,0.3463099896907806,177.1569366455078,0.14198699593544,0.1645780056715011,1.1117860078811646,0.3561190068721771,4.2046799659729,71.08497619628906,26.83341217041016,0.9999290108680724,11.59044075012207,6.084971904754639,0.0966520011425018,2995.423583984375,0.0511410012841224,1.8000000636675395e-05,367.38958740234375,3569.203660849631,58838.23213005384
2024-10-25 00:00:00+00:00,66642.4140625,2435.93408203125,574.2536010742188,0.5019189715385437,0.3244119882583618,164.75689697265625,0.1310130059719085,0.162214994430542,1.0470590591430664,0.3215329945087433,3.98755407333374,68.6461181640625,24.89298820495605,0.9996730089187622,11.09341812133789,5.998841762542725,0.0933530032634735,2881.5400390625,0.0476340018212795,1.700000029813964e-05,348.0643615722656,3484.0576567412845,57521.88266286586
2024-10-26 00:00:00+00:00,67014.6953125,2479.603271484375,582.8060913085938,0.5127609968185425,0.3333500027656555,170.70596313476562,0.1373569965362548,0.1649429947137832,1.0585709810256958,0.3288230001926422,4.029809951782227,68.39888000488281,25.386613845825195,0.9997050166130066,11.00280475616455,6.062625885009766,0.0941469967365264,2935.482177734375,0.0481479987502098,1.700000029813964e-05,347.7802429199219,3507.1253150242783,57847.23600498279
2024-10-27 00:00:00+00:00,67929.296875,2505.940673828125,588.7158203125,0.516381025314331,0.3398720026016235,176.5491943359375,0.1443119943141937,0.1638710051774978,1.0595730543136597,0.3304130136966705,4.124960899353027,71.07989501953125,25.73275184631348,0.9997929930686952,10.980671882629396,6.056419849395752,0.0941800028085708,2959.03662109375,0.048845998942852,1.700000029813964e-05,352.1592712402344,3553.9700196856193,58635.296155009855
2024-10-28 00:00:00+00:00,69907.7578125,2565.34814453125,600.5960693359375,0.5192270278930664,0.3437960147857666,178.1049041748047,0.1611499935388565,0.1639969944953918,1.0586060285568235,0.3254449963569641,4.130046844482422,70.71797180175781,26.25590133666992,0.9998769760131836,11.178171157836914,6.042572021484375,0.0942410007119178,3016.104248046875,0.0487859994173049,1.8000000636675395e-05,365.2552185058594,3655.0098192042256,60340.51425406149
2024-10-29 00:00:00+00:00,72720.4921875,2637.95751953125,605.6682739257812,0.5279160141944885,0.3556509912014007,179.36074829101562,0.1758390069007873,0.1662310063838958,1.1079310178756714,0.334551990032196,4.189741134643555,73.9776611328125,26.848377227783203,0.9999420046806335,11.78810214996338,6.0644850730896,0.0966349989175796,3115.633544921875,0.0496219992637634,1.8999999156221747e-05,385.384521484375,3798.62759525724,62765.1533022245
2024-10-30 00:00:00+00:00,72339.5390625,2657.37255859375,595.7278442382812,0.5229740142822266,0.3552640080451965,174.9249725341797,0.1681459993124008,0.1692589968442917,1.1112159490585327,0.3326680064201355,4.191606044769287,71.84062194824219,26.1982421875,0.9998160004615784,12.394707679748535,6.055074214935303,0.0948759987950325,3147.4443359375,0.0486520007252693,1.8000000636675395e-05,369.8304138183594,3781.396301365296,62440.95383924606
2024-10-31 00:00:00+00:00,70215.1875,2515.79931640625,576.0344848632812,0.5092369914054871,0.3418450057506561,168.42999267578125,0.1613720059394836,0.1681700050830841,1.0627330541610718,0.3206570148468017,3.956449031829834,69.20464324951172,25.01712417602539,0.999761998653412,11.422245979309082,6.052203178405762,0.0924490019679069,2983.6767578125,0.0462849996984005,1.8000000636675395e-05,358.219970703125,3663.652534102549,60599.33568178925
2024-11-01 00:00:00+00:00,69482.46875,2511.885498046875,572.7622680664062,0.5128679871559143,0.3570899963378906,166.2621307373047,0.1591850072145462,0.1673129945993423,1.0316309928894043,0.3180710077285766,3.906809091567993,70.20695495605469,24.79058074951172,0.9997490048408508,11.265908241271973,6.046088218688965,0.0930880010128021,2972.090576171875,0.0455899983644485,1.8000000636675395e-05,349.5990295410156,3627.3794855624155,59969.39051755324
2024-11-02 00:00:00+00:00,69289.2734375,2491.068603515625,568.0368041992188,0.509850025177002,0.3477709889411926,166.01034545898438,0.1593160033226013,0.166032001376152,1.030181050300598,0.3135580122470855,3.901505947113037,69.12836456298828,24.08813095092773,0.9999489784240724,11.174641609191896,6.053002834320068,0.0926370024681091,2946.673583984375,0.0448429994285106,1.700000029813964e-05,353.3771667480469,3615.830940065356,59800.845385192784
2024-11-03 00:00:00+00:00,68741.1171875,2456.42529296875,557.6416015625,0.5029309988021851,0.3342849910259247,162.55130004882812,0.1514540016651153,0.1651629954576492,1.0084470510482788,0.3008190095424652,3.788589000701904,66.91110229492188,23.538249969482425,0.9999889731407166,10.764084815979004,6.057271957397461,0.0906649976968765,2913.95458984375,0.0428519994020462,1.700000029813964e-05,340.2908935546875,3585.077942168323,59326.180624700995
2024-11-04 00:00:00+00:00,67811.5078125,2397.0263671875,552.0711059570312,0.5032259821891785,0.3260189890861511,157.74710083007812,0.1583459973335266,0.1628410071134567,0.9788910150527954,0.2915799915790558,3.7471671104431152,65.49251556396484,22.70597267150879,0.9999709725379944,10.2481689453125,6.053157806396484,0.0911109969019889,2840.152099609375,0.0424840003252029,1.700000029813964e-05,329.0894470214844,3533.304542912153,58520.267742824086
2024-11-05 00:00:00+00:00,69359.5625,2422.650634765625,563.612060546875,0.5140290260314941,0.3339239954948425,166.72239685058594,0.1701799929141998,0.160081997513771,1.0058629512786863,0.3038789927959442,3.857814073562622,65.44047546386719,23.99547576904297,0.9999799728393556,10.842791557312012,6.055136203765869,0.093469999730587,2871.923828125,0.0460850000381469,1.8000000636675395e-05,343.36505126953125,3611.507413073991,59852.63031629536
2024-11-06 00:00:00+00:00,75639.078125,2724.169189453125,591.9952392578125,0.5424270033836365,0.3633230030536651,186.9547882080078,0.1966580003499984,0.1624750047922134,1.0590900182724,0.3339000046253204,4.11768913269043,71.02344512939453,27.033344268798828,0.9998250007629396,12.16852569580078,6.079405784606934,0.097120001912117,3210.84423828125,0.0490310005843639,1.8999999156221747e-05,378.5013732910156,3945.5128205495353,65280.7692855613
2024-11-07 00:00:00+00:00,75904.859375,2895.58544921875,598.4359130859375,0.5547320246696472,0.4050129950046539,196.3345947265625,0.1931589990854263,0.160298004746437,1.1510289907455444,0.3442499935626983,4.163136959075928,71.49371337890625,27.38312149047852,0.99965500831604,12.606694221496582,6.097175121307373,0.1020520031452179,3404.36669921875,0.0492589995265007,1.8999999156221747e-05,377.6909484863281,3976.332204139352,65530.401825858455
2024-11-08 00:00:00+00:00,76545.4765625,2962.296630859375,597.9484252929688,0.554078996181488,0.4438149929046631,199.9390106201172,0.2021320015192031,0.1610610038042068,1.376062035560608,0.3926180005073547,4.3314127922058105,72.8046875,28.77614021301269,0.9997050166130066,13.718581199645996,6.079166889190674,0.1012950018048286,3499.197998046875,0.0522430017590522,1.8999999156221747e-05,377.42822265625,4014.870469886681,66089.7895469554
2024-11-09 00:00:00+00:00,76778.8671875,3131.14453125,624.3746948242188,0.559486985206604,0.4936800003051758,200.1949157714844,0.218760997056961,0.1621309965848922,1.2637710571289062,0.3857159912586212,4.632638931274414,74.06351470947266,30.41794776916504,0.9998080134391784,13.762722969055176,6.125542163848877,0.1021850034594535,3686.1318359375,0.0527929998934268,1.9999999494757503e-05,406.3508911132813,4045.7287988087446,66311.48847419926
2024-11-10 00:00:00+00:00,80474.1875,3191.331298828125,628.302490234375,0.589381992816925,0.5903090238571167,210.6137237548828,0.2790949940681457,0.1640750020742416,1.2378569841384888,0.4069539904594421,5.252132892608643,76.52312469482422,31.9826717376709,0.999858021736145,14.289252281188965,6.151526927947998,0.1084719970822334,3775.901123046875,0.0549539998173713,2.5999999706982635e-05,442.1380310058594,4231.481136067162,69492.54679835157
2024-11-11 00:00:00+00:00,88701.484375,3374.81298828125,661.88720703125,0.6204670071601868,0.6138079762458801,222.6416778564453,0.3495210111141205,0.1678420007228851,1.2801480293273926,0.4251820147037506,5.710699081420898,80.11939239501953,35.75919723510742,0.999779999256134,14.895793914794922,7.572112083435059,0.1144540011882782,3966.592529296875,0.0584199987351894,2.8000000384054147e-05,473.3267211914063,4645.211063971688,76576.83383744516
2024-11-12 00:00:00+00:00,87955.8125,3246.25732421875,627.0038452148438,0.7076990008354187,0.5739179849624634,212.2318115234375,0.3822210133075714,0.1880789995193481,2.2265539169311523,0.4009050130844116,5.334292888641357,76.93087005615234,34.04673385620117,0.9997349977493286,14.004612922668455,7.410615921020508,0.1349540054798126,3861.757080078125,0.0647279992699623,2.700000004551839e-05,434.3050231933594,4594.322549038302,75922.47997802192
2024-11-13 00:00:00+00:00,90584.1640625,3192.595947265625,621.0003051757812,0.6902880072593689,0.5787749886512756,215.1845550537109,0.399522989988327,0.1771100014448166,1.784180998802185,0.375584989786148,5.0765581130981445,75.44751739501953,33.13338851928711,0.999871015548706,13.475764274597168,7.63462495803833,0.1243249997496604,3766.29638671875,0.0594879984855651,2.5999999706982635e-05,439.2732849121094,4712.308169851225,78169.67406459691
2024-11-14 00:00:00+00:00,87250.4296875,3058.94873046875,621.6801147460938,0.7730069756507874,0.5801159739494324,209.2190704345703,0.3616459965705871,0.1764210015535354,1.5040240287780762,0.3581439852714538,4.768950939178467,82.06620025634766,31.160669326782227,0.9997739791870116,12.971002578735352,7.339494228363037,0.1308600008487701,3635.195068359375,0.0637760013341903,2.300000051036477e-05,414.5817565917969,4539.681358874911,75292.46446598507
2024-11-15 00:00:00+00:00,91066.0078125,3103.04052734375,618.866455078125,0.8920909762382507,0.6740599870681763,218.09490966796875,0.3791890144348144,0.1893669962882995,2.104399919509888,0.3711040019989013,5.140809059143066,83.69956970214844,33.146217346191406,0.9998189806938172,13.84998893737793,7.710268020629883,0.146256998181343,3670.0048828125,0.0727880001068115,2.499999936844688e-05,433.191162109375,4726.599128688178,78572.29885727652
2024-11-16 00:00:00+00:00,90558.4765625,3133.27392578125,622.3731689453125,1.119089961051941,0.7387340068817139,215.8488311767578,0.3637480139732361,0.2000630050897598,2.1771399974823,0.4256399869918823,5.7608561515808105,95.32144927978516,35.11469268798828,0.9998300075531006,14.526206016540527,7.645566940307617,0.218640998005867,3713.60693359375,0.0906409993767738,2.499999936844688e-05,462.042236328125,4708.1106657798955,78141.35671831672
2024-11-17 00:00:00+00:00,89845.8515625,3075.66162109375,618.4000854492188,1.0543349981307983,0.7023249864578247,237.57553100585935,0.3665600121021271,0.1994879990816116,2.004610061645508,0.3986740112304687,5.41603422164917,87.05650329589844,34.73808670043945,0.9999549984931946,13.778284072875977,7.6557841300964355,0.1964160054922104,3641.56005859375,0.0902900025248527,2.499999936844688e-05,432.03131103515625,4666.939882865421,77521.76937033057
2024-11-18 00:00:00+00:00,90542.640625,3207.8564453125,619.4354858398438,1.1179360151290894,0.7345799803733826,239.79425048828125,0.3717409968376159,0.2021770030260086,2.0879340171813965,0.4543280005455017,6.00641393661499,89.17768859863281,35.448455810546875,0.999921977519989,15.22088623046875,7.821375846862793,0.2326509952545166,3773.46337890625,0.1447460055351257,2.499999936844688e-05,451.98638916015625,4714.057020720074,78135.55394115769
2024-11-19 00:00:00+00:00,92343.7890625,3111.384033203125,615.9874267578125,1.1019469499588013,0.7396420240402222,238.09754943847656,0.3913559913635254,0.1998700052499771,1.9892990589141848,0.4329710006713867,5.805377006530762,86.82052612304688,34.27410888671875,0.9999560117721558,14.646309852600098,7.9627580642700195,0.2320089936256408,3686.515380859375,0.1330790072679519,2.499999936844688e-05,447.0617980957031,4790.4078326109775,79670.70269179958
2024-11-20 00:00:00+00:00,94339.4921875,3072.18798828125,606.1174926757812,1.102301001548767,0.8003450036048889,235.4236602783203,0.377496987581253,0.1948969960212707,1.9204109907150269,0.4311769902706146,5.716891765594482,83.3709487915039,33.58571243286133,0.9996569752693176,14.24710178375244,8.423637390136719,0.2475190013647079,3638.76171875,0.1220860034227371,2.4000000848900527e-05,440.3277893066406,4880.183382995507,81378.41010565594
2024-11-21 00:00:00+00:00,98504.7265625,3361.053955078125,622.8263549804688,1.2503520250320437,0.8204740285873413,257.0658874511719,0.3876169919967651,0.1986439973115921,1.939439058303833,0.4524750113487243,5.937807083129883,89.53834533691406,35.82438659667969,1.0000170469284058,14.908040046691896,8.644255638122559,0.2632539868354797,3988.047607421875,0.1266140043735504,2.499999936844688e-05,486.0648498535156,5113.384617292258,84991.7214376398
2024-11-22 00:00:00+00:00,98997.6640625,3331.600830078125,633.513427734375,1.469019055366516,1.010422945022583,256.5186767578125,0.4129239916801452,0.2048009932041168,1.953739047050476,0.4927429854869842,6.662622928619385,92.07102966308594,43.08974075317383,1.0000289678573608,16.531856536865234,8.52220630645752,0.3410660028457641,3935.0224609375,0.1469770073890686,2.499999936844688e-05,490.2834777832031,5134.214863713101,85410.0822049288
2024-11-23 00:00:00+00:00,97777.28125,3396.223388671875,651.197265625,1.469007968902588,1.066236972808838,255.1785125732422,0.4300119876861572,0.2121710032224655,2.120203971862793,0.5681489706039429,8.50830078125,99.39119720458984,41.48998641967773,0.9996119737625122,17.38550567626953,8.579560279846191,0.5153909921646118,4031.64013671875,0.1544570028781891,2.5999999706982635e-05,509.9440612792969,5085.9216396225565,84372.42907682086
2024-11-24 00:00:00+00:00,98013.8203125,3363.659912109375,660.3175659179688,1.4324109554290771,1.0231059789657593,252.9195251464844,0.4298819899559021,0.2088329941034317,2.060127019882202,0.5727300047874451,8.8135347366333,96.9495086669922,42.04306411743164,1.0001569986343384,17.94485855102539,8.555808067321777,0.5374209880828857,3982.3798828125,0.1471769958734512,2.5999999706982635e-05,514.7054443359375,5093.786727947018,84570.73211634952
2024-11-25 00:00:00+00:00,93102.296875,3413.5439453125,636.6397094726562,1.415423035621643,0.945689022541046,234.4466094970703,0.393339991569519,0.196053996682167,1.99968695640564,0.546459972858429,8.24442195892334,92.36376190185548,41.39607620239258,0.9997040033340454,17.387096405029297,8.232941627502441,0.4831329882144928,4065.29248046875,0.1349090039730072,2.499999936844688e-05,491.65716552734375,4862.7912146354865,80362.4090579391
2024-11-26 00:00:00+00:00,91985.3203125,3326.517333984375,613.5872802734375,1.4013229608535769,0.9612320065498352,230.9781951904297,0.3876180052757263,0.1943680047988891,2.114332914352417,0.5281640291213989,8.07812786102295,93.0448760986328,42.77906036376953,0.9998390078544616,17.338844299316406,8.133874893188477,0.439763993024826,3943.310791015625,0.139160007238388,2.4000000848900527e-05,492.5515441894531,4798.514574552301,79391.20360498037
2024-11-27 00:00:00+00:00,95962.53125,3657.249267578125,644.948486328125,1.4728120565414429,1.0133459568023682,242.30221557617188,0.4015249907970428,0.2012549936771392,2.1783509254455566,0.5804709792137146,8.464702606201172,97.2763214111328,43.91240692138672,0.999871015548706,18.696128845214844,8.585586547851562,0.4825049936771393,4334.54296875,0.1418859958648681,2.5999999706982635e-05,519.6979370117188,5025.984729499214,82847.93536955236
2024-11-28 00:00:00+00:00,95652.46875,3579.8115234375,654.3616333007812,1.5413429737091064,1.0335079431533811,237.76400756835935,0.4020180106163025,0.203355997800827,2.146858930587769,0.5633080005645752,8.621152877807617,95.66030883789062,42.84018325805664,0.999879002571106,17.960947036743164,8.497610092163086,0.4973829984664917,4247.1884765625,0.1448580026626587,2.5999999706982635e-05,511.9243774414063,5003.077690870159,82572.08977184069
2024-11-29 00:00:00+00:00,97461.5234375,3593.494384765625,654.8097534179688,1.7967309951782229,1.0768580436706543,243.54949951171875,0.4258390069007873,0.2044959962368011,2.3084828853607178,0.5837799906730652,9.03874969482422,104.0356674194336,44.924110412597656,0.9997410178184508,18.2906436920166,8.709073066711426,0.5471360087394714,4262.7744140625,0.1783670037984848,2.5999999706982635e-05,518.328369140625,5091.79045522059,84126.68290173047
2024-11-30 00:00:00+00:00,96449.0546875,3705.705322265625,654.3291625976562,1.94412100315094,1.0789419412612915,237.7437438964844,0.4219709932804107,0.2051669955253601,2.287213087081909,0.5985710024833679,8.967267990112305,102.66780853271484,44.89286804199219,0.9998689889907836,19.022661209106445,8.78447437286377,0.5241339802742004,4398.76904296875,0.169293001294136,2.700000004551839e-05,525.2651977539062,5055.401502148693,83272.29243095603
2024-12-01 00:00:00+00:00,97279.7890625,3711.1650390625,655.9324951171875,2.320223093032837,1.1552519798278809,237.06993103027344,0.4400230050086975,0.2073400020599365,2.2520670890808105,0.6028810143470764,9.30775547027588,119.86519622802734,45.09182357788086,1.0001440048217771,18.889429092407227,8.63359260559082,0.5693879723548889,4407.64013671875,0.2093510031700134,3.099999958067201e-05,532.6294555664062,5096.893838911095,83986.31366240905
2024-12-02 00:00:00+00:00,95865.3046875,3644.198486328125,647.594482421875,2.7138049602508545,1.2017760276794434,225.75619506835935,0.42467001080513,0.2203450053930282,2.158773899078369,0.6509439945220947,9.986504554748535,133.26751708984375,52.31305694580078,1.000180959701538,25.091211318969727,8.807880401611328,0.5366439819335938,4304.7021484375,0.3088630139827728,2.999999924213625e-05,538.0313110351562,5022.108072045492,82762.2136972316
2024-12-03 00:00:00+00:00,96002.1640625,3620.711669921875,737.6965942382812,2.525527000427246,1.198125958442688,234.2003173828125,0.4078820049762726,0.4259920120239258,2.1290359497070312,0.7046449780464172,9.829697608947754,131.7918701171875,50.999488830566406,1.0001380443572998,24.2171630859375,8.93362045288086,0.509332001209259,4294.11181640625,0.3157469928264618,2.9000000722589903e-05,583.9658813476562,5033.706601706401,82878.79753124439
2024-12-04 00:00:00+00:00,98768.53125,3841.3310546875,739.2527465820312,2.354444026947021,1.1873199939727783,229.11929321289065,0.4319570064544678,0.3323990106582641,2.204442024230957,0.7087010145187378,10.528636932373049,134.2473907470703,52.81734085083008,1.0001620054244995,24.10514068603516,9.561409950256348,0.4902769923210144,4552.587890625,0.2880640029907226,3.300000025774352e-05,584.1792602539062,5188.345676838353,85281.42695244274
2024-12-05 00:00:00+00:00,96593.5703125,3811.00830078125,714.3219604492188,2.295206069946289,1.184712052345276,233.9987030029297,0.4305860102176666,0.319240003824234,2.1239891052246094,0.6875699758529663,10.524624824523926,135.2897186279297,50.81978225708008,1.0000029802322388,23.40096664428711,9.401618003845217,0.4738290011882782,4534.37548828125,0.2887409925460815,3.099999958067201e-05,590.051025390625,5081.693638474016,83411.65681938428
2024-12-06 00:00:00+00:00,99920.7109375,4005.810546875,732.0062866210938,2.424736976623535,1.2311069965362549,237.0510711669922,0.435708999633789,0.3259850144386291,2.149777889251709,0.7148500084877014,10.705370903015137,136.23870849609375,52.58929061889648,1.000113010406494,25.811050415039062,9.455907821655272,0.4959959983825683,4776.9912109375,0.36735400557518,3.099999958067201e-05,619.4531860351562,5263.617582251894,86293.59870034448
2024-12-07 00:00:00+00:00,99923.3359375,4002.692626953125,750.2726440429688,2.616624116897583,1.214195966720581,238.54795837402344,0.4538869857788086,0.3193120062351227,2.1084089279174805,0.7010520100593567,10.629205703735352,133.84982299804688,51.6760368347168,1.0001319646835327,24.800466537475582,9.483275413513184,0.5052639842033386,4750.08251953125,0.3321180045604706,3.199999991920777e-05,608.5131225585938,5262.530221067357,86294.07263269939
2024-12-08 00:00:00+00:00,101236.015625,4005.70458984375,743.295654296875,2.6083478927612305,1.1962909698486328,236.67233276367188,0.4672969877719879,0.3188230097293854,2.1037399768829346,0.7041140198707581,10.412901878356934,135.17453002929688,53.933502197265625,1.000072002410889,26.144575119018555,9.193032264709473,0.4943520128726959,4736.5810546875,0.3286539912223816,3.199999991920777e-05,623.3380126953125,5325.0327396971015,87420.2444665455
2024-12-09 00:00:00+00:00,97432.71875,3718.6904296875,689.9243774414062,2.218951940536499,1.0075490474700928,217.34146118164065,0.4147189855575561,0.2633000016212463,1.843606948852539,0.5842790007591248,8.513443946838379,110.84188079833984,45.23026657104492,1.0002720355987549,22.34653663635254,9.411062240600586,0.4121170043945312,4406.2255859375,0.2813380062580108,2.700000004551839e-05,553.742919921875,5105.857755920673,84118.2945658358
2024-12-10 00:00:00+00:00,96675.4296875,3631.833740234375,676.98291015625,2.3691599369049072,1.0201610326766968,213.8246154785156,0.3945200145244598,0.2699579894542694,1.7076280117034912,0.5809609889984131,8.396628379821777,109.8656997680664,44.63996505737305,1.0000439882278442,22.216991424560547,9.488950729370115,0.4365859925746918,4317.39599609375,0.2894020080566406,2.700000004551839e-05,516.675048828125,5058.800889553016,83457.51534464995
2024-12-11 00:00:00+00:00,101173.03125,3832.822021484375,711.8114013671875,2.4000699520111084,1.0888899564743042,227.44683837890625,0.4144920110702514,0.2824819982051849,1.8184460401535036,0.6295310258865356,9.006820678710938,117.5313949584961,48.37092590332031,1.0000619888305664,24.09305953979492,9.504215240478516,0.4360780119895935,4538.37255859375,0.2996540069580078,2.9000000722589903e-05,547.3112182617188,5297.508163733253,87343.33234201821
2024-12-12 00:00:00+00:00,100043.0,3883.1015625,705.9442138671875,2.3427700996398926,1.1250159740447998,227.02671813964844,0.4065479934215545,0.2972260117530823,1.8586690425872805,0.623354971408844,9.064152717590332,119.2668685913086,53.11970138549805,0.9999849796295166,29.28685188293457,9.47066593170166,0.4253419935703277,4600.703125,0.291590005159378,2.8000000384054147e-05,539.8097534179688,5248.960197262145,86379.91242438965
2024-12-13 00:00:00+00:00,101459.2578125,3911.205322265625,726.2548217773438,2.421319007873535,1.1196019649505615,224.83729553222656,0.4090810120105743,0.2906590104103088,1.9453949928283687,0.6192290186882019,9.09039306640625,124.1807098388672,52.70176315307617,1.000048041343689,29.024141311645508,9.386070251464844,0.4376499950885772,4629.4921875,0.3147720098495483,2.9000000722589903e-05,542.1737670898438,5320.293431825693,87599.0420259374
2024-12-14 00:00:00+00:00,101372.96875,3868.4052734375,715.6956787109375,2.398705005645752,1.0605119466781616,219.84075927734372,0.3979760110378265,0.2822439968585968,1.8407310247421265,0.6011589765548706,8.551411628723145,118.18441772460938,49.83277130126953,0.9999160170555116,29.112491607666016,9.39321517944336,0.4244369864463806,4583.3603515625,0.2938779890537262,2.700000004551839e-05,534.1950073242188,5310.3733196527755,87519.57087399834
2024-12-15 00:00:00+00:00,104298.6953125,3951.941162109375,719.13427734375,2.446949958801269,1.1017080545425415,223.6576690673828,0.4062719941139221,0.2852959930896759,1.872802972793579,0.6151059865951538,9.029330253601074,121.13903045654295,50.754615783691406,0.99993097782135,29.2235107421875,9.389849662780762,0.4301280081272125,4662.15380859375,0.2955709993839264,2.8000000384054147e-05,546.8533935546875,5458.591702524429,90040.49509910683
2024-12-16 00:00:00+00:00,106029.71875,3987.48095703125,720.3263549804688,2.4886579513549805,1.0788559913635254,216.3349609375,0.4019339978694916,0.2967090010643005,1.840548038482666,0.5925419926643372,8.751370429992676,118.15115356445312,48.99325942993164,1.000120997428894,28.74418258666992,9.5598726272583,0.4192090034484863,4753.64892578125,0.282478004693985,2.700000004551839e-05,537.910888671875,5546.096274191382,91533.71100719673
2024-12-17 00:00:00+00:00,106140.6015625,3886.76611328125,716.6824951171875,2.565190076828003,1.051524996757507,222.8167266845703,0.394336998462677,0.2793039977550506,1.769361972808838,0.5648210048675537,8.476944923400879,124.76040649414062,47.83877182006836,0.9999549984931946,27.82374763488769,9.483694076538086,0.4288490116596222,4652.46484375,0.2841629981994629,2.5999999706982635e-05,529.7596435546875,5541.705356280598,91616.96727536141
2024-12-18 00:00:00+00:00,100041.5390625,3618.791259765625,687.623779296875,2.3033180236816406,0.9684200286865234,206.3817443847656,0.358038991689682,0.25797900557518,1.6223269701004028,0.5166919827461243,7.689221858978271,108.54095458984376,42.80390930175781,0.9997869729995728,24.89114761352539,9.104866981506348,0.3958359956741333,4323.53564453125,0.2718800008296966,2.4000000848900527e-05,480.6501159667969,5217.1069527982345,86346.07201479858
2024-12-19 00:00:00+00:00,97490.953125,3417.927978515625,666.5693359375,2.248891115188598,0.8855019807815552,194.28451538085935,0.3150660097599029,0.2514860033988952,1.7259219884872437,0.4768219888210296,6.965323925018311,99.68569946289062,38.91089630126953,0.9999240040779114,22.892488479614254,9.077117919921877,0.3705990016460418,4074.68701171875,0.2685649991035461,2.200000017182901e-05,440.0602722167969,5069.978883997595,84129.76943522943
2024-12-20 00:00:00+00:00,97755.9296875,3472.553466796875,678.0866088867188,2.276885986328125,0.9510110020637512,194.2081756591797,0.3177129924297333,0.2485660016536712,1.7331370115280151,0.4981879889965057,7.293115139007568,101.3620147705078,39.81724548339844,1.000035047531128,23.364501953125,9.348461151123049,0.3744319975376129,4116.6806640625,0.2706080079078674,2.200000017182901e-05,448.8754577636719,5088.3423808191465,84363.02994110629
2024-12-21 00:00:00+00:00,97224.7265625,3337.222412109375,663.2794799804688,2.238111972808838,0.9046940207481384,181.30145263671875,0.3209510147571563,0.2447749972343444,1.7349669933319092,0.4713349938392639,6.970913887023926,101.46427154541016,37.40167617797852,1.0001300573349,22.12673759460449,9.35548973083496,0.3563089966773987,3952.380615234375,0.2542429864406585,2.200000017182901e-05,456.0484619140625,5047.609695778287,83889.39339951827
2024-12-22 00:00:00+00:00,95104.9375,3277.53515625,648.7047119140625,2.199331998825073,0.8829759955406189,180.16891479492188,0.3121919929981231,0.2438870072364807,1.7352349758148191,0.4728760123252868,6.830101013183594,99.56405639648438,36.51603317260742,0.9996520280838012,22.04706573486328,9.308507919311523,0.3559390008449554,3887.769287109375,0.2651279866695404,2.099999983329326e-05,445.06976318359375,4939.329444546987,82062.39567105226
2024-12-23 00:00:00+00:00,94686.2421875,3415.785400390625,693.000732421875,2.2572619915008545,0.9242460131645204,189.75369262695312,0.3242189884185791,0.2521339952945709,1.7353500127792358,0.5003309845924377,7.3676838874816895,106.53765869140624,39.02850341796875,0.9996539950370787,24.479013442993164,9.341537475585938,0.3699249923229217,4062.711669921875,0.2914530038833618,2.200000017182901e-05,460.2939758300781,4938.199840551611,81721.94986746782
2024-12-24 00:00:00+00:00,98676.09375,3492.0498046875,696.7411499023438,2.3246240615844727,0.936460018157959,196.9890289306641,0.3369239866733551,0.2563320100307464,1.7357460260391235,0.5278229713439941,7.5558271408081055,108.32437896728516,41.21257781982422,1.000148057937622,25.439577102661133,9.48507595062256,0.4019739925861358,4144.2822265625,0.3288240134716034,2.300000051036477e-05,470.2679443359375,5136.966200930379,85155.97827739238
2024-12-25 00:00:00+00:00,99299.1953125,3493.2353515625,702.3269653320312,2.2959699630737305,0.916858971118927,197.4790802001953,0.334318995475769,0.2577449977397918,1.733718991279602,0.5142189860343933,7.492839813232422,109.57795715332033,40.24849319458008,1.000108003616333,24.43116950988769,9.53505516052246,0.3828240036964416,4134.6328125,0.3134959936141968,2.300000051036477e-05,465.3318786621094,5166.249342737811,85690.28759257687
2024-12-26 00:00:00+00:00,95795.515625,3331.225830078125,688.360107421875,2.154339075088501,0.8597850203514099,188.21810913085935,0.3122560083866119,0.2535719871520996,1.603005051612854,0.4755569994449615,6.928015232086182,102.14167785644533,37.28079605102539,0.9997640252113342,22.65229034423828,9.106023788452148,0.3542580008506775,3952.774169921875,0.2844040095806122,2.200000017182901e-05,437.1010437011719,4979.933364319229,82662.34787595276
2024-12-27 00:00:00+00:00,94164.859375,3328.9169921875,690.4293823242188,2.1416499614715576,0.8747680187225342,183.82847595214844,0.3110359907150268,0.2587920129299164,1.6577290296554563,0.4778760075569153,6.8976030349731445,100.31396484375,36.48052215576172,0.9996179938316344,21.52909469604492,9.187759399414062,0.349263995885849,3947.222900390625,0.2757839858531952,2.200000017182901e-05,440.2722473144531,4901.775469347405,81262.26810363536
2024-12-28 00:00:00+00:00,95163.9296875,3397.90234375,720.9590454101562,2.180824041366577,0.8878170251846313,195.01353454589844,0.3239189982414245,0.2578980028629303,1.6847800016403198,0.4877359867095947,7.104069232940674,100.58467864990234,37.66184616088867,0.9998599886894226,21.96608161926269,9.27316188812256,0.3556660115718841,4035.48046875,0.2939890027046203,2.200000017182901e-05,451.0380554199219,4959.44692780886,82129.402169123
2024-12-29 00:00:00+00:00,93530.2265625,3349.513427734375,693.7545166015625,2.093179941177368,0.8586400151252747,189.7442626953125,0.3143199980258941,0.257286012172699,1.6273939609527588,0.4651489853858948,6.862186908721924,98.27505493164062,35.826663970947266,0.9999920129776,20.93878555297852,9.030734062194824,0.3378979861736297,3982.7529296875,0.2789370119571686,2.099999983329326e-05,438.5054321289063,4874.412541604671,80720.87144653944
2024-12-30 00:00:00+00:00,92643.2109375,3356.392578125,704.1463012695312,2.0575709342956543,0.8600170016288757,191.02804565429688,0.3135139942169189,0.2529659867286682,1.5727909803390503,0.4601880013942718,6.696668148040772,99.30921936035156,35.90605545043945,0.9997900128364564,20.583473205566406,9.066776275634766,0.3317349851131439,3987.183837890625,0.2780539989471435,2.099999983329326e-05,443.3424377441406,4833.523475119959,79960.30474586863
2024-12-31 00:00:00+00:00,93429.203125,3332.53173828125,700.9868774414062,2.080127954483032,0.8437650203704834,189.2644805908203,0.3156810104846954,0.2542079985141754,1.5799039602279663,0.450545996427536,6.634932041168213,103.06851196289062,35.6909294128418,0.9996860027313232,20.001365661621094,9.051392555236816,0.3316589891910553,3961.750732421875,0.2684890031814575,2.099999983329326e-05,433.8179931640625,4868.053626927085,80631.94238098832
2025-01-01 00:00:00+00:00,94419.7578125,3353.504150390625,706.512939453125,2.322340965270996,0.9175919890403748,193.8737335205078,0.3243060111999511,0.2553139925003052,1.6026639938354492,0.4734350144863128,7.028347015380859,104.81208801269533,37.69343948364258,0.9997929930686952,21.67484474182129,9.075591087341309,0.4237760007381439,3983.135009765625,0.2939209938049316,2.200000017182901e-05,449.35986328125,4918.763856343141,81484.86105648662
2025-01-02 00:00:00+00:00,96886.875,3451.392578125,705.6785888671875,2.403369903564453,0.9613450169563292,207.7670440673828,0.3386099934577942,0.2650519907474518,1.624397039413452,0.4827310144901275,7.168960094451904,105.0898208618164,39.22916030883789,0.9998890161514282,22.040437698364254,9.028106689453123,0.4329060018062591,4094.789306640625,0.2917050123214721,2.300000051036477e-05,461.3688049316406,5047.534658870175,83614.9247290068
2025-01-03 00:00:00+00:00,98107.4296875,3605.009765625,713.6435546875,2.4528961181640625,1.0903760194778442,217.7473297119141,0.3792789876461029,0.2698209881782532,0.0781780034303665,0.5182110071182251,7.74745512008667,112.68724822998048,41.88275146484375,1.000177025794983,23.39835548400879,9.110179901123049,0.4484339952468872,4293.53662109375,0.3133809864521026,2.4000000848900527e-05,473.068359375,5124.372004063082,84683.52112476432
2025-01-04 00:00:00+00:00,98236.2265625,3657.706787109375,713.8411865234375,2.419595003128052,1.0714000463485718,216.6229248046875,0.3947460055351257,0.2699230015277862,0.1212759986519813,0.52326500415802,7.68438196182251,111.16759490966795,42.68106842041016,1.000301957130432,23.613359451293945,9.143072128295898,0.4507220089435577,4349.07373046875,0.3057860136032104,2.4000000848900527e-05,478.9778747558594,5135.871218193935,84800.47830127328
2025-01-05 00:00:00+00:00,98314.9609375,3634.103759765625,709.25830078125,2.3997271060943604,1.0934669971466064,213.3936309814453,0.3825629949569702,0.2626459896564483,0.1531780064105987,0.516061007976532,7.679114818572998,115.46582794189452,43.0792350769043,1.0000239610671997,23.63523292541504,9.052227973937988,0.4406900107860565,4326.82763671875,0.3012970089912414,2.4000000848900527e-05,470.9113464355469,5136.900806095354,84865.2643113812
2025-01-06 00:00:00+00:00,102078.0859375,3688.611328125,729.4000854492188,2.418807029724121,1.0941239595413208,218.7231292724609,0.3879570066928863,0.2687639892101288,0.0304509997367858,0.5234400033950806,7.76667594909668,114.01073455810548,44.097415924072266,1.0002659559249878,23.81981086730957,9.07839012145996,0.4458250105381012,4377.740234375,0.3080520033836365,2.4000000848900527e-05,482.6858825683594,5322.880825460392,88101.71539991106
2025-01-07 00:00:00+00:00,96922.703125,3381.577392578125,697.368896484375,2.2723500728607178,0.9920099973678588,202.23025512695312,0.3484370112419128,0.2527480125427246,0.1210210025310516,0.4700709879398346,7.015230178833008,102.8379898071289,39.26634216308594,1.000025987625122,21.39488410949707,9.00789737701416,0.4180470108985901,4028.8701171875,0.2895390093326568,2.200000017182901e-05,437.4750061035156,5040.757686057541,83637.40721274793
2025-01-08 00:00:00+00:00,95043.5234375,3326.329345703125,695.837158203125,2.375304937362671,0.9480310082435608,197.55905151367188,0.3422479927539825,0.2504149973392486,0.061524000018835,0.4621489942073822,6.761236190795898,101.49867248535156,37.42233276367188,0.9999570250511168,20.45516014099121,9.02252197265625,0.4257690012454986,3953.3974609375,0.2847920060157776,2.099999983329326e-05,434.2833862304688,4944.392379743028,82016.69203018268
2025-01-09 00:00:00+00:00,92484.0390625,3219.4306640625,685.1207275390625,2.275212049484253,0.9059900045394896,185.02528381347656,0.3209120035171509,0.2401320040225982,0.267208993434906,0.449209988117218,6.557372093200684,102.26554870605467,36.18815612792969,1.0001389980316162,19.645790100097656,9.01888942718506,0.3914870023727417,3829.99267578125,0.2688019871711731,2.099999983329326e-05,421.61907958984375,4809.762969703394,79806.04402183795
2025-01-10 00:00:00+00:00,94701.453125,3267.489990234375,693.6244506835938,2.343251943588257,0.9314529895782472,187.5791778564453,0.3339810073375702,0.2444750070571899,0.1498830020427703,0.4578979909420013,6.736066818237305,104.01673126220705,36.68634796142578,1.0001709461212158,20.266521453857425,9.31490421295166,0.4147660136222839,3890.027099609375,0.2818700075149536,2.200000017182901e-05,449.9591369628906,4922.538634426817,81716.0256416366
2025-01-11 00:00:00+00:00,94566.59375,3282.2177734375,696.6578369140625,2.576770067214966,0.9945240020751952,187.9955139160156,0.34095498919487,0.2409919947385788,0.1050290018320083,0.459861010313034,6.73646879196167,104.37470245361328,37.09521865844727,1.0001239776611328,20.192392349243164,9.386853218078612,0.4458929896354675,3909.216552734375,0.2913860082626343,2.200000017182901e-05,440.8851318359375,4917.514654778579,81602.20302879374
2025-01-12 00:00:00+00:00,94488.4375,3265.951171875,693.0482788085938,2.5063140392303467,0.9685549736022948,188.5603790283203,0.3359589874744415,0.2334209978580474,0.1383419930934906,0.4495779871940613,6.628734111785889,102.35240936279295,36.55796432495117,1.0000029802322388,19.83733940124512,9.20967960357666,0.4225809872150421,3880.88037109375,0.2779839932918548,2.200000017182901e-05,447.8367309570313,4911.696824643154,81532.52254708354
2025-01-13 00:00:00+00:00,94516.5234375,3135.499755859375,688.2675170898438,2.522934913635254,0.9447420239448548,182.8353576660156,0.3382990062236786,0.2227600067853927,0.2205089926719665,0.4391629993915558,6.396489143371582,98.4621810913086,35.28932571411133,1.0001460313796997,19.361106872558597,9.20301914215088,0.4195800125598907,3722.358642578125,0.2750119864940643,2.099999983329326e-05,428.0797119140625,4897.555224359238,81539.38249659026
2025-01-14 00:00:00+00:00,96534.046875,3223.6845703125,698.6196899414062,2.669132947921753,0.9949089884757996,187.49859619140625,0.3561199903488159,0.220892995595932,0.2632760107517242,0.4556530117988586,6.664538860321045,102.41368865966795,36.50234603881836,0.9999439716339112,20.31008720397949,9.280769348144531,0.4301010072231293,3838.788330078125,0.2869890034198761,2.200000017182901e-05,438.0751647949219,5004.883890302688,83283.32411148353
2025-01-15 00:00:00+00:00,100504.4921875,3450.53759765625,714.0284423828125,3.155057907104492,1.0791540145874023,205.91134643554688,0.3857100009918213,0.237963005900383,0.111465997993946,0.4863289892673492,7.164988040924072,117.21080017089844,39.852821350097656,1.0003249645233154,22.114240646362305,9.650322914123535,0.4893169999122619,4091.999755859375,0.3236599862575531,2.300000051036477e-05,461.0185546875,5220.535717262402,86719.90513519003
2025-01-16 00:00:00+00:00,99756.90625,3308.34521484375,708.2980346679688,3.245539903640747,1.0900989770889282,211.22784423828125,0.3767479956150055,0.2371460050344467,0.1840669959783554,0.4729030132293701,7.1502227783203125,124.29759216308594,40.04843521118164,1.000072002410889,23.005603790283203,9.68191146850586,0.4823090136051178,3932.618896484375,0.3634339869022369,2.200000017182901e-05,461.8852233886719,5170.9960747108535,86060.51390717752
2025-01-17 00:00:00+00:00,104462.0390625,3474.107177734375,721.75048828125,3.298635005950928,1.1351219415664673,219.62161254882807,0.4159390032291412,0.2490109950304031,0.44336599111557,0.5076119899749756,7.512493133544922,136.990234375,41.39154052734375,1.000116944313049,25.112716674804688,9.761576652526855,0.4884369969367981,4134.318359375,0.3752210140228271,2.4000000848900527e-05,489.7207336425781,5415.725689491781,90121.1086662524
2025-01-18 00:00:00+00:00,104408.0703125,3305.78955078125,709.4249877929688,3.2740190029144287,1.10207200050354,261.8697509765625,0.3960810005664825,0.2420729994773864,0.0442409999668598,0.4826079905033111,7.043352127075195,125.40595245361328,39.24570846557617,0.9998379945755004,24.112377166748047,9.506184577941896,0.4909510016441345,3922.80078125,0.3550699949264526,2.300000051036477e-05,466.1343383789063,5394.6090605931295,90052.19074960184
2025-01-19 00:00:00+00:00,101089.609375,3208.96435546875,682.2039794921875,2.954716920852661,0.991191029548645,250.58636474609372,0.3577570021152496,0.2281370013952255,0.7139019966125488,0.4438470005989074,6.232108116149902,115.33399963378906,35.575374603271484,0.9998700022697448,24.2492733001709,9.637933731079102,0.4328899979591369,3821.2783203125,0.3262380063533783,1.9999999494757503e-05,426.2817077636719,5222.733398148827,87191.57056030136
2025-01-20 00:00:00+00:00,102016.6640625,3278.035400390625,681.8033447265625,3.09983491897583,1.0086439847946167,242.25022888183597,0.3546079993247986,0.2382680028676986,0.2475010007619857,0.4426949918270111,6.374917984008789,118.42407989501952,35.95790481567383,0.9999200105667114,25.068965911865234,9.672210693359377,0.4465050101280212,3911.1708984375,0.3410910069942474,1.9999999494757503e-05,431.2214965820313,5274.467742749749,87996.68046659567
2025-01-21 00:00:00+00:00,106146.265625,3327.40625,691.8165893554688,3.1693999767303467,1.004654049873352,250.41378784179688,0.3715769946575165,0.2446649968624115,0.1375129967927932,0.4520190060138702,6.627902030944824,118.90388488769533,36.922481536865234,1.0000619888305664,26.594463348388672,9.676351547241213,0.4416550099849701,3947.255859375,0.3371599912643432,2.099999983329326e-05,446.2886962890625,5476.92050558207,91546.47880232988
2025-01-22 00:00:00+00:00,103653.0703125,3240.224609375,694.9832153320312,3.171104907989502,0.9816439747810364,257.23736572265625,0.3630560040473938,0.253396987915039,0.1091020032763481,0.4416230022907257,6.440516948699951,115.24545288085938,36.75145721435547,1.0002809762954712,25.2911434173584,9.643465042114258,0.4280290007591247,3864.740966796875,0.3251920044422149,1.9999999494757503e-05,434.7673950195313,5349.784254719585,89396.45895007663
2025-01-23 00:00:00+00:00,103960.171875,3334.714111328125,690.2037353515625,3.1198909282684326,0.9874939918518066,253.4552001953125,0.3523530066013336,0.2528719902038574,0.2578099966049194,0.4423219859600067,6.354040145874023,116.507568359375,35.59188461303711,0.9999330043792723,25.655147552490234,9.719371795654297,0.4318400025367737,3925.10302734375,0.3271889984607696,1.9999999494757503e-05,437.4604187011719,5371.528957347201,89669.07583220369
2025-01-24 00:00:00+00:00,104819.484375,3309.554931640625,680.2131958007812,3.103482961654663,0.9714940190315248,253.36122131347656,0.350739985704422,0.254285991191864,0.0480839982628822,0.4318859875202179,6.315302848815918,118.69554138183594,35.33805084228516,0.9999110102653505,25.189668655395508,9.703289985656738,0.4309230148792267,3948.4248046875,0.327221006155014,1.9999999494757503e-05,431.7235412597656,5411.66295101861,90406.49124020104
2025-01-25 00:00:00+00:00,104714.6484375,3317.26953125,686.2684936523438,3.109705924987793,0.9772719740867616,256.0735778808594,0.3537760078907013,0.2534300088882446,0.2962839901447296,0.4355100095272064,6.322443008422852,123.98307037353516,36.62107849121094,1.0002089738845823,24.92470932006836,9.778135299682615,0.4170480072498321,3961.420166015625,0.3319970071315765,1.9999999494757503e-05,445.2803649902344,5409.036440937418,90317.92765491582
2025-01-26 00:00:00+00:00,102682.5,3236.13427734375,666.7637939453125,3.0262279510498047,0.954855978488922,240.88345336914065,0.336326003074646,0.2463330030441284,0.0847370028495788,0.4343279898166656,6.184237957000732,117.20661163330078,35.85732650756836,1.000035047531128,24.91171264648437,9.754515647888184,0.4067789912223816,3894.42578125,0.3234089910984039,1.8999999156221747e-05,425.595947265625,5302.239557501154,88564.61581622508
2025-01-27 00:00:00+00:00,102087.6875,3178.92041015625,679.7933349609375,3.053184986114502,0.9329429864883424,235.07444763183597,0.3338220119476318,0.2463259994983673,0.1711470037698745,0.4147250056266784,5.943115234375,114.8987045288086,34.19962310791016,1.0002470016479492,24.14933967590332,9.662742614746094,0.4070770144462585,3770.72607421875,0.3143489956855774,1.8999999156221747e-05,426.9776611328125,5265.47175206036,88043.44256612845
2025-01-28 00:00:00+00:00,101332.4765625,3077.112548828125,661.424560546875,3.06112003326416,0.9161149859428406,227.20396423339844,0.3190740048885345,0.2399190068244934,0.0371709987521171,0.3898069858551025,5.655594825744629,110.22003173828124,32.12329864501953,0.9999020099639891,22.615997314453125,9.718184471130373,0.3936820030212402,3656.217041015625,0.2991810142993927,1.8000000636675395e-05,410.5862121582031,5216.762380253318,87382.18844051493
2025-01-29 00:00:00+00:00,103703.2109375,3112.9990234375,667.6857299804688,3.068294048309326,0.9411270022392272,227.94493103027344,0.3238640129566192,0.2401510030031204,0.0935249999165535,0.3954870104789734,5.763529777526856,115.69033813476562,32.775238037109375,1.0000640153884888,23.62223243713379,9.772143363952637,0.3927319943904876,3722.996337890625,0.3088540136814117,1.8000000636675395e-05,414.92584228515625,5335.435733332137,89423.23458548477
2025-01-30 00:00:00+00:00,104735.3046875,3247.780029296875,677.5535888671875,3.1310689449310303,0.9610139727592468,239.0231475830078,0.331508994102478,0.2522459924221039,0.1042110025882721,0.412674993276596,6.126862049102783,129.91165161132812,34.310176849365234,1.0000569820404053,24.47380828857422,9.776655197143556,0.4300169944763183,3878.958984375,0.3162170052528381,1.8999999156221747e-05,434.8733215332031,5401.191997477745,90326.53391718862
2025-01-31 00:00:00+00:00,102405.0234375,3298.26513671875,677.3753662109375,3.0354199409484863,0.9422289729118348,231.63790893554688,0.3287279903888702,0.2537029981613159,0.0233130007982254,0.4071969985961914,6.318368911743164,128.01290893554688,34.39764404296875,1.0000649690628052,25.148338317871094,9.761829376220703,0.4140860140323639,3933.330078125,0.3064849972724914,1.8999999156221747e-05,424.243408203125,5294.2964604838035,88332.41140264082
2025-02-01 00:00:00+00:00,100655.90625,3118.32861328125,653.4329223632812,2.8844690322875977,0.8979439735412598,213.78501892089844,0.3083570003509521,0.2444099932909011,0.0707900002598762,0.3753960132598877,5.921681880950928,118.91510772705078,32.1812629699707,0.999882996082306,23.048158645629883,9.676668167114258,0.3933089971542358,3732.383544921875,0.2855280041694641,1.8000000636675395e-05,404.39166259765625,5189.25861883267,86808.27992978197
2025-02-02 00:00:00+00:00,97688.9765625,2868.69287109375,617.6006469726562,2.579794883728028,0.8017399907112122,203.11962890625,0.2675090134143829,0.2250960022211074,0.2241699993610382,0.332271009683609,5.148262023925781,109.48184204101562,27.576316833496094,0.999758005142212,20.42749786376953,9.67540168762207,0.3539569973945617,3402.847900390625,0.2533169984817505,1.4999999621068127e-05,359.7787780761719,5015.207777918544,84226.83398908695
2025-02-03 00:00:00+00:00,101405.421875,2884.566650390625,617.1207885742188,2.7011559009552,0.8115590214729309,216.1495819091797,0.2850039899349212,0.2289340049028396,0.1891050040721893,0.3425079882144928,5.185870170593262,106.95282745361328,28.41798210144043,0.9999359846115112,21.643274307250977,9.792377471923828,0.3704339861869812,3382.548583984375,0.2751489877700805,1.700000029813964e-05,353.2078857421875,5192.248166617787,87416.41995550561
2025-02-04 00:00:00+00:00,97871.8203125,2735.05126953125,573.3278198242188,2.5354249477386475,0.7463430166244507,207.09197998046875,0.2641440033912658,0.2244990020990371,0.1061090007424354,0.3134120106697082,4.750216007232666,101.45013427734376,26.524229049682617,0.999772012233734,20.0632381439209,9.786170959472656,0.341603010892868,3235.841552734375,0.2509010136127472,1.5999999959603883e-05,330.6802978515625,5005.817592613216,84365.47933455977
2025-02-05 00:00:00+00:00,96615.4453125,2787.779052734375,569.7468872070312,2.382314920425415,0.7332090139389038,195.98814392089844,0.2562330067157745,0.2225719988346099,0.0475529991090297,0.3111679852008819,4.692637920379639,103.3876953125,25.872116088867188,0.9998800158500672,19.204370498657227,9.853068351745604,0.3273130059242248,3306.364501953125,0.2386910021305084,1.5999999959603883e-05,327.9939880371094,4951.040320212992,83294.27655269866
2025-02-06 00:00:00+00:00,96593.296875,2688.40087890625,572.2740478515625,2.326879978179932,0.7050619721412659,189.77249145507807,0.2480839937925338,0.2316019982099533,0.072513997554779,0.2969880104064941,4.492766857147217,101.6890869140625,24.50727844238281,1.000025987625122,18.59428596496582,9.777632713317873,0.3184730112552643,3203.824951171875,0.2288359999656677,1.4999999621068127e-05,315.9839782714844,4939.430607309393,83263.29361706476
2025-02-07 00:00:00+00:00,96529.0859375,2622.211181640625,578.0668334960938,2.393583059310913,0.7070930004119873,192.20465087890625,0.2466129958629608,0.2299849987030029,0.1264539957046508,0.2980180084705353,4.590202808380127,103.2164077758789,24.45077514648437,1.0000439882278442,18.386972427368164,9.785131454467772,0.3269529938697815,3107.100341796875,0.2328470051288604,1.4999999621068127e-05,318.4578552246094,4929.196090247399,83198.65263801237
2025-02-08 00:00:00+00:00,96482.453125,2632.308349609375,613.32421875,2.4243760108947754,0.7018489837646484,199.5998992919922,0.2532660067081451,0.2316479980945587,0.1291950047016143,0.3086499869823456,4.74522876739502,104.68509674072266,24.59956741333008,1.000226974487305,18.464569091796875,9.831110000610352,0.3319880068302154,3142.324951171875,0.2345059961080551,1.5999999959603883e-05,323.50653076171875,4931.498017503209,83161.6399684704
2025-02-09 00:00:00+00:00,96500.09375,2628.72119140625,616.64208984375,2.396939992904663,0.6827009916305542,200.49755859375,0.2492900043725967,0.2325409948825836,0.0637750029563903,0.303631991147995,4.77225923538208,107.45870208740234,24.912887573242188,1.000161051750183,18.30515480041504,9.885298728942873,0.3145839869976043,3130.66943359375,0.2295749932527542,1.5999999959603883e-05,324.8921203613281,4932.0154124397195,83175.92274754279
2025-02-10 00:00:00+00:00,97437.5546875,2661.166748046875,618.3145141601562,2.422696113586426,0.7106930017471313,200.3563537597656,0.2552599906921386,0.2461439967155456,0.0864999964833259,0.3121410012245178,4.841084003448486,120.08202362060548,25.63951873779297,1.0000449419021606,18.76614570617676,9.86941909790039,0.3129050135612488,3169.981201171875,0.231904000043869,1.5999999959603883e-05,329.0276184082031,4981.008458012798,83984.88260041115
2025-02-11 00:00:00+00:00,95747.4296875,2602.781982421875,642.5872802734375,2.4142160415649414,0.7793989777565002,197.98236083984372,0.2531220018863678,0.2410729974508285,0.1616760045289993,0.3077349960803985,4.808444023132324,119.69583129882812,25.39145851135254,0.9999020099639891,18.64230155944824,9.814030647277832,0.3184140026569366,3107.768310546875,0.2287950068712234,1.5999999959603883e-05,331.39703369140625,4895.904908064393,82527.30157650975
2025-02-12 00:00:00+00:00,97885.859375,2736.902099609375,698.037353515625,2.472835063934326,0.7992240190505981,196.7738037109375,0.2641220092773437,0.2433239966630935,0.0627629980444908,0.3286980092525482,5.228726863861084,122.0439224243164,26.493667602539062,0.9999250173568726,19.180673599243164,9.829962730407717,0.3329710066318512,3265.475830078125,0.2345470041036605,1.700000029813964e-05,343.0455627441406,5014.981400190613,84380.44329089492
2025-02-13 00:00:00+00:00,96623.8671875,2675.902587890625,668.2775268554688,2.5625150203704834,0.8107420206069946,194.46095275878903,0.2624920010566711,0.2340220063924789,0.0587770007550716,0.3168259859085083,5.1322340965271,126.31777954101562,25.416154861450195,1.0002340078353882,18.55894088745117,9.76100254058838,0.3376190066337585,3188.45556640625,0.2257039994001388,1.5999999959603883e-05,335.3482360839844,4946.538434117672,83288.83803160743
2025-02-14 00:00:00+00:00,97508.96875,2726.091552734375,658.0436401367188,2.7401959896087646,0.8005070090293884,199.9356689453125,0.271928995847702,0.2314839959144592,0.0487789995968341,0.3231199979782104,5.187249183654785,125.12673950195312,26.39476776123047,0.9998329877853394,19.41437530517578,9.832884788513184,0.350942999124527,3246.9306640625,0.2308990061283111,1.700000029813964e-05,341.62628173828125,4993.97858481613,84054.93596211835
2025-02-15 00:00:00+00:00,97580.3515625,2693.559814453125,662.3276977539062,2.76157808303833,0.7811099886894226,194.48208618164065,0.271723985671997,0.2374349981546402,0.0567159987986087,0.3181470036506653,5.023991107940674,133.84043884277344,25.489839553833008,1.00005304813385,18.98305892944336,9.800140380859377,0.3490200042724609,3214.39404296875,0.2290650010108947,1.5999999959603883e-05,332.8094177246094,4994.146045452777,84112.34267343408
2025-02-16 00:00:00+00:00,96175.03125,2663.31591796875,674.100830078125,2.7278249263763428,0.772005021572113,188.4864044189453,0.2657400071620941,0.2426660060882568,0.1940480023622512,0.3251630067825317,4.880805969238281,125.55438232421876,24.837257385253903,1.000161051750183,18.70529556274414,9.707204818725586,0.3426069915294647,3180.64599609375,0.2201460003852844,1.5999999959603883e-05,326.4682922363281,4923.7059054223855,82902.33517244998
2025-02-17 00:00:00+00:00,95773.3828125,2743.19970703125,667.2290649414062,2.658273935317993,0.8080250024795532,177.6897430419922,0.2581480145454407,0.2387180030345916,0.2173430025577545,0.3195169866085052,4.888372898101807,122.30784606933594,25.0288143157959,1.000010967254639,19.09989547729492,9.785493850708008,0.3337219953536987,3273.5068359375,0.2120430022478103,1.5999999959603883e-05,323.638427734375,4911.704896700341,82567.63015095737
2025-02-18 00:00:00+00:00,95539.546875,2669.3388671875,647.443359375,2.558877944946289,0.7523630261421204,169.08428955078125,0.2509010136127472,0.2389709949493408,0.0425040014088153,0.3019540011882782,4.758245944976807,129.49008178710938,23.48827362060547,0.9997910261154176,17.83260726928711,9.769024848937988,0.323184996843338,3178.886474609375,0.2066829949617386,1.4999999621068127e-05,315.8368530273437,4891.007152248623,82356.78975673494
2025-02-19 00:00:00+00:00,96635.609375,2715.77099609375,653.5147094726562,2.7408010959625244,0.7729430198669434,169.01080322265625,0.2547680139541626,0.242247998714447,0.1821260005235672,0.3011119961738586,4.882347106933594,135.21470642089844,23.72795867919922,1.0000309944152832,17.978578567504883,9.618066787719728,0.3422729969024658,3241.408203125,0.2156960070133209,1.4999999621068127e-05,322.58984375,4949.303695302374,83304.11394557728
2025-02-20 00:00:00+00:00,98333.9375,2740.386474609375,657.2009887695312,2.6908280849456787,0.8044739961624146,176.04888916015625,0.2548600137233734,0.2464160025119781,0.1164420023560524,0.307574987411499,5.047636032104492,130.60191345214844,25.14973258972168,0.9999039769172668,18.29874420166016,9.737695693969728,0.3447270095348358,3270.0615234375,0.2219499945640564,1.5999999959603883e-05,326.0089416503906,5033.260344364985,84765.03691316096
2025-02-21 00:00:00+00:00,96125.546875,2659.655517578125,646.8995361328125,2.5701398849487305,0.7613710165023804,168.89163208007812,0.2393079996109008,0.2376009970903396,0.167489007115364,0.293597012758255,5.05633020401001,128.05027770996094,24.5191650390625,1.000010967254639,17.39421272277832,9.729670524597168,0.325774997472763,3162.802001953125,0.2132059931755066,1.4999999621068127e-05,313.6491394042969,4917.523946248799,82858.22180095008
2025-02-22 00:00:00+00:00,96577.7578125,2764.029296875,668.5747680664062,2.5757060050964355,0.7744519710540771,172.16285705566406,0.2467229962348938,0.2383629977703094,0.1160459965467453,0.2984020113945007,5.044673919677734,126.0592269897461,25.816495895385746,1.0002349615097046,17.76429557800293,9.705737113952637,0.3345920145511627,3304.00830078125,0.2165219932794571,1.5999999959603883e-05,320.9940490722656,4952.27231289499,83261.05616590253
2025-02-23 00:00:00+00:00,96273.921875,2821.310302734375,657.9036865234375,2.5770199298858643,0.7700409889221191,168.03811645507812,0.2430229932069778,0.245970994234085,0.1731909960508346,0.2957899868488312,4.959229946136475,129.94187927246094,24.88555335998535,0.9998900294303894,17.6387882232666,9.75246238708496,0.3335059881210327,3357.869873046875,0.2114990055561065,1.4999999621068127e-05,327.8842468261719,4942.855045699387,83006.77270786688
2025-02-24 00:00:00+00:00,91418.171875,2513.8212890625,613.9630126953125,2.2779290676116943,0.6822019815444946,141.98948669433594,0.2103590071201324,0.2400490045547485,0.1411000043153762,0.2663139998912811,4.413650989532471,114.46142578125,21.88091278076172,0.9999650120735168,15.247294425964355,8.726300239562988,0.2979719936847687,3010.01416015625,0.1962410062551498,1.4000000192027072e-05,291.61492919921875,4674.267451528654,78799.65346064814
2025-02-25 00:00:00+00:00,88736.171875,2493.592529296875,622.9407958984375,2.320717096328736,0.6825820207595825,144.10775756835938,0.2123890072107315,0.2308869957923889,0.3113789856433868,0.2724770009517669,4.633916854858398,114.61450958251952,21.931367874145508,0.9996119737625122,15.29446029663086,8.945788383483887,0.2952730059623718,2986.037841796875,0.1971790045499801,1.4000000192027072e-05,291.6081237792969,4545.019117877259,76495.08062179782
2025-02-26 00:00:00+00:00,84347.0234375,2331.45263671875,610.6930541992188,2.1924350261688232,0.6450380086898804,134.83132934570312,0.2055409997701645,0.2267940044403076,0.0532989986240863,0.2728750109672546,4.740311145782471,124.62174224853516,21.797014236450195,0.9997429847717284,15.207539558410645,9.067851066589355,0.2854880094528198,2789.7099609375,0.1977570056915283,1.4000000192027072e-05,293.3774719238281,4318.457206329969,72706.59748324404
2025-02-27 00:00:00+00:00,84704.2265625,2305.484375,605.1236572265625,2.198647975921631,0.6455850005149841,137.6208038330078,0.2068240046501159,0.2282110005617141,0.0483479984104633,0.2769930064678192,4.926065921783447,126.77029418945312,22.493072509765625,0.9999819993972778,15.106882095336914,9.222043991088867,0.2831209897994995,2732.1728515625,0.1996019929647445,1.4000000192027072e-05,296.6879577636719,4331.662947360089,73008.25855975719
2025-02-28 00:00:00+00:00,84373.0078125,2237.9052734375,587.4515991210938,2.145595073699951,0.6330509781837463,148.03001403808594,0.2019630074501037,0.2332009971141815,0.175367996096611,0.2720119953155517,4.712969779968262,127.96198272705078,22.368793487548828,0.9998419880867004,14.81668758392334,9.297046661376951,0.2863579988479614,2659.68994140625,0.2126249969005584,1.4000000192027072e-05,315.8653259277344,4309.8222607477255,72715.83133030949
2025-03-01 00:00:00+00:00,86031.9140625,2216.643310546875,607.5115356445312,2.190603017807007,0.6592649817466736,143.6757049560547,0.2065369933843612,0.2337969988584518,0.3010480105876922,0.2824609875679016,4.662499904632568,124.26994323730467,21.871139526367188,0.999921977519989,14.788805961608888,9.775246620178224,0.3118529915809631,2642.535888671875,0.2530879974365234,1.4000000192027072e-05,311.22760009765625,4387.3483012201705,74137.54676645703
2025-03-02 00:00:00+00:00,94248.3515625,2519.694580078125,622.9360961914062,2.9369421005249023,1.1295030117034912,178.49549865722656,0.2392670065164566,0.2439039945602417,0.1191449984908104,0.303382009267807,5.196681976318359,127.49488830566406,24.94097328186035,1.0001070499420166,17.41300392150879,9.817832946777344,0.3504419922828674,3009.466552734375,0.2646560072898865,1.4999999621068127e-05,333.97296142578125,4814.493714056649,81229.79442217818
2025-03-03 00:00:00+00:00,86065.671875,2145.573974609375,575.1699829101562,2.385741949081421,0.8552640080451965,142.02108764648438,0.1990759968757629,0.2309280037879943,0.0293499995023012,0.2552550137042999,4.473834991455078,109.94983673095705,20.9365177154541,1.0000300407409668,14.450200080871582,9.942689895629885,0.2921229898929596,2559.039306640625,0.2228170037269592,1.2999999853491316e-05,320.451171875,4379.673860766731,74157.25373128879
2025-03-04 00:00:00+00:00,87222.1953125,2170.01513671875,583.5868530273438,2.455146074295044,0.941277027130127,144.9165802001953,0.1991460025310516,0.2424450069665908,0.0615199990570545,0.2488279938697815,4.328348159790039,103.70933532714844,20.008602142333984,0.9998959898948668,14.875398635864258,9.705644607543944,0.2950260043144226,2593.706298828125,0.2415609955787658,1.2999999853491316e-05,320.1509704589844,4437.756349461891,75153.46013703177
2025-03-05 00:00:00+00:00,90623.5625,2241.977294921875,597.975830078125,2.500509023666382,0.9753559827804564,146.26730346679688,0.2047200053930282,0.2436179965734481,0.0898860022425651,0.2562899887561798,4.529809951782227,104.7320785522461,21.728666305541992,1.0001039505004885,16.462270736694336,9.888017654418944,0.2997699975967407,2672.129150390625,0.2491299957036972,1.2999999853491316e-05,392.21337890625,4611.29931890036,78082.60298658084
2025-03-06 00:00:00+00:00,89961.7265625,2202.476806640625,596.7237548828125,2.601728916168213,0.9075520038604736,143.355224609375,0.2017270028591156,0.240104004740715,0.1457770019769668,0.2505629956722259,4.434199810028076,103.39810180664062,21.02910804748535,1.0000380277633667,17.070051193237305,9.906899452209473,0.2964439988136291,2639.555908203125,0.2379409968852996,1.2999999853491316e-05,395.435302734375,4576.237800372793,77510.32164998559
2025-03-07 00:00:00+00:00,86742.671875,2138.987548828125,593.96337890625,2.3816239833831787,0.8167999982833862,139.20913696289062,0.1979729980230331,0.243704006075859,0.3139890134334564,0.241223007440567,4.403337001800537,103.48184204101562,20.0969295501709,1.0000970363616943,15.93885898590088,9.91971206665039,0.2832799851894378,2549.30322265625,0.2326270043849945,1.2999999853491316e-05,388.5880126953125,4414.870246891759,74738.15277800063
2025-03-08 00:00:00+00:00,86154.59375,2201.51025390625,593.0808715820312,2.323438882827759,0.8046919703483582,136.94207763671875,0.1921720057725906,0.243828997015953,0.2284719944000244,0.2457640022039413,4.289371013641357,102.25264739990234,20.471092224121094,1.0000380277633667,15.251073837280272,9.79734706878662,0.2757500112056732,2637.071044921875,0.2266429960727691,1.2999999853491316e-05,385.4015502929688,4393.628661512914,74242.19447391047
2025-03-09 00:00:00+00:00,80601.0390625,2015.5091552734373,554.5804443359375,2.1345760822296143,0.7201489806175232,126.43543243408205,0.1678030043840408,0.2319079935550689,0.5671539902687073,0.2205860018730163,4.016472816467285,94.47103881835938,17.957881927490234,0.9998570084571838,13.77341079711914,9.7340726852417,0.2627669870853424,2409.724609375,0.1992689967155456,1.2000000424450263e-05,357.228515625,4105.236865601587,69450.5028796855
2025-03-10 00:00:00+00:00,78532.0,1861.1513671875,532.1218872070312,2.018294095993042,0.6725969910621643,118.291748046875,0.1540600061416626,0.2294860035181045,0.080325998365879,0.2072120010852813,3.880053997039795,87.55799102783203,16.28597068786621,1.0000059604644775,12.69313907623291,9.747613906860352,0.2423020005226135,2247.683349609375,0.1894350051879882,1.2000000424450263e-05,331.64532470703125,3988.469151215047,67655.56054348341
2025-03-11 00:00:00+00:00,82862.2109375,1919.844970703125,551.4745483398438,2.1669158935546875,0.722586989402771,125.26394653320312,0.1641660034656524,0.2244260013103485,0.1049899980425834,0.2156819999217987,4.037774085998535,90.3327178955078,17.47471809387207,0.9999639987945556,13.099883079528809,9.882753372192385,0.2550249993801117,2307.500244140625,0.1958069950342178,1.2000000424450263e-05,339.49188232421875,4202.17447385462,71379.50615122386
2025-03-12 00:00:00+00:00,83722.359375,1908.982666015625,569.8948364257812,2.240755081176758,0.7354440093040466,126.58324432373048,0.1723809987306594,0.2229949980974197,0.0881929993629455,0.2165970057249069,3.973094940185547,91.48965454101562,18.89916229248047,0.9999690055847168,13.482376098632812,9.70914077758789,0.2595889866352081,2278.803955078125,0.2009599953889846,1.2000000424450263e-05,353.9580078125,4243.0129718278895,72115.72972943376
2025-03-13 00:00:00+00:00,81066.703125,1862.9696044921875,579.2188110351562,2.2510080337524414,0.7022889852523804,123.28614807128906,0.1650650054216385,0.2251150012016296,0.0307229999452829,0.211008995771408,3.980884075164795,88.03050231933594,18.49971389770508,1.0000170469284058,13.027454376220703,9.71360206604004,0.2732599973678589,2230.24609375,0.1892500072717666,1.2000000424450263e-05,326.1294250488281,4110.802529152612,69830.52164113919
2025-03-14 00:00:00+00:00,83969.1015625,1909.467529296875,587.1362915039062,2.356442928314209,0.738315999507904,133.31448364257812,0.1717990040779113,0.222473993897438,0.0312980003654956,0.2150309979915619,4.180880069732666,91.33390808105467,18.569934844970703,1.000022053718567,13.679569244384766,9.818793296813965,0.2763670086860657,2295.07080078125,0.191889002919197,1.2999999853491316e-05,330.35772705078125,4255.582625347706,72328.42771457988
