Date,BTC,ETH,BNB,XRP,ADA,SOL,DOGE,TRX,TON,MATIC,DOT,LTC,AVAX,DAI,LINK,LEO,XLM,WSTETH,HBAR,SHIB,BCH
2021-10-07 00:00:00+00:00,53805.984375,3587.974853515625,438.7617492675781,1.0680259466171265,2.2769949436187744,154.28118896484375,0.24292300641536713,0.09551399946212769,9.426724433898926,1.2765079736709595,33.97454833984375,178.771728515625,61.48835372924805,1.0002700090408325,26.834035873413086,2.8990249633789062,0.3441070020198822,3767.548095703125,0.3779059946537018,2.300000051036477e-05,612.15673828125
2021-10-08 00:00:00+00:00,53967.84765625,3563.75927734375,419.10205078125,1.0628910064697266,2.237175941467285,158.94920349121094,0.24385100603103638,0.09766999632120132,10.044754981994629,1.3440279960632324,33.372894287109375,175.97238159179688,60.520225524902344,0.9999480247497559,26.40096092224121,2.7803170680999756,0.3358120024204254,3723.784423828125,0.3736110031604767,2.700000004551839e-05,595.7726440429688
2021-10-09 00:00:00+00:00,54968.22265625,3575.716796875,421.5494689941406,1.1599260568618774,2.2666149139404297,156.82583618164062,0.24659599363803864,0.10287000238895416,10.530007362365723,1.351140022277832,36.3274040222168,179.65866088867188,60.56625747680664,1.0009039640426636,27.417076110839844,2.8382530212402344,0.3528690040111542,3739.667724609375,0.3708609938621521,2.700000004551839e-05,614.4834594726562
2021-10-10 00:00:00+00:00,54771.578125,3425.852783203125,405.0693054199219,1.1384530067443848,2.197213888168335,148.0487060546875,0.22980499267578125,0.09774799644947052,9.828109741210938,1.248175024986267,34.4664192199707,175.31857299804688,56.59357452392578,1.0003360509872437,25.648935317993164,2.7690138816833496,0.33251699805259705,3625.785888671875,0.3434630036354065,2.5999999706982635e-05,586.6426391601562
2021-10-11 00:00:00+00:00,57484.7890625,3545.35400390625,413.4562072753906,1.137887954711914,2.173388957977295,144.85813903808594,0.23150299489498138,0.09716200083494186,9.290955543518066,1.24372398853302,34.18463134765625,179.42605590820312,55.30461120605469,1.000540018081665,25.25881576538086,2.7428228855133057,0.3445560038089752,3658.277099609375,0.3437289893627167,3.099999958067201e-05,601.8111572265625
2021-10-12 00:00:00+00:00,56041.05859375,3492.5732421875,443.8675231933594,1.1018589735031128,2.119189977645874,152.73712158203125,0.22624200582504272,0.09550900012254715,8.998848915100098,1.2238709926605225,35.159767150878906,172.79776000976562,54.35797119140625,1.0001360177993774,24.623647689819336,2.803812026977539,0.3331409990787506,3627.57568359375,0.35023200511932373,2.9000000722589903e-05,587.449462890625
2021-10-13 00:00:00+00:00,57401.09765625,3606.20166015625,470.74969482421875,1.128391981124878,2.1890530586242676,148.17604064941406,0.23257200419902802,0.09799300134181976,9.756205558776855,1.2411179542541504,41.6169319152832,177.62832641601562,55.152488708496094,1.0010219812393188,25.61174964904785,2.8072919845581055,0.3676629960536957,3705.888427734375,0.35857000946998596,2.9000000722589903e-05,594.5084838867188
2021-10-14 00:00:00+00:00,57321.5234375,3786.01416015625,472.02239990234375,1.132315993309021,2.170362949371338,149.75680541992188,0.23227299749851227,0.0971589982509613,9.616424560546875,1.2630540132522583,40.75510025024414,180.11839294433594,56.08110427856445,1.0005569458007812,26.647485733032227,2.678873062133789,0.36932599544525146,3925.743896484375,0.38845399022102356,2.700000004551839e-05,597.6168212890625
2021-10-15 00:00:00+00:00,61593.94921875,3862.634765625,473.70263671875,1.1405500173568726,2.214651107788086,162.59620666503906,0.23378199338912964,0.09850399941205978,8.843438148498535,1.583204984664917,43.15711212158203,188.8141326904297,56.2510871887207,1.0001169443130493,26.94454574584961,2.8457870483398438,0.3614340126514435,4004.518798828125,0.3633430004119873,2.499999936844688e-05,624.5038452148438
2021-10-16 00:00:00+00:00,60892.1796875,3830.382080078125,465.6424560546875,1.1350959539413452,2.177712917327881,157.538818359375,0.23729200661182404,0.09869000315666199,8.86861515045166,1.506134033203125,41.757625579833984,186.18930053710938,57.48309326171875,1.0000059604644775,27.228479385375977,2.9040489196777344,0.39610299468040466,3976.294189453125,0.37237900495529175,2.5999999706982635e-05,626.3204956054688
2021-10-17 00:00:00+00:00,61553.6171875,3847.1044921875,470.62554931640625,1.0934679508209229,2.1569631099700928,159.74380493164062,0.23789800703525543,0.09869000315666199,8.555994987487793,1.4565349817276,42.073951721191406,183.73052978515625,56.07736587524414,1.0001909732818604,26.54088592529297,2.872941017150879,0.382656991481781,3978.87158203125,0.35619500279426575,2.8000000384054147e-05,611.6915283203125
2021-10-18 00:00:00+00:00,62026.078125,3748.76025390625,485.11102294921875,1.0838420391082764,2.128262996673584,157.2312774658203,0.2472810000181198,0.09814000129699707,8.351451873779297,1.4791159629821777,41.18367004394531,185.55674743652344,55.474483489990234,0.9995949864387512,25.70457649230957,2.913383960723877,0.3798370063304901,3862.9814453125,0.35689499974250793,2.9000000722589903e-05,611.1658325195312
2021-10-19 00:00:00+00:00,64261.9921875,3877.65087890625,488.14886474609375,1.092079997062683,2.112962007522583,156.01702880859375,0.24578799307346344,0.10060899704694748,8.752814292907715,1.471904993057251,41.38401412963867,188.9398193359375,56.81697463989258,0.9999639987945557,25.936241149902344,2.9835660457611084,0.37392398715019226,4009.06591796875,0.3755429983139038,2.8000000384054147e-05,619.0848999023438
2021-10-20 00:00:00+00:00,65992.8359375,4155.9921875,501.02032470703125,1.1423280239105225,2.1859500408172607,175.94686889648438,0.2540929913520813,0.10306400060653687,8.743448257446289,1.5318690538406372,44.348655700683594,206.87078857421875,59.55984115600586,0.9997609853744507,27.419164657592773,3.16813588142395,0.39097699522972107,4294.9765625,0.4014509916305542,2.9000000722589903e-05,644.3960571289062
2021-10-21 00:00:00+00:00,62210.171875,4054.32275390625,471.2569274902344,1.0893150568008423,2.1365909576416016,190.3184356689453,0.24239100515842438,0.09952200204133987,8.491109848022461,1.5044549703598022,42.846519470214844,196.8691864013672,61.309810638427734,0.9996269941329956,28.268346786499023,3.1874239444732666,0.372622013092041,4239.583984375,0.3783490061759949,2.700000004551839e-05,623.7405395507812
2021-10-22 00:00:00+00:00,60692.265625,3970.181884765625,478.6431579589844,1.0883740186691284,2.1541988849639893,196.43153381347656,0.24422100186347961,0.09982600063085556,9.23044204711914,1.514093041419983,43.44936752319336,190.82228088378906,65.45528411865234,0.9995350241661072,28.661046981811523,3.4131860733032227,0.3721350133419037,4127.6787109375,0.37855398654937744,2.8000000384054147e-05,623.5930786132812
2021-10-23 00:00:00+00:00,61393.6171875,4171.66357421875,485.90643310546875,1.0944969654083252,2.1668150424957275,197.703857421875,0.2517330050468445,0.10074000060558319,9.103256225585938,1.6419179439544678,44.04997253417969,196.30950927734375,65.45916748046875,1.0016069412231445,31.459808349609375,3.2150089740753174,0.3786669969558716,4324.5380859375,0.37985000014305115,3.400000059627928e-05,629.4553833007812
2021-10-24 00:00:00+00:00,60930.8359375,4087.903076171875,476.63311767578125,1.0842829942703247,2.1234350204467773,202.3619842529297,0.2770479917526245,0.09923399984836578,8.895752906799316,1.5737379789352417,42.385658264160156,190.9056854248047,64.51839447021484,0.9999449849128723,29.770856857299805,3.2554879188537598,0.3728429973125458,4223.98193359375,0.36757299304008484,3.600000127335079e-05,617.8567504882812
2021-10-25 00:00:00+00:00,63039.82421875,4217.876953125,484.64508056640625,1.0951579809188843,2.144066095352173,210.1042938232422,0.2647069990634918,0.1007080003619194,9.169527053833008,1.6744489669799805,44.5266227722168,195.299560546875,69.82469177246094,1.000012993812561,32.46010971069336,3.254196882247925,0.3868040144443512,4367.2412109375,0.3867729902267456,4.199999966658652e-05,621.6943359375
2021-10-26 00:00:00+00:00,60363.79296875,4131.10205078125,478.0250549316406,1.108093023300171,2.138777017593384,199.8072509765625,0.255731999874115,0.10118900239467621,8.92619514465332,1.7360249757766724,44.883872985839844,197.4688720703125,68.87113189697266,1.000128984451294,32.503047943115234,3.3783419132232666,0.373432993888855,4292.94921875,0.3915629982948303,4.8000001697801054e-05,611.6384887695312
2021-10-27 00:00:00+00:00,58482.38671875,3930.25732421875,449.00799560546875,0.9954519867897034,1.9132369756698608,183.77459716796875,0.2376900017261505,0.0907059982419014,8.026748657226562,1.7599420547485352,40.41045379638672,179.33412170410156,61.51663589477539,1.0002280473709106,28.88567352294922,3.152013063430786,0.3307560086250305,4101.2998046875,0.3501090109348297,7.999999797903001e-05,549.0943603515625
2021-10-28 00:00:00+00:00,60622.13671875,4287.31884765625,492.0155334472656,1.0588200092315674,1.9882190227508545,194.86398315429688,0.3004469871520996,0.09536900371313095,8.396422386169434,2.128509998321533,41.861690521240234,189.97763061523438,64.4300765991211,1.0009180307388306,30.227046966552734,3.2140469551086426,0.34280499815940857,4433.3798828125,0.3709689974784851,6.800000119255856e-05,579.4688720703125
2021-10-29 00:00:00+00:00,62227.96484375,4414.74658203125,529.6221313476562,1.0815030336380005,2.0121870040893555,200.18275451660156,0.2878530025482178,0.09943900257349014,8.768141746520996,2.0205719470977783,44.07362365722656,196.34471130371094,64.77246856689453,1.0000109672546387,30.934831619262695,3.2881689071655273,0.3616490066051483,4595.001953125,0.38937100768089294,7.500000356230885e-05,593.519287109375
2021-10-30 00:00:00+00:00,61888.83203125,4325.650390625,527.9212036132812,1.0839489698410034,1.9574220180511475,195.4160614013672,0.2683449983596802,0.10112699866294861,8.767767906188965,1.8681089878082275,42.747833251953125,190.4823455810547,62.41526794433594,1.0004750490188599,29.78166961669922,3.318455934524536,0.3586150109767914,4446.79296875,0.4190250039100647,6.500000017695129e-05,584.8463745117188
2021-10-31 00:00:00+00:00,61318.95703125,4288.07421875,524.3644409179688,1.113247036933899,1.9650260210037231,202.4210205078125,0.28024399280548096,0.10152699798345566,8.793124198913574,1.9350030422210693,42.742095947265625,191.81637573242188,64.28780364990234,0.9999009966850281,29.98500633239746,3.349679946899414,0.37285101413726807,4457.81103515625,0.40703099966049194,6.70000008540228e-05,596.2386474609375
2021-11-01 00:00:00+00:00,61004.40625,4324.626953125,551.2559204101562,1.0928670167922974,1.9500019550323486,203.5450897216797,0.2717280089855194,0.10054799914360046,8.736418724060059,1.9038970470428467,49.98225402832031,197.55499267578125,65.07251739501953,1.0009390115737915,31.565237045288086,3.315819025039673,0.3665519952774048,4492.09033203125,0.4003100097179413,7.200000254670158e-05,587.6728515625
2021-11-02 00:00:00+00:00,63226.40234375,4584.798828125,554.4476318359375,1.1361960172653198,1.9713770151138306,220.23959350585938,0.2731209993362427,0.1073950007557869,9.090848922729492,1.9375050067901611,51.631351470947266,200.7246856689453,67.58455657958984,1.0013099908828735,32.265533447265625,3.355285882949829,0.3818199932575226,4732.75048828125,0.3966059982776642,6.900000153109431e-05,598.3413696289062
2021-11-03 00:00:00+00:00,62970.046875,4607.19384765625,568.5787963867188,1.2087960243225098,2.0637009143829346,242.89881896972656,0.2694070041179657,0.10586299747228622,9.23495864868164,2.0345981121063232,53.443702697753906,207.11013793945312,75.430419921875,1.0008189678192139,31.99086570739746,3.3931970596313477,0.38496699929237366,4814.26171875,0.3906039893627167,5.500000042957254e-05,611.1063232421875
2021-11-04 00:00:00+00:00,61452.23046875,4537.32421875,559.7373046875,1.202003002166748,1.9848819971084595,247.3877716064453,0.2632800042629242,0.10342700034379959,9.045702934265137,1.9170409440994263,53.88173294067383,202.96798706054688,79.29322052001953,1.000080943107605,31.02092933654785,3.2768590450286865,0.36968401074409485,4686.3017578125,0.3955860137939453,4.8999998398358e-05,596.4094848632812
2021-11-05 00:00:00+00:00,61125.67578125,4486.2431640625,608.6480712890625,1.161532998085022,1.9862060546875,236.47433471679688,0.26146501302719116,0.10371900349855423,9.147650718688965,1.9014639854431152,51.89467239379883,199.53793334960938,74.36473846435547,1.0010210275650024,32.917903900146484,3.18670392036438,0.3599959909915924,4665.95654296875,0.3916800022125244,6.199999916134402e-05,598.8560180664062
2021-11-06 00:00:00+00:00,61527.48046875,4521.5810546875,636.1139526367188,1.1524540185928345,2.0066089630126953,258.934326171875,0.261898010969162,0.10259400308132172,8.943717002868652,1.8848860263824463,52.00921630859375,197.86636352539062,78.6852035522461,1.0011570453643799,32.083438873291016,3.241633892059326,0.3591710031032562,4672.1650390625,0.38560500741004944,5.900000178371556e-05,589.2490234375
2021-11-07 00:00:00+00:00,63326.98828125,4620.5546875,650.4540405273438,1.2175339460372925,2.021872043609619,249.823486328125,0.2663150131702423,0.10458499938249588,9.189379692077637,1.884112000465393,52.27798080444336,202.0513153076172,87.7054214477539,1.0017629861831665,32.34956359863281,3.2776989936828613,0.36343398690223694,4782.388671875,0.3947640061378479,5.700000110664405e-05,600.8812866210938
2021-11-08 00:00:00+00:00,67566.828125,4812.08740234375,654.3150024414062,1.282377004623413,2.1244189739227295,248.46717834472656,0.2823590040206909,0.10996299982070923,8.925788879394531,1.8940470218658447,53.34845733642578,228.69619750976562,91.18478393554688,1.0014879703521729,34.47759246826172,3.277095079421997,0.37761399149894714,4976.2490234375,0.4222249984741211,5.500000042957254e-05,638.9419555664062
2021-11-09 00:00:00+00:00,66971.828125,4735.06884765625,635.1906127929688,1.258929967880249,2.2734830379486084,239.213134765625,0.27352601289749146,0.11443299800157547,8.983800888061523,1.77646803855896,50.779361724853516,262.9067077636719,88.45486450195312,0.9994909763336182,33.85927200317383,3.3486759662628174,0.41214901208877563,4961.57666015625,0.42567598819732666,5.500000042957254e-05,716.318603515625
2021-11-10 00:00:00+00:00,64995.23046875,4636.17431640625,615.278076171875,1.1933729648590088,2.101802110671997,233.77952575683594,0.2557089924812317,0.10678800195455551,8.57138729095459,1.7056560516357422,46.87133026123047,261.2629699707031,85.29527282714844,0.9877539873123169,34.34270477294922,3.4633750915527344,0.38525500893592834,4710.69873046875,0.4084010124206543,4.999999873689376e-05,666.6940307617188
2021-11-11 00:00:00+00:00,64949.9609375,4730.38427734375,629.892333984375,1.2183640003204346,2.085524082183838,234.24075317382812,0.2611669898033142,0.1092509999871254,8.723410606384277,1.7595410346984863,47.64762496948242,263.0867004394531,88.06133270263672,1.0053540468215942,34.8371696472168,3.2308130264282227,0.3920750021934509,4957.33251953125,0.4339410066604614,5.700000110664405e-05,676.9935913085938
2021-11-12 00:00:00+00:00,64155.94140625,4667.115234375,626.6425170898438,1.1893550157546997,2.0457661151885986,228.50209045410156,0.2594139873981476,0.10787399858236313,8.581704139709473,1.7157000303268433,45.88080596923828,251.55836486816406,84.72491455078125,1.001870036125183,34.26552200317383,3.1195590496063232,0.37947899103164673,4876.162109375,0.4516049921512604,5.199999941396527e-05,668.2821655273438
2021-11-13 00:00:00+00:00,64469.52734375,4651.46044921875,650.1041259765625,1.191938042640686,2.0531039237976074,241.8250274658203,0.26170599460601807,0.11263100057840347,8.627314567565918,1.754876971244812,47.12905502319336,258.09320068359375,97.26046752929688,1.0013489723205566,34.0648307800293,2.79961895942688,0.3789159953594208,4848.62060546875,0.43744200468063354,5.199999941396527e-05,666.955810546875
2021-11-14 00:00:00+00:00,65466.83984375,4626.35888671875,650.9180908203125,1.1885969638824463,2.0408530235290527,238.42552185058594,0.26291200518608093,0.1169470027089119,8.686605453491211,1.7296680212020874,46.40182113647461,278.00750732421875,95.4035415649414,1.000728964805603,33.77658462524414,2.911832094192505,0.3774290084838867,4799.06005859375,0.43834200501441956,5.2999999752501026e-05,678.7428588867188
2021-11-15 00:00:00+00:00,63557.87109375,4557.50390625,633.0486450195312,1.1713709831237793,2.015587091445923,237.55360412597656,0.2565290033817291,0.1236020028591156,8.752381324768066,1.6917239427566528,44.688716888427734,262.7633972167969,93.55023193359375,1.0001599788665771,32.0107536315918,2.98136305809021,0.3759410083293915,4789.44775390625,0.42569300532341003,5.2999999752501026e-05,665.6408081054688
2021-11-16 00:00:00+00:00,60161.24609375,4216.365234375,589.8228759765625,1.0909340381622314,1.8772350549697876,219.23902893066406,0.2372490018606186,0.10949599742889404,8.925883293151855,1.5629819631576538,40.899314880371094,230.59942626953125,97.97557067871094,1.001155972480774,29.225008010864258,3.0658750534057617,0.34405699372291565,4419.73583984375,0.3953939974308014,4.8000001697801054e-05,599.5039672851562
2021-11-17 00:00:00+00:00,60368.01171875,4287.59375,578.0927734375,1.096290946006775,1.875540018081665,218.71524047851562,0.23748700320720673,0.11122199892997742,9.616817474365234,1.6347359418869019,42.70829391479492,229.5041046142578,107.80207824707031,1.0030699968338013,29.19304847717285,3.1411659717559814,0.34639599919319153,4474.99072265625,0.406904011964798,4.8000001697801054e-05,595.5667724609375
2021-11-18 00:00:00+00:00,56942.13671875,4000.65087890625,532.2376098632812,1.0419540405273438,1.7883310317993164,195.48741149902344,0.2213830053806305,0.10043500363826752,8.304668426513672,1.4982490539550781,39.04596710205078,204.42291259765625,100.25276947021484,0.9964560270309448,26.525693893432617,3.161623001098633,0.3281559944152832,4156.453125,0.3577280044555664,4.199999966658652e-05,554.8060302734375
2021-11-19 00:00:00+00:00,58119.578125,4298.306640625,581.5308227539062,1.0914920568466187,1.8647929430007935,215.28001403808594,0.2331099957227707,0.10401199758052826,8.533556938171387,1.6179649829864502,41.26102066040039,218.13858032226562,112.0235595703125,1.0048329830169678,28.29111671447754,3.1477649211883545,0.35402101278305054,4468.58544921875,0.3801180124282837,4.8999998398358e-05,575.6010131835938
2021-11-20 00:00:00+00:00,59697.1953125,4409.93115234375,603.8400268554688,1.0976459980010986,1.9217360019683838,218.01527404785156,0.233024001121521,0.10511299967765808,8.826652526855469,1.6646909713745117,42.060428619384766,227.07960510253906,125.7706298828125,1.0074069499969482,28.334068298339844,3.204158067703247,0.34873199462890625,4630.58984375,0.38815099000930786,4.8000001697801054e-05,584.3694458007812
2021-11-21 00:00:00+00:00,58730.4765625,4269.73291015625,585.2942504882812,1.0601730346679688,1.8397630453109741,231.28262329101562,0.22632800042629242,0.10687699913978577,8.895161628723145,1.6024030447006226,42.005706787109375,221.77194213867188,128.59982299804688,0.9969369769096375,29.036161422729492,3.3006210327148438,0.3441599905490875,4478.77099609375,0.38554298877716064,4.400000034365803e-05,575.9271850585938
2021-11-22 00:00:00+00:00,56289.2890625,4088.457763671875,559.1270141601562,1.0366220474243164,1.7765549421310425,215.73727416992188,0.21967600286006927,0.10181699693202972,8.525486946105957,1.558411955833435,39.447872161865234,209.15802001953125,134.53103637695312,0.996703028678894,26.758991241455078,3.3590829372406006,0.33660998940467834,4253.60791015625,0.36329999566078186,4.3000000005122274e-05,557.3172607421875
2021-11-23 00:00:00+00:00,57569.07421875,4340.763671875,591.4395751953125,1.0670570135116577,1.7505029439926147,221.83689880371094,0.22651199996471405,0.10282699763774872,8.654620170593262,1.7532110214233398,40.79104232788086,216.38897705078125,123.83104705810547,1.0075260400772095,26.93367576599121,3.316632032394409,0.34072500467300415,4563.93505859375,0.37039199471473694,4.199999966658652e-05,571.2039794921875
2021-11-24 00:00:00+00:00,56280.42578125,4239.9814453125,581.3953247070312,1.0420750379562378,1.6864229440689087,214.92153930664062,0.2218250036239624,0.10069499909877777,8.581276893615723,1.680279016494751,39.36941909790039,209.8065948486328,120.22818756103516,1.0047290325164795,26.259172439575195,3.3870439529418945,0.3332670032978058,4473.5361328125,0.3596090078353882,3.9999998989515007e-05,559.1209716796875
2021-11-25 00:00:00+00:00,57274.6796875,4274.7431640625,603.730224609375,1.0318880081176758,1.6513450145721436,206.25299072265625,0.21632599830627441,0.09845499694347382,9.041735649108887,1.7870880365371704,38.45594787597656,215.63497924804688,122.64852905273438,1.0016640424728394,26.18510627746582,3.324070930480957,0.3319610059261322,4478.17138671875,0.3470419943332672,3.9999998989515007e-05,612.6768188476562
2021-11-26 00:00:00+00:00,53569.765625,4030.908935546875,585.1473388671875,0.9363499879837036,1.5284199714660645,191.51174926757812,0.20088699460029602,0.09192399680614471,8.377876281738281,1.6318609714508057,34.38590621948242,194.87464904785156,103.82958221435547,0.9992009997367859,23.856281280517578,3.1643059253692627,0.3279300034046173,4256.21435546875,0.32155001163482666,3.7999998312443495e-05,555.8290405273438
2021-11-27 00:00:00+00:00,54815.078125,4096.912109375,600.3367919921875,0.9471579790115356,1.5461180210113525,193.10215759277344,0.2053470015525818,0.09344000369310379,9.00537395477295,1.6140400171279907,35.18669891357422,195.17442321777344,113.27664947509766,1.0003999471664429,24.11475944519043,3.12915301322937,0.32656899094581604,4261.90673828125,0.33140701055526733,3.899999865097925e-05,563.3384399414062
2021-11-28 00:00:00+00:00,57248.45703125,4294.45361328125,611.3668212890625,0.9687510132789612,1.5928549766540527,200.67665100097656,0.20747199654579163,0.09510300308465958,8.630541801452637,1.6518399715423584,35.76512145996094,199.35421752929688,110.58901977539062,1.0005170106887817,24.823909759521484,3.4119040966033936,0.32363998889923096,4448.99609375,0.33242300152778625,3.899999865097925e-05,568.336181640625
2021-11-29 00:00:00+00:00,57806.56640625,4445.10498046875,624.31005859375,0.9919610023498535,1.6025079488754272,204.31936645507812,0.21517500281333923,0.09666100144386292,8.648002624511719,1.8178249597549438,37.162654876708984,205.87020874023438,120.25830078125,1.004699945449829,25.017925262451172,3.3517510890960693,0.32852301001548767,4630.3486328125,0.3561129868030548,4.600000102072954e-05,576.1217651367188
2021-11-30 00:00:00+00:00,57005.42578125,4631.47900390625,622.6698608398438,0.9987540245056152,1.5549030303955078,208.67098999023438,0.21471500396728516,0.09661000221967697,8.689726829528809,1.785351037979126,37.96049499511719,208.01454162597656,120.34369659423828,1.0002119541168213,25.341773986816406,3.358181953430176,0.3361639976501465,4851.33935546875,0.3490779995918274,4.70000013592653e-05,570.5296630859375
2021-12-01 00:00:00+00:00,57229.828125,4586.990234375,627.9715576171875,0.9909300208091736,1.547713041305542,229.7992401123047,0.20948700606822968,0.09690000116825104,8.84383487701416,2.008297920227051,36.77326583862305,208.97125244140625,119.75084686279297,0.9979850053787231,25.356210708618164,3.3383591175079346,0.32787999510765076,4749.1044921875,0.3514310121536255,4.400000034365803e-05,571.056884765625
2021-12-02 00:00:00+00:00,56477.81640625,4511.30224609375,619.4701538085938,0.9723119735717773,1.715366005897522,233.9930419921875,0.2097260057926178,0.0974150002002716,8.671818733215332,2.1272881031036377,35.75789260864258,203.4896240234375,107.86654663085938,0.9974579811096191,24.537094116210938,3.4462409019470215,0.33831000328063965,4696.60986328125,0.3389990031719208,4.199999966658652e-05,561.4506225585938
2021-12-03 00:00:00+00:00,53598.24609375,4220.7060546875,594.635986328125,0.9222440123558044,1.5565550327301025,211.22439575195312,0.19999299943447113,0.09389399737119675,8.352381706237793,2.2680299282073975,33.639530181884766,188.09971618652344,108.13784790039062,0.996616005897522,23.291526794433594,3.299983024597168,0.32617300748825073,4397.4814453125,0.3154360055923462,3.9999998989515007e-05,532.3550415039062
2021-12-04 00:00:00+00:00,49200.703125,4119.58740234375,569.0772705078125,0.8470289707183838,1.420706033706665,201.1248321533203,0.17885300517082214,0.08689700067043304,7.007440090179443,1.9803060293197632,29.368837356567383,163.05270385742188,92.88023376464844,1.0007649660110474,20.667728424072266,3.5486230850219727,0.2891579866409302,4285.04638671875,0.28586000204086304,3.7000001611886546e-05,473.8507995605469
2021-12-05 00:00:00+00:00,49368.84765625,4198.32275390625,557.7830810546875,0.8055949807167053,1.3781050443649292,196.1682586669922,0.17125500738620758,0.08432800322771072,6.460696220397949,2.0456020832061768,28.310138702392578,156.4097900390625,85.79002380371094,0.9990490078926086,19.47732162475586,3.60042405128479,0.2805449962615967,4335.8046875,0.2755419909954071,3.600000127335079e-05,453.4902648925781
2021-12-06 00:00:00+00:00,50582.625,4358.7373046875,589.2561645507812,0.8282880187034607,1.425392985343933,194.19921875,0.17839999496936798,0.08738499879837036,6.592738151550293,2.2797110080718994,28.249523162841797,161.8865203857422,93.31929779052734,1.009840965270996,19.884267807006836,3.615097999572754,0.29603999853134155,4546.9814453125,0.2802020013332367,3.7000001611886546e-05,475.75677490234375
2021-12-07 00:00:00+00:00,50700.0859375,4315.0615234375,579.6898803710938,0.8185880184173584,1.3819409608840942,190.59690856933594,0.17680500447750092,0.09020499885082245,6.840640068054199,2.366476058959961,30.543865203857422,162.29286193847656,89.95217895507812,0.9972689747810364,21.09157371520996,3.6287529468536377,0.2871840000152588,4484.599609375,0.27371901273727417,3.600000127335079e-05,475.1602783203125
2021-12-08 00:00:00+00:00,50504.796875,4439.35791015625,607.5927734375,0.863306999206543,1.3970739841461182,194.6217041015625,0.1791509985923767,0.09245699644088745,6.97121000289917,2.4187300205230713,29.870498657226562,165.2234649658203,93.22105407714844,1.0007139444351196,22.886016845703125,3.609822988510132,0.30618101358413696,4599.92822265625,0.28023600578308105,3.7000001611886546e-05,480.8507080078125
2021-12-09 00:00:00+00:00,47672.12109375,4119.81591796875,571.6489868164062,0.8612719774246216,1.2904399633407593,181.17808532714844,0.1694840043783188,0.08878099918365479,6.42097806930542,2.090277910232544,26.951921463012695,151.79530334472656,85.4617691040039,0.9973099827766418,20.306026458740234,3.700701951980591,0.27405500411987305,4328.5849609375,0.25191301107406616,3.5000000934815034e-05,449.4764404296875
2021-12-10 00:00:00+00:00,47243.3046875,3908.49609375,552.9668579101562,0.8010969758033752,1.2116889953613281,167.954833984375,0.16442200541496277,0.08794400095939636,6.189981937408447,2.0976738929748535,26.453914642333984,148.59829711914062,80.73967742919922,0.9982749819755554,18.583904266357422,3.7086119651794434,0.26120299100875854,4100.611328125,0.23694400489330292,3.400000059627928e-05,439.27850341796875
2021-12-11 00:00:00+00:00,49362.5078125,4084.452392578125,564.322509765625,0.8393129706382751,1.354248046875,171.94949340820312,0.16901899874210358,0.0916140004992485,6.329225063323975,2.1325159072875977,27.774728775024414,158.0419158935547,86.39281463623047,1.0026370286941528,19.949310302734375,3.736459970474243,0.27464601397514343,4266.6787109375,0.2535710036754608,3.400000059627928e-05,459.7817687988281
2021-12-12 00:00:00+00:00,50098.3359375,4134.453125,570.823974609375,0.841323971748352,1.3472820520401,173.43167114257812,0.16989099979400635,0.09113600105047226,6.387646198272705,2.086988925933838,29.608980178833008,159.20396423339844,88.10911560058594,1.0019789934158325,20.456584930419922,3.726886034011841,0.27625998854637146,4332.16943359375,0.2559190094470978,3.7000001611886546e-05,458.7115783691406
2021-12-13 00:00:00+00:00,46737.48046875,3784.226806640625,521.0115966796875,0.7828940153121948,1.2253479957580566,155.2130584716797,0.15756499767303467,0.08500900119543076,5.686758995056152,1.8202769756317139,25.971105575561523,144.53590393066406,79.14962768554688,0.9982060194015503,17.77545928955078,3.6251049041748047,0.25312501192092896,3940.18798828125,0.22558100521564484,3.300000025774352e-05,421.6638488769531
2021-12-14 00:00:00+00:00,46612.6328125,3745.4404296875,511.2293701171875,0.7962489724159241,1.2228349447250366,153.34144592285156,0.18015700578689575,0.08558899909257889,5.697103023529053,1.8027689456939697,26.168418884277344,146.0780029296875,87.31190490722656,0.9994509816169739,17.587615966796875,3.5200839042663574,0.2606559991836548,4023.695068359375,0.22501100599765778,3.400000059627928e-05,424.4429626464844
2021-12-15 00:00:00+00:00,48896.72265625,4018.388671875,541.0269775390625,0.8274310231208801,1.3118469715118408,178.34078979492188,0.18108199536800385,0.08758799731731415,5.873085975646973,2.1220600605010986,27.14575958251953,153.51541137695312,101.18144989013672,0.9976649880409241,19.71448516845703,3.5361509323120117,0.2729879915714264,4202.8056640625,0.2565160095691681,3.400000059627928e-05,447.7202453613281
2021-12-16 00:00:00+00:00,47665.42578125,3962.4697265625,526.2465209960938,0.8062300086021423,1.2405339479446411,176.9546661376953,0.17345400154590607,0.08542700111865997,5.786733150482178,2.0726890563964844,26.04307746887207,148.9417266845703,98.40188598632812,0.9984210133552551,18.78617286682129,3.58705997467041,0.2558700144290924,4140.41259765625,0.26124098896980286,3.300000025774352e-05,438.5856628417969
2021-12-17 00:00:00+00:00,46202.14453125,3879.486572265625,525.706298828125,0.7992910146713257,1.2198920249938965,175.5032958984375,0.1690099984407425,0.07969100028276443,5.771809101104736,2.128067970275879,24.663026809692383,144.33840942382812,111.0087661743164,0.9957389831542969,18.291275024414062,3.6063389778137207,0.2551470100879669,4042.791259765625,0.25162699818611145,3.099999958067201e-05,425.8277282714844
2021-12-18 00:00:00+00:00,46848.77734375,3960.860107421875,533.891357421875,0.8273789882659912,1.2425340414047241,182.8351287841797,0.17239999771118164,0.08043500036001205,5.81366491317749,2.231473922729492,25.49075698852539,148.80140686035156,116.0168685913086,1.0008749961853027,19.518829345703125,3.5140480995178223,0.2552010118961334,4145.8583984375,0.30916398763656616,3.099999958067201e-05,436.0589599609375
2021-12-19 00:00:00+00:00,46707.015625,3922.592529296875,529.9720458984375,0.8350329995155334,1.2446609735488892,180.09805297851562,0.1695760041475296,0.07952599972486496,5.721312046051025,2.222235918045044,24.791400909423828,153.07763671875,107.67378234863281,0.999351978302002,18.85244369506836,3.4767210483551025,0.25326499342918396,4126.65576171875,0.32359299063682556,3.099999958067201e-05,433.01910400390625
2021-12-20 00:00:00+00:00,46880.27734375,3933.844482421875,523.1624755859375,0.8798279762268066,1.2382400035858154,173.67178344726562,0.16732199490070343,0.07751400023698807,5.51118278503418,2.127742052078247,24.050674438476562,152.62867736816406,113.40851593017578,1.0015710592269897,18.747501373291016,3.5723330974578857,0.2577170133590698,4119.8173828125,0.3040879964828491,3.099999958067201e-05,430.4444885253906
2021-12-21 00:00:00+00:00,48936.61328125,4020.260009765625,528.7109985351562,0.9476460218429565,1.2808589935302734,180.09254455566406,0.1711750030517578,0.07889500260353088,5.644827842712402,2.3759849071502686,25.194194793701172,154.92709350585938,123.33294677734375,1.0045100450515747,19.454204559326172,3.608678102493286,0.26756298542022705,4230.109375,0.3087109923362732,3.300000025774352e-05,438.41510009765625
2021-12-22 00:00:00+00:00,48628.51171875,3982.099609375,533.6449584960938,0.9546989798545837,1.3280409574508667,178.5971221923828,0.17321400344371796,0.07912000268697739,5.7913498878479,2.501101016998291,27.216073989868164,155.46749877929688,116.47735595703125,0.9988740086555481,19.91473960876465,3.615981101989746,0.2672390043735504,4181.00390625,0.3187350034713745,3.5000000934815034e-05,438.3659973144531
2021-12-23 00:00:00+00:00,50784.5390625,4108.015625,548.725830078125,0.9932850003242493,1.4746910333633423,190.03631591796875,0.18448999524116516,0.08264199644327164,5.9817070960998535,2.6791629791259766,29.111093521118164,163.44949340820312,121.20996856689453,1.004580020904541,22.141969680786133,3.624206066131592,0.28720301389694214,4323.1767578125,0.328931987285614,3.899999865097925e-05,455.4015197753906
2021-12-24 00:00:00+00:00,50822.1953125,4047.98291015625,541.9020385742188,0.9120470285415649,1.3923670053482056,190.273193359375,0.1866219937801361,0.08092000335454941,6.0861310958862305,2.467272996902466,28.139497756958008,161.42103576660156,114.97645568847656,1.0015660524368286,21.47300910949707,3.5829129219055176,0.27855199575424194,4250.87158203125,0.3099760115146637,3.600000127335079e-05,451.6958923339844
2021-12-25 00:00:00+00:00,50429.859375,4093.281005859375,547.3262329101562,0.9248189926147461,1.4534950256347656,193.1209259033203,0.19065700471401215,0.08149799704551697,6.095486164093018,2.6368279457092285,28.837757110595703,157.7855987548828,115.03192901611328,1.002405047416687,22.12022590637207,3.5684590339660645,0.28915300965309143,4319.3486328125,0.3151420056819916,3.7999998312443495e-05,456.433837890625
2021-12-26 00:00:00+00:00,50809.515625,4067.328125,546.9949951171875,0.921180009841919,1.4560450315475464,198.000732421875,0.19001999497413635,0.08157599717378616,6.03895902633667,2.8767569065093994,31.332836151123047,155.99234008789062,115.21482849121094,1.0007599592208862,23.00971221923828,3.4901740550994873,0.2914699912071228,4274.09912109375,0.3189780116081238,3.7999998312443495e-05,452.2210998535156
2021-12-27 00:00:00+00:00,50640.41796875,4037.547607421875,562.6414794921875,0.9261839985847473,1.5129129886627197,195.42950439453125,0.18770499527454376,0.08100199699401855,6.0055341720581055,2.725954055786133,30.908672332763672,155.8812255859375,113.59861755371094,0.9997289776802063,22.982036590576172,3.4664719104766846,0.2989110052585602,4245.6708984375,0.31313198804855347,3.899999865097925e-05,465.2685241699219
2021-12-28 00:00:00+00:00,47588.85546875,3800.89306640625,534.9280395507812,0.8529599905014038,1.4022639989852905,177.42562866210938,0.17411699891090393,0.07725899666547775,5.616055965423584,2.4982059001922607,27.907102584838867,145.88687133789062,107.21561431884766,0.9956079721450806,20.391454696655273,3.588468074798584,0.27457401156425476,3976.446044921875,0.29091399908065796,3.5000000934815034e-05,439.571533203125
2021-12-29 00:00:00+00:00,46444.7109375,3628.53173828125,514.0007934570312,0.8167139887809753,1.330814003944397,170.65756225585938,0.16776500642299652,0.07646600157022476,5.404983043670654,2.470005989074707,26.744373321533203,145.5126190185547,102.99812316894531,0.9962499737739563,19.70285415649414,3.72170090675354,0.2664420008659363,3804.471923828125,0.28247201442718506,3.400000059627928e-05,430.0830993652344
2021-12-30 00:00:00+00:00,47178.125,3713.85205078125,518.9097290039062,0.8396490216255188,1.360414981842041,172.75119018554688,0.17131300270557404,0.07792399823665619,5.41949987411499,2.557750940322876,27.56778907775879,148.2860107421875,101.92827606201172,1.0006320476531982,19.9703426361084,3.790644884109497,0.26832500100135803,3900.654052734375,0.2977460026741028,3.400000059627928e-05,431.5367431640625
2021-12-31 00:00:00+00:00,46306.4453125,3682.6328125,511.70831298828125,0.8311629891395569,1.310209035873413,170.299072265625,0.17049600183963776,0.07539699971675873,5.396605014801025,2.527107000350952,26.719675064086914,146.51473999023438,109.2704849243164,0.9990800023078918,19.59232521057129,3.7680740356445312,0.2673940062522888,3878.53857421875,0.29054298996925354,3.300000025774352e-05,430.6395568847656
2022-01-01 00:00:00+00:00,47686.8125,3769.697021484375,527.3527221679688,0.8494719862937927,1.3769750595092773,178.5179443359375,0.17303499579429626,0.07660999894142151,5.43222713470459,2.5747909545898438,28.583581924438477,150.6974334716797,114.15801239013672,0.9998589754104614,20.665088653564453,3.8035600185394287,0.2763350009918213,3925.9521484375,0.3008899986743927,3.400000059627928e-05,444.4561767578125
2022-01-02 00:00:00+00:00,47345.21875,3829.56494140625,531.3966674804688,0.8591179847717285,1.3775839805603027,176.38284301757812,0.17440299689769745,0.07778199762105942,5.678126811981201,2.549190044403076,29.73116683959961,151.2554931640625,113.18633270263672,1.0004220008850098,21.831890106201172,3.7794179916381836,0.2917029857635498,4009.76904296875,0.31215301156044006,3.400000059627928e-05,447.8326416015625
2022-01-03 00:00:00+00:00,46458.1171875,3761.38037109375,512.135986328125,0.8328850269317627,1.3216370344161987,170.29774475097656,0.170087993144989,0.07708100229501724,5.714999198913574,2.432651996612549,30.105100631713867,148.4615936279297,108.14521026611328,0.9997490048408508,23.57390594482422,3.79596209526062,0.2901810109615326,3951.66552734375,0.30649998784065247,3.300000025774352e-05,434.94384765625
2022-01-04 00:00:00+00:00,45897.57421875,3794.056640625,507.506103515625,0.8246729969978333,1.3116580247879028,167.93890380859375,0.16880300641059875,0.07620000094175339,5.985151767730713,2.367248058319092,28.77773094177246,146.81228637695312,103.23924255371094,0.9990990161895752,23.52586555480957,3.783945083618164,0.2796669900417328,3992.730224609375,0.3258979916572571,3.199999991920777e-05,427.5243225097656
2022-01-05 00:00:00+00:00,43569.00390625,3550.386962890625,475.05694580078125,0.7743579745292664,1.236001968383789,155.0997314453125,0.15941999852657318,0.07138200104236603,5.271204948425293,2.1954751014709473,26.796140670776367,136.089111328125,97.85257720947266,0.9999300241470337,25.44780158996582,3.8018059730529785,0.2672800123691559,3733.18603515625,0.2882609963417053,2.9999999242136255e-05,401.572509765625
2022-01-06 00:00:00+00:00,43160.9296875,3418.408203125,473.2756042480469,0.7813460230827332,1.2797820568084717,150.4313507080078,0.16021299362182617,0.0711119994521141,5.192502021789551,2.2507801055908203,26.760822296142578,136.5037841796875,95.19853973388672,0.9994609951972961,25.377212524414062,3.7679500579833984,0.26808398962020874,3609.691650390625,0.294404000043869,3.099999958067201e-05,400.6392517089844
2022-01-07 00:00:00+00:00,41557.90234375,3193.21044921875,447.7884826660156,0.7630739808082581,1.2115470170974731,136.40281677246094,0.155022993683815,0.06812600046396255,4.808456897735596,2.053826093673706,24.92523956298828,131.4884490966797,86.76771545410156,0.9995579719543457,25.96063995361328,3.5637590885162354,0.2569580078125,3372.082763671875,0.2724120020866394,2.9000000722589903e-05,386.0583190917969
2022-01-08 00:00:00+00:00,41733.94140625,3091.97265625,430.24615478515625,0.7476879954338074,1.1875120401382446,142.51345825195312,0.15195399522781372,0.06572200357913971,4.793290138244629,1.995859980583191,24.029129028320312,130.13748168945312,84.05683898925781,0.9996749758720398,25.47480010986328,3.7520809173583984,0.2560740113258362,3271.561767578125,0.265500009059906,2.8000000384054147e-05,374.2579650878906
2022-01-09 00:00:00+00:00,41911.6015625,3157.75146484375,438.8030700683594,0.7545049786567688,1.17385995388031,140.83900451660156,0.15106500685214996,0.0662669986486435,4.9535698890686035,2.115518093109131,24.6273193359375,131.29832458496094,89.20655822753906,0.9997140169143677,27.56621742248535,3.752955913543701,0.2612740099430084,3328.5400390625,0.272504985332489,2.8000000384054147e-05,377.10284423828125
2022-01-10 00:00:00+00:00,41821.26171875,3083.097900390625,424.93377685546875,0.7393350005149841,1.128051996231079,135.95494079589844,0.1433590054512024,0.06356500089168549,4.675558090209961,2.0718019008636475,23.780059814453125,126.83382415771484,84.5326156616211,1.0003160238265991,27.88326644897461,3.741364002227783,0.2531079947948456,3238.604248046875,0.2609899938106537,2.700000004551839e-05,364.0692138671875
2022-01-11 00:00:00+00:00,42735.85546875,3238.111572265625,463.518310546875,0.7705540060997009,1.1851099729537964,140.18385314941406,0.1533990055322647,0.06493400037288666,4.882016181945801,2.356945037841797,25.543930053710938,131.54498291015625,89.50181579589844,1.000296950340271,26.690950393676758,3.7353899478912354,0.26273199915885925,3416.901123046875,0.2747710049152374,2.8000000384054147e-05,369.83074951171875
2022-01-12 00:00:00+00:00,43949.1015625,3372.25830078125,487.0074157714844,0.7995479702949524,1.3045350313186646,151.70310974121094,0.16165199875831604,0.06806299835443497,5.053946018218994,2.3925909996032715,27.319494247436523,141.73719787597656,95.8235092163086,1.0011240243911743,26.777944564819336,3.8492650985717773,0.2826089859008789,3565.376708984375,0.2956939935684204,3.199999991920777e-05,383.91363525390625
2022-01-13 00:00:00+00:00,42591.5703125,3248.28857421875,475.02911376953125,0.7683280110359192,1.2331609725952148,146.01004028320312,0.17204299569129944,0.06627299636602402,4.86383581161499,2.263317108154297,25.828889846801758,136.6365203857422,89.40788269042969,0.9989320039749146,24.872852325439453,3.8045849800109863,0.2699649930000305,3441.42236328125,0.2776370048522949,2.9999999242136255e-05,377.5850524902344
2022-01-14 00:00:00+00:00,43099.69921875,3310.00146484375,489.867431640625,0.7742969989776611,1.2909259796142578,146.15902709960938,0.18354900181293488,0.06766600161790848,5.003859996795654,2.3377270698547363,27.71286392211914,144.72491455078125,90.34053039550781,1.0000699758529663,25.781768798828125,3.7757019996643066,0.2663399875164032,3499.604736328125,0.28121501207351685,3.099999958067201e-05,386.1727600097656
2022-01-15 00:00:00+00:00,43177.3984375,3330.53076171875,494.9880676269531,0.7814229726791382,1.2962629795074463,147.80117797851562,0.18510299921035767,0.06854400038719177,4.996815204620361,2.3536930084228516,27.736833572387695,147.93740844726562,93.3158187866211,0.9993929862976074,25.252832412719727,3.7692620754241943,0.25994300842285156,3534.018310546875,0.28023698925971985,3.099999958067201e-05,391.1540832519531
2022-01-16 00:00:00+00:00,43113.87890625,3350.921875,498.42791748046875,0.778954029083252,1.407251000404358,147.8565216064453,0.17717599868774414,0.06987299770116806,4.991456985473633,2.329822063446045,27.665128707885742,146.533203125,92.23979949951172,1.0002830028533936,25.55315589904785,3.787921905517578,0.2587670087814331,3530.017333984375,0.27932998538017273,3.099999958067201e-05,388.71160888671875
2022-01-17 00:00:00+00:00,42250.55078125,3212.304931640625,475.7098693847656,0.7627419829368591,1.5941309928894043,139.92601013183594,0.1711450070142746,0.07079199701547623,4.791515827178955,2.2219700813293457,25.727352142333984,151.66726684570312,86.75066375732422,0.999888002872467,23.8410587310791,3.7713279724121094,0.25624799728393555,3371.966064453125,0.2702150046825409,2.9000000722589903e-05,381.10382080078125
2022-01-18 00:00:00+00:00,42375.6328125,3164.025146484375,472.00506591796875,0.7526310086250305,1.4655410051345825,141.58718872070312,0.16548499464988708,0.06848499923944473,4.625448226928711,2.128438949584961,25.168928146362305,141.89076232910156,86.01341247558594,0.9997439980506897,23.003719329833984,3.678723096847534,0.25443100929260254,3355.4267578125,0.2662400007247925,2.8000000384054147e-05,382.0470275878906
2022-01-19 00:00:00+00:00,41744.328125,3095.825927734375,462.82208251953125,0.739749014377594,1.34175705909729,135.79238891601562,0.16235600411891937,0.06928099691867828,4.484309196472168,2.035978078842163,24.129552841186523,136.9167022705078,82.90330505371094,0.9995980262756348,21.653993606567383,3.6598310470581055,0.24651500582695007,3290.71337890625,0.26721400022506714,2.700000004551839e-05,370.5811767578125
2022-01-20 00:00:00+00:00,40680.41796875,3001.1201171875,440.00543212890625,0.7194210290908813,1.2580549716949463,127.20528411865234,0.15520399808883667,0.06773799657821655,4.3381757736206055,1.960373044013977,22.984886169433594,130.36500549316406,79.0684585571289,0.9996780157089233,20.195138931274414,3.707648992538452,0.23163700103759766,3172.453125,0.2599549889564514,2.5999999706982635e-05,358.10833740234375
2022-01-21 00:00:00+00:00,36457.31640625,2557.931640625,383.07391357421875,0.6357380151748657,1.1232329607009888,111.96605682373047,0.14263999462127686,0.0609080009162426,3.841860055923462,1.698989987373352,19.64629364013672,114.3918685913086,65.92256164550781,1.0002909898757935,17.426189422607422,3.5203630924224854,0.2029860019683838,2700.076171875,0.23435400426387787,2.2000000171829015e-05,315.2086486816406
2022-01-22 00:00:00+00:00,35030.25,2405.18115234375,358.0961608886719,0.5960419774055481,1.066715955734253,94.1783676147461,0.13289199769496918,0.056685999035835266,3.446324110031128,1.530622959136963,18.229856491088867,108.42849731445312,59.72904968261719,0.9999510049819946,15.82758617401123,3.586916923522949,0.19201800227165222,2534.353759765625,0.22093699872493744,2.099999983329326e-05,291.4414978027344
2022-01-23 00:00:00+00:00,36276.8046875,2535.0390625,383.9339599609375,0.6287559866905212,1.122370958328247,99.5782241821289,0.14186300337314606,0.05757300183176994,3.5837950706481934,1.6162480115890503,18.82877540588379,112.08950805664062,64.72541046142578,1.000553011894226,16.56523323059082,3.557343006134033,0.20059199631214142,2669.22607421875,0.22222299873828888,2.2000000171829015e-05,301.8079528808594
2022-01-24 00:00:00+00:00,36654.328125,2440.352294921875,371.36895751953125,0.6121389865875244,1.0665980577468872,91.65016174316406,0.1377979964017868,0.05504300072789192,3.5221259593963623,1.5075730085372925,18.0367488861084,109.59159851074219,62.87763214111328,1.0006849765777588,15.584161758422852,3.539088010787964,0.19765399396419525,2572.12060546875,0.20675300061702728,2.099999983329326e-05,292.2291259765625
2022-01-25 00:00:00+00:00,36954.00390625,2455.93505859375,384.6193542480469,0.617563009262085,1.0435739755630493,94.72035217285156,0.14304900169372559,0.05587499961256981,3.4820849895477295,1.5585379600524902,18.34864616394043,108.06637573242188,67.90058898925781,1.0003750324249268,15.527324676513672,3.5063400268554688,0.1968120038509369,2595.565673828125,0.21168600022792816,2.099999983329326e-05,292.23382568359375
2022-01-26 00:00:00+00:00,36852.12109375,2468.0302734375,375.7554626464844,0.6220719814300537,1.0790469646453857,92.23804473876953,0.14378899335861206,0.05626700073480606,3.6115810871124268,1.5910550355911255,18.076839447021484,107.28218078613281,65.99578857421875,1.0007890462875366,15.270565032958984,3.575200080871582,0.19713400304317474,2620.6806640625,0.2123199999332428,2.099999983329326e-05,289.95135498046875
2022-01-27 00:00:00+00:00,37138.234375,2423.001220703125,390.0882873535156,0.6087700128555298,1.0435329675674438,89.63249206542969,0.1412470042705536,0.05640299990773201,3.6292309761047363,1.591683030128479,18.134811401367188,106.9535140991211,64.69680786132812,1.0003889799118042,15.18051815032959,3.46561598777771,0.1938370019197464,2546.484130859375,0.20814299583435059,2.099999983329326e-05,289.5102844238281
2022-01-28 00:00:00+00:00,37784.33203125,2547.092041015625,386.0843811035156,0.6125119924545288,1.0506060123443604,91.31289672851562,0.14165599644184113,0.05759299919009209,3.717133045196533,1.679216980934143,18.339580535888672,109.43273162841797,67.12731170654297,1.0002859830856323,16.1232852935791,3.4455950260162354,0.1987220048904419,2680.30224609375,0.21619300544261932,2.099999983329326e-05,296.7961120605469
2022-01-29 00:00:00+00:00,38138.1796875,2597.084716796875,389.1327819824219,0.6169350147247314,1.0595699548721313,96.2234878540039,0.1430560052394867,0.06026799976825714,3.8454930782318115,1.694964051246643,18.710241317749023,110.82367706298828,72.12027740478516,1.0000150203704834,16.205904006958008,3.467034101486206,0.2027290016412735,2740.872802734375,0.22188399732112885,2.2000000171829015e-05,298.87139892578125
2022-01-30 00:00:00+00:00,37917.6015625,2603.466552734375,377.6129150390625,0.603181004524231,1.0374729633331299,93.29767608642578,0.13947099447250366,0.058733999729156494,3.905273914337158,1.605329990386963,18.172527313232422,108.79985809326172,67.97378540039062,0.999813973903656,17.76853370666504,3.555912971496582,0.19550999999046326,2756.62158203125,0.21839800477027893,2.099999983329326e-05,290.500732421875
2022-01-31 00:00:00+00:00,38483.125,2688.27880859375,375.2773132324219,0.6191490292549133,1.0523029565811157,99.73883819580078,0.1418049931526184,0.059140998870134354,3.8677680492401123,1.6439210176467896,19.42054557800293,109.58769989013672,69.99242401123047,1.0001699924468994,17.240427017211914,3.705928087234497,0.19983400404453278,2845.74267578125,0.22188700735569,2.099999983329326e-05,285.5392761230469
2022-02-01 00:00:00+00:00,38743.2734375,2792.1171875,385.46380615234375,0.6292330026626587,1.0886240005493164,109.9789810180664,0.14263099431991577,0.059866998344659805,3.8754351139068604,1.6475930213928223,19.61420440673828,115.4020004272461,73.44881439208984,1.0002169609069824,17.0242919921875,4.251046180725098,0.20184500515460968,2954.337646484375,0.22931499779224396,2.2000000171829015e-05,288.1484375
2022-02-02 00:00:00+00:00,36952.984375,2682.85400390625,367.4716796875,0.6014829874038696,1.028905987739563,101.83760070800781,0.13723500072956085,0.05864600092172623,3.9379169940948486,1.5418850183486938,18.796897888183594,108.55602264404297,67.87997436523438,0.9998360276222229,15.819188117980957,4.1240620613098145,0.19296200573444366,2833.916748046875,0.22134999930858612,2.099999983329326e-05,278.5903625488281
2022-02-03 00:00:00+00:00,37154.6015625,2679.16259765625,370.87774658203125,0.6076840162277222,1.0564440488815308,101.45903778076172,0.1375409960746765,0.05965900048613548,4.194860935211182,1.550246000289917,18.81250762939453,110.28700256347656,68.10771942138672,1.0002620220184326,16.178110122680664,4.1214399337768555,0.19426800310611725,2821.50732421875,0.2368759959936142,2.099999983329326e-05,279.9759216308594
2022-02-04 00:00:00+00:00,41500.875,2983.5869140625,399.02960205078125,0.6558769941329956,1.1356240510940552,112.17424774169922,0.14750300347805023,0.06440900266170502,4.37086296081543,1.6908299922943115,20.424663543701172,120.91803741455078,77.31163787841797,1.000370979309082,17.4454402923584,5.188880920410156,0.2088879942893982,3148.381591796875,0.24816299974918365,2.2000000171829015e-05,305.9831237792969
2022-02-05 00:00:00+00:00,41441.1640625,3014.648193359375,414.20001220703125,0.6671270132064819,1.1273449659347534,113.89430236816406,0.1471409946680069,0.06475900113582611,4.538252830505371,1.714359998703003,21.366989135742188,121.91674041748047,77.2494888305664,0.999459981918335,17.80269432067871,4.8125457763671875,0.21339300274848938,3193.33154296875,0.25882500410079956,2.300000051036477e-05,320.8785400390625
2022-02-06 00:00:00+00:00,42412.43359375,3057.47607421875,419.5455627441406,0.6836469769477844,1.1445469856262207,115.29975891113281,0.15376999974250793,0.06620600074529648,4.520445823669434,1.7399510145187378,21.903335571289062,127.44550323486328,78.75726318359375,1.0006200075149536,18.039453506469727,5.094941139221191,0.22368299961090088,3228.844482421875,0.2580380141735077,2.8000000384054147e-05,325.0093688964844
2022-02-07 00:00:00+00:00,43840.28515625,3142.470703125,433.2292785644531,0.8278189897537231,1.1973069906234741,117.35514831542969,0.1655779927968979,0.06856200098991394,4.695709228515625,2.019141912460327,22.36450958251953,137.10739135742188,83.16699981689453,0.9999290108680725,18.876794815063477,4.824516773223877,0.2392909973859787,3330.3916015625,0.2618579864501953,3.300000025774352e-05,342.7969055175781
2022-02-08 00:00:00+00:00,44118.4453125,3122.608642578125,408.7767639160156,0.8781939744949341,1.1787199974060059,113.5954818725586,0.15840500593185425,0.06814900040626526,4.510770797729492,1.9486140012741089,21.68914794921875,133.99124145507812,86.62419891357422,0.9996259808540344,18.426355361938477,7.500967025756836,0.24280400574207306,3302.68994140625,0.254038006067276,3.099999958067201e-05,336.2540283203125
2022-02-09 00:00:00+00:00,44338.796875,3239.45703125,422.4655456542969,0.8706269860267639,1.1948100328445435,114.01937866210938,0.1591230034828186,0.06982000172138214,4.51887321472168,2.0427680015563965,21.93041229248047,140.17160034179688,90.02086639404297,0.9998540282249451,18.64273452758789,6.827477931976318,0.23878300189971924,3438.6962890625,0.25689101219177246,3.300000025774352e-05,345.8336486816406
2022-02-10 00:00:00+00:00,43565.11328125,3077.482177734375,415.1192321777344,0.8300099968910217,1.1524779796600342,106.20280456542969,0.15188899636268616,0.06865999847650528,4.4170308113098145,1.8958829641342163,20.635053634643555,135.08839416503906,91.13622283935547,0.9990630149841309,17.525623321533203,6.147470951080322,0.23242099583148956,3264.9794921875,0.24699600040912628,3.099999958067201e-05,341.83203125
2022-02-11 00:00:00+00:00,42407.9375,2927.383544921875,400.4223937988281,0.7602260112762451,1.080346941947937,96.38188171386719,0.14484700560569763,0.06404799968004227,4.199921131134033,1.7146209478378296,18.96244239807129,126.03115844726562,81.73299407958984,1.0001399517059326,16.184280395507812,6.156628131866455,0.21555200219154358,3099.1640625,0.2335519939661026,2.9000000722589903e-05,320.5527038574219
2022-02-12 00:00:00+00:00,42244.46875,2917.36279296875,403.3897399902344,0.8224080204963684,1.0581990480422974,95.91820526123047,0.14440500736236572,0.06348799914121628,4.11716890335083,1.6995110511779785,18.818740844726562,126.68367767333984,81.24567413330078,0.9999200105667114,15.951390266418457,5.9261298179626465,0.2181989997625351,3078.01708984375,0.23117999732494354,2.9000000722589903e-05,329.23687744140625
2022-02-13 00:00:00+00:00,42197.515625,2883.46337890625,398.88677978515625,0.8102729916572571,1.0458190441131592,93.24410247802734,0.14894799888134003,0.06446400284767151,4.1456990242004395,1.6700210571289062,18.831485748291016,126.20421600341797,78.24311828613281,0.9993730187416077,15.735865592956543,5.835488796234131,0.2116210013628006,3048.776123046875,0.22753599286079407,2.9999999242136255e-05,334.8714904785156
2022-02-14 00:00:00+00:00,42586.91796875,2933.47900390625,403.6607971191406,0.8022180199623108,1.050266981124878,96.43327331542969,0.14600299298763275,0.06454899907112122,4.062861919403076,1.658877968788147,18.714754104614258,124.80005645751953,82.01966857910156,0.9997339844703674,15.939895629882812,5.865060806274414,0.2110459953546524,3106.063720703125,0.24192899465560913,2.9999999242136255e-05,331.33441162109375
2022-02-15 00:00:00+00:00,44575.203125,3179.877197265625,432.4093933105469,0.8523330092430115,1.1075860261917114,104.87330627441406,0.151760995388031,0.06684699654579163,4.281649112701416,1.8628549575805664,20.144676208496094,131.7626190185547,92.67250061035156,1.0001050233840942,17.319860458374023,5.958703994750977,0.22106799483299255,3367.449462890625,0.2590489983558655,3.099999958067201e-05,343.13092041015625
2022-02-16 00:00:00+00:00,43961.859375,3127.830078125,427.9181213378906,0.8390359878540039,1.0849809646606445,101.93289947509766,0.14909499883651733,0.06647100299596786,4.281588077545166,1.8385260105133057,19.80115509033203,128.1608428955078,95.34611511230469,0.9991480112075806,17.17413330078125,5.865306854248047,0.2192710041999817,3324.1630859375,0.26175200939178467,3.099999958067201e-05,335.3616027832031
2022-02-17 00:00:00+00:00,40538.01171875,2881.48193359375,402.4500427246094,0.7671729922294617,1.0198949575424194,93.4104232788086,0.1385519951581955,0.06247999891638756,3.8849480152130127,1.6568700075149536,18.109920501708984,116.30241394042969,88.12377166748047,0.9990689754486084,15.572244644165039,5.586009979248047,0.20243200659751892,3058.090576171875,0.2345310002565384,2.8000000384054147e-05,312.8161926269531
2022-02-18 00:00:00+00:00,40030.9765625,2785.7275390625,399.5691833496094,0.7858899831771851,0.9971129894256592,90.06546020507812,0.1387680023908615,0.06314700096845627,3.8896899223327637,1.5955140590667725,17.845699310302734,115.19709014892578,83.83697509765625,0.9994940161705017,15.232380867004395,5.667549133300781,0.20110200345516205,2949.2060546875,0.22962599992752075,2.8000000384054147e-05,310.9779357910156
2022-02-19 00:00:00+00:00,40122.15625,2763.701171875,400.0435791015625,0.8225280046463013,0.9977030158042908,91.49665069580078,0.14120599627494812,0.0635560005903244,3.788444995880127,1.6318349838256836,17.89225959777832,115.7090072631836,85.09931945800781,0.9997490048408508,15.521562576293945,5.795434951782227,0.20423899590969086,2923.018798828125,0.2325260043144226,2.8000000384054147e-05,312.02392578125
2022-02-20 00:00:00+00:00,38431.37890625,2628.6484375,380.825927734375,0.7782959938049316,0.9329019784927368,90.90141296386719,0.13686800003051758,0.06206599995493889,3.6257829666137695,1.515848994255066,16.930509567260742,110.83203887939453,77.33678436279297,0.9993659853935242,14.649103164672852,5.7721757888793945,0.1949319988489151,2795.9228515625,0.21572700142860413,2.5999999706982635e-05,303.1356201171875
2022-02-21 00:00:00+00:00,37075.28125,2573.816162109375,356.6612548828125,0.70346599817276,0.8582360148429871,83.12316131591797,0.12849000096321106,0.05962499976158142,3.404711961746216,1.4087870121002197,16.192121505737305,103.45049285888672,69.98892974853516,0.9992510080337524,13.538114547729492,5.862610816955566,0.17881999909877777,2738.492919921875,0.2007029950618744,2.4000000848900527e-05,284.3456726074219
2022-02-22 00:00:00+00:00,38286.02734375,2639.29931640625,374.3074645996094,0.722832977771759,0.8890169858932495,86.46538543701172,0.13155299425125122,0.06266400218009949,3.561290979385376,1.4644759893417358,16.56427574157715,107.52279663085938,74.57435607910156,1.0001300573349,14.026960372924805,5.832304954528809,0.1858759969472885,2795.425048828125,0.23484699428081512,2.499999936844688e-05,293.67535400390625
2022-02-23 00:00:00+00:00,37296.5703125,2590.359619140625,366.53948974609375,0.6987460255622864,0.8691689968109131,84.90278625488281,0.12784600257873535,0.06096599996089935,3.562541961669922,1.4423739910125732,16.00956916809082,105.96595001220703,73.6986312866211,0.9994630217552185,13.407191276550293,6.104641914367676,0.18200300633907318,2757.431396484375,0.2189359962940216,2.499999936844688e-05,289.308349609375
2022-02-24 00:00:00+00:00,38332.609375,2598.067138671875,361.2346496582031,0.6962720155715942,0.8534250259399414,89.19474792480469,0.12381300330162048,0.061121001839637756,3.462778091430664,1.439592957496643,16.170917510986328,104.2304916381836,76.52396392822266,1.0002460479736328,13.267228126525879,5.6931681632995605,0.1825059950351715,2750.565185546875,0.21605099737644196,2.4000000848900527e-05,300.8105163574219
2022-02-25 00:00:00+00:00,39214.21875,2764.53564453125,374.9149475097656,0.7689030170440674,0.8980270028114319,92.59882354736328,0.12757599353790283,0.05949600040912628,3.7890350818634033,1.5506500005722046,17.25030517578125,109.26631164550781,80.8326187133789,0.9996529817581177,14.338565826416016,5.922957897186279,0.19069699943065643,2938.142333984375,0.22461099922657013,2.499999936844688e-05,308.45904541015625
2022-02-26 00:00:00+00:00,39105.1484375,2781.11181640625,373.6387634277344,0.7509729862213135,0.8879179954528809,90.14156341552734,0.12764699757099152,0.059530001133680344,3.946368932723999,1.5152939558029175,18.024559020996094,108.24365997314453,81.87970733642578,1.0001920461654663,14.690320014953613,6.05531120300293,0.192780002951622,2952.376953125,0.2234629988670349,2.4000000848900527e-05,314.5308532714844
2022-02-27 00:00:00+00:00,37709.78515625,2621.8017578125,360.5310363769531,0.721992015838623,0.858335018157959,85.51905059814453,0.12311100214719772,0.05805300176143646,3.805959939956665,1.4530019760131836,17.473413467407227,103.10559844970703,74.9911880493164,0.9994890093803406,13.654266357421875,5.9554009437561035,0.18126800656318665,2781.479736328125,0.2100670039653778,2.300000051036477e-05,304.1036071777344
2022-02-28 00:00:00+00:00,43193.234375,2919.201171875,395.6124267578125,0.782043993473053,0.9598280191421509,99.52034759521484,0.13315600156784058,0.06174900010228157,4.03973388671875,1.6111910343170166,18.94108772277832,113.47457885742188,84.3392333984375,1.0003000497817993,15.116470336914062,5.941997051239014,0.19688700139522552,3092.857177734375,0.2300579994916916,2.5999999706982635e-05,337.12200927734375
2022-03-01 00:00:00+00:00,44354.63671875,2972.485107421875,408.4822998046875,0.7848619818687439,0.9623460173606873,98.65355682373047,0.1339379996061325,0.06212500110268593,4.025154113769531,1.621351957321167,18.880502700805664,112.5440444946289,86.73593139648438,1.0000619888305664,15.334708213806152,5.928515911102295,0.19853200018405914,3151.7060546875,0.22688600420951843,2.700000004551839e-05,328.23138427734375
2022-03-02 00:00:00+00:00,43924.1171875,2950.118408203125,409.00030517578125,0.7684959769248962,0.9386619925498962,100.6496353149414,0.1329900026321411,0.061510998755693436,4.091023921966553,1.6352449655532837,18.593467712402344,110.35135650634766,83.29166412353516,0.9996359944343567,15.29494857788086,5.935037136077881,0.1934960037469864,3141.802490234375,0.22320400178432465,2.5999999706982635e-05,320.4051513671875
2022-03-03 00:00:00+00:00,42451.7890625,2834.468994140625,402.5506896972656,0.7521849870681763,0.902658998966217,95.53919982910156,0.12961000204086304,0.059964001178741455,3.883085012435913,1.5844130516052246,18.019323348999023,111.35211944580078,78.55764770507812,0.9998279809951782,14.897106170654297,5.621327877044678,0.1879190057516098,3010.0927734375,0.22129100561141968,2.499999936844688e-05,315.1263122558594
2022-03-04 00:00:00+00:00,39137.60546875,2617.156005859375,374.2808837890625,0.7126719951629639,0.8428890109062195,88.24597930908203,0.12259099632501602,0.058191001415252686,3.6770401000976562,1.4749460220336914,16.757080078125,101.39179992675781,75.65424346923828,0.9997190237045288,13.714876174926758,5.511385917663574,0.17593300342559814,2777.684326171875,0.20553900301456451,2.4000000848900527e-05,289.9174499511719
2022-03-05 00:00:00+00:00,39400.5859375,2664.8310546875,384.87335205078125,0.7548999786376953,0.8656719923019409,89.64784240722656,0.12499599903821945,0.06042800098657608,3.7301039695739746,1.5082659721374512,17.312721252441406,104.97718811035156,76.72742462158203,1.0000460147857666,14.022286415100098,5.343326091766357,0.1800999939441681,2827.397705078125,0.21064400672912598,2.499999936844688e-05,293.9798583984375
2022-03-06 00:00:00+00:00,38419.984375,2555.037353515625,375.0111999511719,0.7259939908981323,0.8237519860267639,84.54218292236328,0.12076599895954132,0.0589199997484684,3.6307830810546875,1.4366979598999023,16.978824615478516,101.59391784667969,72.52902221679688,0.999439001083374,13.338134765625,5.3729329109191895,0.1733669936656952,2719.219970703125,0.20276199281215668,2.4000000848900527e-05,283.0827941894531
2022-03-07 00:00:00+00:00,38062.0390625,2497.771240234375,381.3446350097656,0.7232869863510132,0.7973790168762207,82.13006591796875,0.11710499972105026,0.05868000164628029,3.566844940185547,1.416363000869751,16.431495666503906,98.8692626953125,71.88053894042969,0.9998250007629395,12.71272087097168,5.381678104400635,0.1704529970884323,2653.854248046875,0.20679399371147156,2.300000051036477e-05,274.9350891113281
2022-03-08 00:00:00+00:00,38737.26953125,2576.74755859375,381.95855712890625,0.7209770083427429,0.8012499809265137,82.2547607421875,0.11702899634838104,0.06054399907588959,3.6633970737457275,1.4452840089797974,16.953651428222656,100.61764526367188,72.9183578491211,1.0003069639205933,13.077510833740234,5.6429290771484375,0.1729860007762909,2735.103759765625,0.20493799448013306,2.300000051036477e-05,284.36962890625
2022-03-09 00:00:00+00:00,41982.92578125,2729.783447265625,393.5557556152344,0.7672359943389893,0.8492929935455322,88.20206451416016,0.12158799916505814,0.06084100157022476,3.8146190643310547,1.5068169832229614,17.866676330566406,106.94209289550781,77.71604919433594,1.0002050399780273,14.015893936157227,5.805222988128662,0.18902400135993958,2894.6865234375,0.2129870057106018,2.4000000848900527e-05,308.3489074707031
2022-03-10 00:00:00+00:00,39437.4609375,2608.048583984375,372.1590270996094,0.7374650239944458,0.8063160181045532,82.9390869140625,0.1168849989771843,0.05986899882555008,3.71160888671875,1.4391969442367554,16.97911834716797,102.65550994873047,74.00409698486328,1.0001410245895386,13.195725440979004,5.803005218505859,0.17903800308704376,2774.0791015625,0.2166530042886734,2.300000051036477e-05,289.86834716796875
2022-03-11 00:00:00+00:00,38794.97265625,2559.56298828125,372.1840515136719,0.8021550178527832,0.7901250123977661,80.7449951171875,0.11560200154781342,0.06026700139045715,3.6583409309387207,1.4065040349960327,17.73442268371582,104.9653549194336,71.2354736328125,0.9994639754295349,13.07819938659668,5.828771114349365,0.18390600383281708,2726.864990234375,0.2060060054063797,2.2000000171829015e-05,288.1972961425781
2022-03-12 00:00:00+00:00,38904.01171875,2574.754150390625,372.7303771972656,0.7865869998931885,0.7906739711761475,81.55381774902344,0.11513599753379822,0.05967500060796738,3.655390977859497,1.3994849920272827,18.15392303466797,105.8323974609375,71.002197265625,0.9998059868812561,13.186159133911133,5.815075874328613,0.18528799712657928,2745.11962890625,0.20611999928951263,2.2000000171829015e-05,291.20159912109375
2022-03-13 00:00:00+00:00,37849.6640625,2518.944580078125,361.8498229980469,0.7613509893417358,0.7909950017929077,78.93607330322266,0.11160799860954285,0.059363000094890594,3.557523012161255,1.362876057624817,17.24793243408203,102.11479949951172,68.07599639892578,0.9994969964027405,12.740457534790039,5.812333106994629,0.17722800374031067,2675.542236328125,0.19982300698757172,2.2000000171829015e-05,280.4122314453125
2022-03-14 00:00:00+00:00,39666.75390625,2590.696044921875,373.4661560058594,0.7746559977531433,0.8039169907569885,81.17333984375,0.11404799669981003,0.06014300137758255,3.542764902114868,1.3778990507125854,17.695951461791992,105.67365264892578,68.89183807373047,1.0006740093231201,13.401471138000488,5.869568824768066,0.18012799322605133,2752.545166015625,0.20356899499893188,2.2000000171829015e-05,289.5464782714844
2022-03-15 00:00:00+00:00,39338.78515625,2620.149658203125,371.62884521484375,0.7667829990386963,0.8000059723854065,82.95508575439453,0.1127839982509613,0.06050100177526474,3.497859001159668,1.38019597530365,17.828996658325195,106.98857116699219,69.88738250732422,0.999576985836029,13.714278221130371,5.88040018081665,0.182546004652977,2789.820556640625,0.20033599436283112,2.2000000171829015e-05,289.6955261230469
2022-03-16 00:00:00+00:00,41143.9296875,2772.0556640625,385.5282287597656,0.793537974357605,0.8383740186691284,87.90362548828125,0.116907998919487,0.061083998531103134,3.609265089035034,1.4683589935302734,19.053367614746094,111.35919189453125,74.18374633789062,0.9997959733009338,14.696399688720703,6.022833824157715,0.18927299976348877,2943.0849609375,0.2044990062713623,2.300000051036477e-05,299.7217712402344
2022-03-17 00:00:00+00:00,40951.37890625,2814.8544921875,391.8247375488281,0.7935029864311218,0.8367840051651001,87.87684631347656,0.11650200188159943,0.06079699844121933,3.6507248878479004,1.449110984802246,18.751731872558594,110.31023406982422,79.53851318359375,0.9995999932289124,14.421710968017578,6.22924280166626,0.18967300653457642,2995.157958984375,0.20547999441623688,2.2000000171829015e-05,296.458740234375
2022-03-18 00:00:00+00:00,41801.15625,2945.343017578125,397.6455078125,0.7982659935951233,0.8534330129623413,89.82203674316406,0.11930599808692932,0.06168900057673454,3.6908040046691895,1.499554991722107,18.991891860961914,112.1158676147461,85.76238250732422,0.9998379945755005,15.028580665588379,6.069159030914307,0.19304199516773224,3135.687744140625,0.20814000070095062,2.2000000171829015e-05,305.8638916015625
2022-03-19 00:00:00+00:00,42190.65234375,2946.257080078125,399.8535461425781,0.8193730115890503,0.9010990262031555,92.41815185546875,0.12356899678707123,0.06190900132060051,3.780963897705078,1.5280710458755493,19.35950469970703,116.3732681274414,89.69412231445312,0.9996179938316345,14.97515869140625,6.031686782836914,0.20000499486923218,3134.3330078125,0.21032199263572693,2.4000000848900527e-05,327.6200866699219
2022-03-20 00:00:00+00:00,41247.82421875,2860.459228515625,390.76837158203125,0.8061209917068481,0.8770920038223267,88.61486053466797,0.11915399879217148,0.061438001692295074,3.743496894836426,1.4639190435409546,18.638643264770508,114.82913970947266,84.72430419921875,0.9992600083351135,14.552144050598145,6.063270092010498,0.1969909965991974,3047.7255859375,0.20876899361610413,2.300000051036477e-05,326.9633483886719
2022-03-21 00:00:00+00:00,41077.99609375,2897.9765625,396.44781494140625,0.8381519913673401,0.916782021522522,88.7572021484375,0.1193389967083931,0.061781998723745346,3.7386410236358643,1.466493010520935,18.795270919799805,116.15872955322266,86.44969940185547,0.9990010261535645,15.007802963256836,6.167806148529053,0.20388799905776978,3086.630859375,0.2115129977464676,2.300000051036477e-05,335.2315979003906
2022-03-22 00:00:00+00:00,42358.80859375,2973.131103515625,404.31494140625,0.8370969891548157,0.9764400124549866,90.51296997070312,0.12248100340366364,0.0634080022573471,3.858678102493286,1.5054479837417603,20.252199172973633,122.92796325683594,83.9814453125,0.9990350008010864,15.450860977172852,6.169386863708496,0.20714999735355377,3163.5576171875,0.21444199979305267,2.300000051036477e-05,376.73681640625
2022-03-23 00:00:00+00:00,42892.95703125,3031.067138671875,408.6097717285156,0.8378869891166687,1.1074819564819336,95.1026840209961,0.12972700595855713,0.06433600187301636,3.928589105606079,1.5563030242919922,21.003955841064453,122.47541809082031,86.25101470947266,0.9998340010643005,15.800262451171875,6.010436058044434,0.20947499573230743,3217.676513671875,0.21858499944210052,2.4000000848900527e-05,364.30548095703125
2022-03-24 00:00:00+00:00,43960.93359375,3108.06201171875,414.1269836425781,0.8429679870605469,1.130010962486267,102.22369384765625,0.13654999434947968,0.06557100266218185,3.9741430282592773,1.6287649869918823,21.24549102783203,126.5812759399414,87.55538940429688,0.9995560050010681,16.171621322631836,6.009944915771484,0.21476900577545166,3311.96435546875,0.22034500539302826,2.499999936844688e-05,366.1062927246094
2022-03-25 00:00:00+00:00,44348.73046875,3106.67138671875,410.8111572265625,0.8251270055770874,1.0978879928588867,98.6581039428711,0.13101300597190857,0.06446599960327148,3.9939229488372803,1.5795730352401733,20.547285079956055,124.06736755371094,83.66136932373047,0.9992420077323914,15.584914207458496,5.89239501953125,0.21156500279903412,3303.544677734375,0.22326500713825226,2.4000000848900527e-05,364.74017333984375
2022-03-26 00:00:00+00:00,44500.828125,3143.178955078125,415.9197998046875,0.8327720165252686,1.1505939960479736,101.7641830444336,0.13586799800395966,0.06616199761629105,4.135398864746094,1.6108030080795288,20.887956619262695,124.88133239746094,85.95565032958984,0.9999330043792725,15.821913719177246,5.784212112426758,0.21546399593353271,3344.864990234375,0.22654299437999725,2.4000000848900527e-05,361.8934631347656
2022-03-27 00:00:00+00:00,46820.4921875,3291.57763671875,430.5032653808594,0.8573430180549622,1.1821479797363281,107.08422088623047,0.14473199844360352,0.06916999816894531,4.300179958343506,1.6934809684753418,22.44786262512207,129.39747619628906,89.82484436035156,0.999970018863678,16.84952735900879,6.116147994995117,0.22978700697422028,3500.95263671875,0.2426770031452179,2.5999999706982635e-05,376.5374450683594
2022-03-28 00:00:00+00:00,47128.00390625,3336.634521484375,430.390869140625,0.8633040189743042,1.1701840162277222,106.46525573730469,0.14265699684619904,0.06908100098371506,4.610167980194092,1.6603870391845703,21.970449447631836,127.93861389160156,89.60455322265625,0.9992129802703857,16.517032623291016,6.1334228515625,0.23042599856853485,3543.28759765625,0.23613399267196655,2.5999999706982635e-05,368.1392822265625
2022-03-29 00:00:00+00:00,47465.73046875,3401.98779296875,434.50567626953125,0.8579999804496765,1.1911120414733887,111.71031188964844,0.1444700062274933,0.06938199698925018,4.626208782196045,1.6747870445251465,22.48617935180664,130.0612335205078,92.84088897705078,0.999763011932373,16.973129272460938,5.9719319343566895,0.23336200416088104,3615.631103515625,0.25491899251937866,2.700000004551839e-05,373.52996826171875
2022-03-30 00:00:00+00:00,47062.6640625,3385.157958984375,442.6848449707031,0.8608139753341675,1.1903849840164185,120.6994857788086,0.14320999383926392,0.07308699935674667,4.7376389503479,1.6846189498901367,22.468347549438477,131.16934204101562,95.77998352050781,0.9996359944343567,17.209745407104492,6.062673091888428,0.23481899499893188,3608.608154296875,0.25345999002456665,2.700000004551839e-05,379.6378173828125
2022-03-31 00:00:00+00:00,45538.67578125,3281.642822265625,428.9161071777344,0.8145639896392822,1.1418509483337402,122.66146087646484,0.13782599568367004,0.07387600094079971,4.961254119873047,1.617285966873169,21.30251121520996,123.71601104736328,96.9246597290039,0.9998329877853394,16.910993576049805,5.808413982391357,0.22827699780464172,3495.332275390625,0.2356400042772293,2.5999999706982635e-05,384.0443420410156
2022-04-01 00:00:00+00:00,46281.64453125,3449.55224609375,446.6042785644531,0.8277400135993958,1.1654249429702759,134.43093872070312,0.14131499826908112,0.0748940035700798,5.101822853088379,1.6939140558242798,22.016986846923828,124.8831787109375,96.69318389892578,1.000303030014038,17.312368392944336,5.981730937957764,0.23253199458122253,3676.57861328125,0.24605299532413483,2.5999999706982635e-05,376.88897705078125
2022-04-02 00:00:00+00:00,45868.94921875,3445.059326171875,436.9553527832031,0.8249189853668213,1.1560070514678955,132.19886779785156,0.13891300559043884,0.07325000315904617,5.332411766052246,1.6540249586105347,22.644535064697266,124.9234848022461,95.9732666015625,0.9989929795265198,17.403167724609375,6.072326183319092,0.23330900073051453,3679.365234375,0.24491700530052185,2.5999999706982635e-05,373.2934265136719
2022-04-03 00:00:00+00:00,46453.56640625,3522.83349609375,450.348876953125,0.8429499864578247,1.1859409809112549,136.77532958984375,0.14645299315452576,0.07315800338983536,5.094771862030029,1.6888099908828735,23.2082462310791,128.9462127685547,98.0777816772461,0.9994789958000183,18.09421730041504,5.996935844421387,0.2370470017194748,3758.3623046875,0.24853399395942688,2.700000004551839e-05,378.7779541015625
2022-04-04 00:00:00+00:00,46622.67578125,3521.2412109375,447.5249328613281,0.8272510170936584,1.2129449844360352,132.41262817382812,0.14859099686145782,0.07081600278615952,4.7839741706848145,1.6499179601669312,22.65777015686035,124.86170196533203,95.52021789550781,0.9999409914016724,17.474639892578125,6.0232977867126465,0.23214299976825714,3753.85400390625,0.23846399784088135,2.5999999706982635e-05,375.8177185058594
2022-04-05 00:00:00+00:00,45555.9921875,3411.79248046875,445.172607421875,0.8176419734954834,1.170801043510437,126.86223602294922,0.1729069948196411,0.0694269984960556,4.6734299659729,1.5929210186004639,21.789714813232422,123.21317291259766,91.0210952758789,0.9991070032119751,16.77373504638672,5.761684894561768,0.22532199323177338,3644.12841796875,0.2269439995288849,2.700000004551839e-05,365.98480224609375
2022-04-06 00:00:00+00:00,43206.73828125,3171.69189453125,420.1463623046875,0.7613139748573303,1.052770972251892,112.88338470458984,0.14341700077056885,0.06328599900007248,4.159380912780762,1.4587470293045044,19.83963394165039,112.46133422851562,82.9559097290039,0.9994930028915405,15.427790641784668,5.8259429931640625,0.20339800417423248,3384.891357421875,0.21058300137519836,2.4000000848900527e-05,331.06793212890625
2022-04-07 00:00:00+00:00,43503.84765625,3233.274658203125,436.7967834472656,0.7879999876022339,1.0918940305709839,118.79651641845703,0.14610199630260468,0.06442999839782715,4.333849906921387,1.5140539407730103,20.4263916015625,114.23019409179688,87.91970825195312,0.9996899962425232,15.775300025939941,5.8467488288879395,0.21293500065803528,3450.28271484375,0.2231689989566803,2.499999936844688e-05,336.7745056152344
2022-04-08 00:00:00+00:00,42287.6640625,3192.073974609375,421.67724609375,0.7540559768676758,1.0263259410858154,109.8008804321289,0.14254899322986603,0.06251899898052216,4.136961936950684,1.4357019662857056,19.4008846282959,110.88206481933594,83.76922607421875,0.9993879795074463,15.135031700134277,5.870569229125977,0.2017270028591156,3398.56103515625,0.20826099812984467,2.4000000848900527e-05,323.3428955078125
2022-04-09 00:00:00+00:00,42782.13671875,3261.916259765625,427.1530456542969,0.7635849714279175,1.0450149774551392,112.97279357910156,0.14430299401283264,0.06396599858999252,4.1761698722839355,1.4643219709396362,19.787586212158203,112.77727508544922,84.5946273803711,1.000359058380127,15.433225631713867,5.854590892791748,0.20501799881458282,3475.15234375,0.21395400166511536,2.499999936844688e-05,326.0784912109375
2022-04-10 00:00:00+00:00,42207.671875,3211.866943359375,418.5906677246094,0.7566140294075012,1.0308849811553955,111.74243927001953,0.14953500032424927,0.06253500282764435,4.134737014770508,1.4334650039672852,19.285306930541992,111.17377471923828,81.81646728515625,0.9994400143623352,15.34876823425293,5.951510906219482,0.20183899998664856,3436.72119140625,0.20938199758529663,2.499999936844688e-05,320.9402770996094
2022-04-11 00:00:00+00:00,39521.90234375,2981.05224609375,394.0868835449219,0.6950230002403259,0.92044997215271,99.33910369873047,0.1346540004014969,0.05822699889540672,3.84181809425354,1.3331739902496338,17.188892364501953,102.60739135742188,74.17261505126953,0.9988740086555481,13.75277042388916,5.554004192352295,0.18679000437259674,3185.67919921875,0.19481900334358215,2.2000000171829015e-05,294.7629699707031
2022-04-12 00:00:00+00:00,40127.18359375,3030.37646484375,413.8739318847656,0.7166140079498291,0.955145001411438,103.30638885498047,0.13807600736618042,0.05995599925518036,3.998317003250122,1.3928680419921875,17.785879135131836,104.82841491699219,76.36006164550781,1.0002349615097046,13.973590850830078,5.705574035644531,0.1926169991493225,3229.252685546875,0.19864100217819214,2.700000004551839e-05,304.5862731933594
2022-04-13 00:00:00+00:00,41166.73046875,3118.34423828125,423.1301574707031,0.7238500118255615,0.9746959805488586,105.00194549560547,0.14008000493049622,0.061514999717473984,4.182704925537109,1.420106053352356,18.19849967956543,110.48245239257812,80.0019760131836,1.0001699924468994,14.183897972106934,5.6898579597473145,0.19653700292110443,3326.78955078125,0.20331799983978271,2.700000004551839e-05,341.97601318359375
2022-04-14 00:00:00+00:00,39935.515625,3019.909423828125,414.6637268066406,0.7268189787864685,0.9324120283126831,100.70780181884766,0.14392000436782837,0.06013200059533119,4.068213939666748,1.3726409673690796,17.930795669555664,107.41104125976562,76.81785583496094,1.0000929832458496,13.646020889282227,5.740508079528809,0.19388000667095184,3222.30517578125,0.1960500031709671,2.5999999706982635e-05,337.5608215332031
2022-04-15 00:00:00+00:00,40553.46484375,3040.91650390625,417.2937316894531,0.7856749892234802,0.9547169804573059,101.30977630615234,0.14602600038051605,0.06188900023698807,4.06580114364624,1.396420955657959,18.350921630859375,111.10934448242188,77.43753814697266,1.0000020265579224,14.120528221130371,5.773069858551025,0.20419999957084656,3242.807373046875,0.20002500712871552,2.5999999706982635e-05,340.6129150390625
2022-04-16 00:00:00+00:00,40424.484375,3062.310302734375,417.47845458984375,0.781840980052948,0.9526399970054626,102.25731658935547,0.14371199905872345,0.06196000054478645,4.049415111541748,1.3909319639205933,18.63007926940918,114.43070983886719,77.89026641845703,0.9997000098228455,14.150530815124512,5.827218055725098,0.20560899376869202,3273.2373046875,0.19826699793338776,2.5999999706982635e-05,343.1981506347656
2022-04-17 00:00:00+00:00,39716.953125,2993.4033203125,407.3777160644531,0.7531539797782898,0.9174659848213196,100.40969848632812,0.13945899903774261,0.060238998383283615,3.9456000328063965,1.3400739431381226,17.780473709106445,109.04278564453125,75.70925903320312,0.9997400045394897,13.76498794555664,5.854565143585205,0.19738000631332397,3195.43896484375,0.19259800016880035,2.499999936844688e-05,328.70330810546875
2022-04-18 00:00:00+00:00,40826.21484375,3057.606689453125,416.9684143066406,0.7680169939994812,0.9367300271987915,102.15853118896484,0.14028599858283997,0.06156099960207939,3.9297258853912354,1.4211549758911133,18.169546127319336,111.22614288330078,77.7936782836914,0.9998810291290283,14.037701606750488,5.952357769012451,0.20509499311447144,3262.230224609375,0.19479499757289886,2.499999936844688e-05,340.0191345214844
2022-04-19 00:00:00+00:00,41502.75,3104.1064453125,422.3870544433594,0.7750629782676697,0.9533330202102661,108.58203125,0.14266499876976013,0.06336800009012222,4.767186164855957,1.4281760454177856,18.896812438964844,113.81208801269531,80.28591918945312,0.9999120235443115,14.258341789245605,5.820404052734375,0.2040340006351471,3314.961181640625,0.19949300587177277,2.499999936844688e-05,340.39520263671875
2022-04-20 00:00:00+00:00,41374.37890625,3077.745849609375,418.354248046875,0.7521780133247375,0.9373409748077393,105.49700164794922,0.14087800681591034,0.06264200061559677,4.367045879364014,1.4177440404891968,19.088777542114258,111.97969055175781,78.27433013916016,0.999646008014679,14.024039268493652,5.95620584487915,0.200422003865242,3288.5576171875,0.1962279975414276,2.499999936844688e-05,330.7242126464844
2022-04-21 00:00:00+00:00,40527.36328125,2987.480712890625,405.0214538574219,0.7331780195236206,0.9104740023612976,101.77613830566406,0.13636499643325806,0.07145699858665466,4.104972839355469,1.3798619508743286,18.18599510192871,106.99798583984375,75.08074188232422,0.9996110200881958,13.588746070861816,5.944632053375244,0.1964620053768158,3187.67041015625,0.19096200168132782,2.4000000848900527e-05,315.8807067871094
2022-04-22 00:00:00+00:00,39740.3203125,2964.835693359375,406.9875183105469,0.7191939949989319,0.9071540236473083,100.61205291748047,0.13639500737190247,0.06678999960422516,4.033188819885254,1.3991390466690063,18.299129486083984,105.60062408447266,74.12296295166016,0.9997689723968506,13.609354019165039,5.850450038909912,0.19561399519443512,3170.427978515625,0.18977099657058716,2.4000000848900527e-05,320.96746826171875
2022-04-23 00:00:00+00:00,39486.73046875,2938.114013671875,401.6524658203125,0.707705020904541,0.8885030150413513,100.74443817138672,0.1342409998178482,0.06765200197696686,4.018770217895508,1.3659709692001343,18.7326717376709,105.5043716430664,72.92001342773438,0.9989029765129089,13.34372615814209,5.887743949890137,0.19199100136756897,3141.684814453125,0.18748700618743896,2.4000000848900527e-05,313.4471435546875
2022-04-24 00:00:00+00:00,39469.29296875,2922.732666015625,399.1053771972656,0.6987389922142029,0.8863499760627747,99.23579406738281,0.13194699585437775,0.06569699943065643,3.936306953430176,1.3442449569702148,18.15865707397461,104.62260437011719,71.60303497314453,0.9993870258331299,13.287423133850098,5.828708171844482,0.18989700078964233,3126.688232421875,0.18561500310897827,2.4000000848900527e-05,308.1383972167969
2022-04-25 00:00:00+00:00,40458.30859375,3009.3935546875,404.35028076171875,0.6944260001182556,0.8986949920654297,101.24763488769531,0.1579589992761612,0.06533099710941315,3.8200910091400146,1.3526660203933716,18.119979858398438,104.68701934814453,72.86742401123047,0.9998829960823059,13.45869255065918,5.932983875274658,0.19221100211143494,3217.57177734375,0.1818470060825348,2.4000000848900527e-05,314.77447509765625
2022-04-26 00:00:00+00:00,38117.4609375,2808.29833984375,385.4830627441406,0.6416990160942078,0.8276450037956238,95.78215026855469,0.1377670019865036,0.06191999837756157,3.6586880683898926,1.2428330183029175,16.65060043334961,98.40467834472656,68.67205810546875,0.9999709725379944,12.35457706451416,5.82572078704834,0.18034300208091736,2995.12548828125,0.16750100255012512,2.300000051036477e-05,295.910400390625
2022-04-27 00:00:00+00:00,39241.12109375,2888.9296875,391.4458312988281,0.652318000793457,0.840595006942749,98.37886810302734,0.1396999955177307,0.06322100013494492,3.760622978210449,1.2576849460601807,16.948017120361328,100.53875732421875,69.85772705078125,0.9997910261154175,12.733110427856445,5.783480167388916,0.1843699961900711,3086.5791015625,0.16936199367046356,2.300000051036477e-05,307.33380126953125
2022-04-28 00:00:00+00:00,39773.828125,2936.94091796875,406.71820068359375,0.6443629860877991,0.8439499735832214,98.18572998046875,0.137363001704216,0.06375200301408768,3.8394320011138916,1.2389039993286133,16.99651336669922,103.32334899902344,67.31945037841797,0.9996690154075623,12.662813186645508,5.711273193359375,0.18569299578666687,3137.26806640625,0.16988199949264526,2.300000051036477e-05,306.7344055175781
2022-04-29 00:00:00+00:00,38609.82421875,2815.601806640625,393.0621643066406,0.6114069819450378,0.8050429821014404,94.01134490966797,0.13502700626850128,0.06353399902582169,3.670909881591797,1.1405789852142334,16.162790298461914,100.37800598144531,63.41709518432617,0.9998289942741394,11.970266342163086,5.7104058265686035,0.17791999876499176,3003.4248046875,0.15918299555778503,2.2000000171829015e-05,294.709228515625
2022-04-30 00:00:00+00:00,37714.875,2730.186767578125,377.767822265625,0.5870910286903381,0.756659984588623,85.09593200683594,0.12755699455738068,0.06276699900627136,3.425158977508545,1.0357500314712524,14.519939422607422,96.16598510742188,57.048004150390625,0.9996160268783569,10.997047424316406,5.666691780090332,0.16937899589538574,2917.714599609375,0.14126800000667572,1.9999999494757503e-05,278.66888427734375
2022-05-01 00:00:00+00:00,38469.09375,2827.756103515625,390.281982421875,0.6078439950942993,0.7903439998626709,89.6715087890625,0.1327729970216751,0.07090599834918976,3.463736057281494,1.1011639833450317,15.381729125976562,99.43577575683594,58.85614776611328,1.000404953956604,11.312018394470215,5.556923866271973,0.1759900003671646,3025.02978515625,0.1463090032339096,2.2000000171829015e-05,284.4119873046875
2022-05-02 00:00:00+00:00,38529.328125,2857.410400390625,389.670654296875,0.6142690181732178,0.7815290093421936,87.58101654052734,0.13093799352645874,0.06878899782896042,3.3787460327148438,1.0775909423828125,14.978443145751953,100.69322967529297,60.51710510253906,0.9992709755897522,11.178779602050781,5.742866039276123,0.17370599508285522,3056.514404296875,0.1399189978837967,2.099999983329326e-05,285.0909423828125
2022-05-03 00:00:00+00:00,37750.453125,2783.476318359375,383.4757995605469,0.6048489809036255,0.7711449861526489,85.84237670898438,0.1295199990272522,0.07233600318431854,3.39774489402771,1.0759589672088623,14.72703742980957,99.343017578125,59.66010665893555,0.9999629855155945,11.121427536010742,5.602704048156738,0.17210699617862701,2976.949951171875,0.13908299803733826,1.9999999494757503e-05,279.4828186035156
2022-05-04 00:00:00+00:00,39698.37109375,2940.644775390625,402.5026550292969,0.6464740037918091,0.8969420194625854,92.7708511352539,0.1358090043067932,0.08624900132417679,3.625446081161499,1.1710319519042969,16.30525779724121,106.27486419677734,67.08610534667969,1.0002069473266602,12.145609855651855,5.6231231689453125,0.18457099795341492,3140.4072265625,0.15126700699329376,2.2000000171829015e-05,299.85614013671875
2022-05-05 00:00:00+00:00,36575.140625,2749.213134765625,378.77362060546875,0.5988860130310059,0.7911520004272461,84.59602355957031,0.12842999398708344,0.07458499819040298,3.3219430446624756,1.0646909475326538,14.58102798461914,96.91891479492188,59.12744140625,0.9997519850730896,10.917400360107422,5.136645793914795,0.17126399278640747,2935.530029296875,0.13597999513149261,1.9999999494757503e-05,277.2933044433594
2022-05-06 00:00:00+00:00,36040.921875,2694.979736328125,379.3042907714844,0.6025699973106384,0.7833589911460876,81.76410675048828,0.12790100276470184,0.08617500215768814,3.358328104019165,1.044132947921753,14.313101768493652,96.79175567626953,57.034324645996094,1.0000619888305664,10.799843788146973,5.376832962036133,0.17129400372505188,2881.218017578125,0.13403399288654327,1.9999999494757503e-05,274.9815368652344
2022-05-07 00:00:00+00:00,35501.953125,2636.093017578125,365.6841125488281,0.5823469758033752,0.7618820071220398,78.9834213256836,0.1275320053100586,0.08326499909162521,3.274106979370117,1.0212039947509766,13.775653839111328,94.5708999633789,55.15669250488281,0.9995309710502625,10.23990535736084,5.2735490798950195,0.16765299439430237,2823.035888671875,0.13043099641799927,1.8999999156221747e-05,268.7116394042969
2022-05-08 00:00:00+00:00,34059.265625,2517.4599609375,355.39874267578125,0.5665270090103149,0.73956298828125,75.22018432617188,0.12420699745416641,0.08752699941396713,3.1569271087646484,0.9743450284004211,13.254074096679688,93.97643280029297,51.52122497558594,0.9995650053024292,9.990030288696289,5.340774059295654,0.16173799335956573,2680.727294921875,0.1276489943265915,1.8000000636675395e-05,261.7698059082031
2022-05-09 00:00:00+00:00,30296.953125,2245.430419921875,299.34893798828125,0.4929400086402893,0.6100879907608032,63.2696533203125,0.104823999106884,0.07326299697160721,2.665513038635254,0.8219149708747864,10.767036437988281,77.9571533203125,41.972042083740234,0.9983389973640442,8.272896766662598,5.200699806213379,0.14297400414943695,2397.13330078125,0.10725100338459015,1.4000000192027073e-05,221.99842834472656
2022-05-10 00:00:00+00:00,31022.90625,2343.510986328125,319.32696533203125,0.513625979423523,0.6289629936218262,66.76615142822266,0.10847699642181396,0.07699800282716751,2.688114881515503,0.890408992767334,11.358491897583008,80.2268295288086,44.56028366088867,0.9999200105667114,8.584442138671875,5.416736125946045,0.14840500056743622,2490.661865234375,0.11507000029087067,1.5999999959603883e-05,231.91481018066406
2022-05-11 00:00:00+00:00,28936.35546875,2072.108642578125,269.9627685546875,0.41337600350379944,0.5127999782562256,50.21084976196289,0.08458100259304047,0.07447300106287003,2.2668020725250244,0.6662909984588623,8.956188201904297,66.38880157470703,30.962865829467773,1.0012739896774292,6.916926860809326,5.207250118255615,0.12552300095558167,2205.296142578125,0.0906130000948906,1.2000000424450263e-05,194.3667449951172
2022-05-12 00:00:00+00:00,29047.751953125,1961.7015380859375,269.4072570800781,0.385206013917923,0.47374600172042847,44.683589935302734,0.08267100155353546,0.06740300357341766,1.9154280424118042,0.6015390157699585,8.745312690734863,64.40274810791016,30.35753631591797,1.0010550022125244,6.569270133972168,5.0922088623046875,0.12093000113964081,2069.408935546875,0.08687900006771088,1.1000000085914508e-05,194.1725616455078
2022-05-13 00:00:00+00:00,29283.103515625,2014.418212890625,290.5841979980469,0.42341700196266174,0.5288770198822021,48.59355163574219,0.08833099901676178,0.07420700043439865,2.113753080368042,0.6675419807434082,10.493300437927246,67.96253967285156,32.13642883300781,0.9997109770774841,7.147284984588623,5.064846992492676,0.13190999627113342,2103.8076171875,0.09637200087308884,1.2999999853491317e-05,202.2874298095703
2022-05-14 00:00:00+00:00,30101.265625,2056.27392578125,297.3876037597656,0.42777401208877563,0.5393580198287964,52.4172248840332,0.08979599922895432,0.07250099629163742,2.259756088256836,0.6861389875411987,11.35068130493164,68.95030975341797,34.08252716064453,1.001531958580017,7.28469181060791,5.019296169281006,0.13843600451946259,2156.315185546875,0.1018029972910881,1.2999999853491317e-05,211.21719360351562
2022-05-15 00:00:00+00:00,31305.11328125,2145.706787109375,312.0077209472656,0.4473710060119629,0.5975000262260437,58.81126022338867,0.09284300357103348,0.07235799729824066,2.3840560913085938,0.7375659942626953,11.795572280883789,71.5303726196289,36.542335510253906,1.0008130073547363,7.941104888916016,4.980979919433594,0.1448429971933365,2262.396484375,0.10778100043535233,1.2999999853491317e-05,214.53973388671875
2022-05-16 00:00:00+00:00,29862.91796875,2022.7259521484375,297.7101135253906,0.42249900102615356,0.5567160248756409,53.646461486816406,0.08784099668264389,0.06908799707889557,2.221203088760376,0.6772819757461548,10.624634742736816,67.21134948730469,32.571998596191406,0.9997069835662842,7.418417930603027,4.935696125030518,0.13577799499034882,2134.559326171875,0.10238400101661682,1.2000000424450263e-05,197.2950439453125
2022-05-17 00:00:00+00:00,30425.857421875,2090.4091796875,305.96343994140625,0.437622994184494,0.5780770182609558,57.12562561035156,0.09021300077438354,0.0722929984331131,2.3025190830230713,0.7269420027732849,11.034235954284668,72.96931457519531,34.396461486816406,1.0006150007247925,7.725452899932861,4.9816389083862305,0.14169800281524658,2208.21923828125,0.10862399637699127,1.2999999853491317e-05,206.68150329589844
2022-05-18 00:00:00+00:00,28720.271484375,1916.6561279296875,287.43878173828125,0.4061659872531891,0.5056149959564209,49.75621032714844,0.08364900201559067,0.07097399979829788,2.011662006378174,0.627577006816864,9.506675720214844,66.41563415527344,29.60548210144043,0.9990410208702087,6.82554292678833,4.9372639656066895,0.1287660002708435,2020.9453125,0.09973900020122528,1.2000000424450263e-05,188.02528381347656
2022-05-19 00:00:00+00:00,30314.333984375,2018.336181640625,306.79156494140625,0.41997599601745605,0.5333210229873657,52.2139778137207,0.08672299981117249,0.07360800355672836,2.125135898590088,0.6588169932365417,10.041605949401855,72.0966796875,30.37901496887207,1.0011780261993408,7.219192981719971,4.9793829917907715,0.1305440068244934,2131.248046875,0.10402599722146988,1.2000000424450263e-05,196.5090789794922
2022-05-20 00:00:00+00:00,29200.740234375,1961.315673828125,302.3592224121094,0.41113701462745667,0.5179070234298706,49.538509368896484,0.08397699892520905,0.07135099917650223,2.067970037460327,0.6365100145339966,9.684747695922852,68.65829467773438,28.953659057617188,0.9999589920043945,6.890322208404541,4.9939751625061035,0.1269409954547882,2072.551513671875,0.09993600100278854,1.2000000424450263e-05,190.89602661132812
2022-05-21 00:00:00+00:00,29432.2265625,1974.518310546875,312.4660339355469,0.41467300057411194,0.5283139944076538,50.3179817199707,0.08446300029754639,0.07406999915838242,2.1179850101470947,0.6493390202522278,9.992506980895996,69.7057876586914,29.86665153503418,1.0007450580596924,7.058111190795898,4.920422077178955,0.13063199818134308,2064.26611328125,0.10135699808597565,1.2000000424450263e-05,192.2581787109375
2022-05-22 00:00:00+00:00,30323.72265625,2043.170166015625,319.6090087890625,0.42233699560165405,0.5426179766654968,52.75518035888672,0.08610499650239944,0.07813099771738052,2.284466028213501,0.6783120036125183,10.186107635498047,71.77400207519531,31.807361602783203,1.0010130405426025,7.356995105743408,4.8939337730407715,0.13570299744606018,2143.15478515625,0.104482002556324,1.2000000424450263e-05,198.9332275390625
2022-05-23 00:00:00+00:00,29098.91015625,1972.181884765625,316.76055908203125,0.4046710133552551,0.5126050114631653,49.05685043334961,0.08325300365686417,0.07628200203180313,2.182400941848755,0.6419389843940735,9.886960983276367,69.01275634765625,29.02623176574707,0.999796986579895,7.028613090515137,4.901161193847656,0.12901799380779266,2071.896728515625,0.0984639972448349,1.2000000424450263e-05,191.71287536621094
2022-05-24 00:00:00+00:00,29655.5859375,1978.9827880859375,328.1893310546875,0.4087130129337311,0.5212240219116211,49.65333557128906,0.08363699913024902,0.08060699701309204,2.2260169982910156,0.6615539789199829,10.181180000305176,70.32154846191406,29.02564811706543,1.0007710456848145,7.234004974365234,4.886074066162109,0.13284100592136383,2079.69677734375,0.09933900088071823,1.2000000424450263e-05,195.79901123046875
2022-05-25 00:00:00+00:00,29562.361328125,1944.827880859375,325.73480224609375,0.4057849943637848,0.5138769745826721,47.982425689697266,0.08298499882221222,0.08462999761104584,2.32361102104187,0.6459270119667053,9.866581916809082,68.31311798095703,27.22537612915039,0.9996169805526733,6.97707986831665,4.891910076141357,0.13215899467468262,2040.277587890625,0.09759099781513214,1.2000000424450263e-05,190.59967041015625
2022-05-26 00:00:00+00:00,29267.224609375,1803.913330078125,304.96392822265625,0.39316999912261963,0.48088300228118896,43.4912109375,0.07825200259685516,0.08236999809741974,2.262526035308838,0.6010609865188599,9.181024551391602,63.8281364440918,23.550029754638672,0.9996870160102844,6.608133792877197,4.8924479484558105,0.12487299740314484,1894.640869140625,0.09104199707508087,1.1000000085914508e-05,181.01046752929688
2022-05-27 00:00:00+00:00,28627.57421875,1724.9228515625,300.9720458984375,0.3817870020866394,0.4555070102214813,40.981346130371094,0.08133500069379807,0.08062200248241425,2.17964506149292,0.5735759735107422,9.131902694702148,61.56392288208008,22.418622970581055,0.9994909763336182,6.273192882537842,4.8781819343566895,0.12029000371694565,1800.844970703125,0.08712399750947952,9.999999747378752e-06,174.08544921875
2022-05-28 00:00:00+00:00,28814.900390625,1757.9417724609375,307.8154296875,0.3863230049610138,0.4647639989852905,44.343162536621094,0.08183900266885757,0.0812549963593483,2.219654083251953,0.5878840088844299,9.666281700134277,62.31327819824219,24.839765548706055,1.000566005706787,6.5723958015441895,5.053679943084717,0.12274699658155441,1837.705322265625,0.08922100067138672,1.1000000085914508e-05,179.02490234375
2022-05-29 00:00:00+00:00,29445.95703125,1812.031005859375,305.9750671386719,0.3890160024166107,0.48112601041793823,44.90961456298828,0.08268599957227707,0.08050700277090073,2.2268710136413574,0.5985490083694458,9.980676651000977,63.74662780761719,26.12006950378418,1.000715970993042,6.7126288414001465,5.084484100341797,0.13075999915599823,1904.40869140625,0.09054200351238251,1.2000000424450263e-05,185.31155395507812
2022-05-30 00:00:00+00:00,31726.390625,1996.4412841796875,321.7528991699219,0.41817501187324524,0.5700730085372925,47.179443359375,0.0878710001707077,0.08325900137424469,2.394547939300537,0.6571679711341858,10.454895973205566,69.12091827392578,27.632150650024414,1.0002989768981934,7.45792293548584,5.2172441482543945,0.14336000382900238,2095.33740234375,0.09754300117492676,1.2000000424450263e-05,196.80284118652344
2022-05-31 00:00:00+00:00,31792.310546875,1942.3280029296875,320.485107421875,0.4218670129776001,0.6252539753913879,45.76784133911133,0.08586499840021133,0.08419100195169449,2.357757091522217,0.6620870232582092,10.366196632385254,68.41138458251953,26.38993263244629,1.000303030014038,7.594669818878174,5.306728839874268,0.15018799901008606,2048.009033203125,0.09443700313568115,1.2000000424450263e-05,203.65670776367188
2022-06-01 00:00:00+00:00,29799.080078125,1823.5693359375,300.5040588378906,0.39808499813079834,0.5527499914169312,40.26966857910156,0.08105599880218506,0.08347400277853012,2.3288819789886475,0.601777970790863,9.47138500213623,62.96781921386719,23.800512313842773,1.0003809928894043,6.926414966583252,4.872470855712891,0.13707299530506134,1925.41650390625,0.08987200260162354,1.1000000085914508e-05,186.33226013183594
2022-06-02 00:00:00+00:00,30467.48828125,1834.1505126953125,308.1017761230469,0.4053019881248474,0.5877950191497803,40.8913459777832,0.08277200162410736,0.08421900123357773,2.4971940517425537,0.6194149851799011,9.897680282592773,64.45135498046875,24.677284240722656,1.0000560283660889,7.20100212097168,4.919923782348633,0.14320799708366394,1931.6129150390625,0.09237699955701828,1.1000000085914508e-05,189.00332641601562
2022-06-03 00:00:00+00:00,29704.390625,1775.07861328125,298.39788818359375,0.3907659947872162,0.5596579909324646,38.259220123291016,0.08044199645519257,0.08114399760961533,2.4721839427948,0.589917004108429,9.376930236816406,62.659263610839844,23.005441665649414,0.9998660087585449,6.862430095672607,4.868618011474609,0.14652299880981445,1865.5118408203125,0.08872900158166885,1.1000000085914508e-05,183.2595977783203
2022-06-04 00:00:00+00:00,29832.9140625,1801.6094970703125,301.6311340332031,0.3923090100288391,0.5660690069198608,38.93144607543945,0.08177699893712997,0.08036699891090393,2.4442970752716064,0.5956569910049438,9.43059253692627,63.74738311767578,24.532329559326172,1.0003440380096436,7.396090030670166,4.963696002960205,0.14345699548721313,1891.97216796875,0.09032099694013596,1.1000000085914508e-05,188.62693786621094
2022-06-05 00:00:00+00:00,29906.662109375,1805.2049560546875,298.9347229003906,0.3953799903392792,0.5670899748802185,38.480533599853516,0.08122900128364563,0.08142600208520889,2.552804946899414,0.5979499816894531,9.34499740600586,63.2078742980957,24.164182662963867,1.0000629425048828,7.636984825134277,5.07053279876709,0.14369599521160126,1900.6334228515625,0.09346500039100647,1.1000000085914508e-05,180.0278778076172
2022-06-06 00:00:00+00:00,31370.671875,1859.2896728515625,295.3960266113281,0.4030109941959381,0.6093279719352722,42.43313217163086,0.08252999931573868,0.0817049965262413,2.5899369716644287,0.6325010061264038,9.492770195007324,64.41727447509766,25.98859214782715,0.9998729825019836,7.966335773468018,5.108333110809326,0.1449269950389862,1952.73046875,0.09671200066804886,1.1000000085914508e-05,185.79116821289062
2022-06-07 00:00:00+00:00,31155.478515625,1814.04833984375,290.34112548828125,0.4077019989490509,0.6154450178146362,39.43757247924805,0.08051300048828125,0.08201300352811813,2.537554979324341,0.6166599988937378,9.228157043457031,63.90550994873047,24.63542938232422,0.9999359846115112,8.732022285461426,5.295543193817139,0.14059799909591675,1920.1549072265625,0.0909620001912117,1.1000000085914508e-05,182.37486267089844
2022-06-08 00:00:00+00:00,30214.35546875,1793.572265625,288.6160888671875,0.40064799785614014,0.6416140198707581,38.84336853027344,0.07943899929523468,0.08063700050115585,2.520737886428833,0.607429027557373,9.003771781921387,61.54667663574219,24.500253677368164,1.000040054321289,8.71743106842041,5.346055030822754,0.14015600085258484,1878.7247314453125,0.08810000121593475,1.1000000085914508e-05,177.0389862060547
2022-06-09 00:00:00+00:00,30111.998046875,1789.8260498046875,289.9196472167969,0.4003239870071411,0.6329200267791748,39.97260665893555,0.0793360024690628,0.08097600191831589,2.436384916305542,0.6336650252342224,9.23209285736084,60.215972900390625,24.410659790039062,1.0002000331878662,9.276540756225586,5.421284198760986,0.13990400731563568,1852.7999267578125,0.08670499920845032,1.1000000085914508e-05,175.6043701171875
2022-06-10 00:00:00+00:00,29083.8046875,1665.042236328125,286.04669189453125,0.38173601031303406,0.5742160081863403,37.08976745605469,0.0754539966583252,0.07894399762153625,2.2714390754699707,0.5949959754943848,8.652823448181152,56.658416748046875,22.07607078552246,0.9993789792060852,8.04669189453125,5.495643138885498,0.1331460028886795,1684.28173828125,0.0811609998345375,9.999999747378752e-06,167.9102020263672
2022-06-11 00:00:00+00:00,28360.810546875,1529.6634521484375,269.48699951171875,0.3590250015258789,0.5527769923210144,33.82111740112305,0.06989499926567078,0.07594700157642365,2.1844570636749268,0.538565993309021,8.0161771774292,52.29166030883789,19.798967361450195,0.9997640252113342,7.016141891479492,5.499495029449463,0.12510399520397186,1581.909423828125,0.07784099876880646,9.000000318337698e-06,156.95407104492188
2022-06-12 00:00:00+00:00,26762.6484375,1445.216552734375,255.9508819580078,0.3454900085926056,0.4968610107898712,30.743270874023438,0.06433600187301636,0.07642299681901932,2.0047409534454346,0.5019019842147827,7.450017929077148,48.228904724121094,17.387441635131836,0.9998970031738281,6.341506004333496,5.50135612487793,0.11928699910640717,1495.3946533203125,0.06987900286912918,9.000000318337698e-06,147.1142120361328
2022-06-13 00:00:00+00:00,22487.388671875,1204.582763671875,222.5057830810547,0.31080201268196106,0.4631330072879791,28.19236183166504,0.05392099916934967,0.06379400193691254,1.6401300430297852,0.42788299918174744,7.01019811630249,43.30030059814453,16.019935607910156,1.0007660388946533,5.887118816375732,5.288761138916016,0.10651999711990356,1243.3912353515625,0.06560000032186508,7.999999979801942e-06,126.7068099975586
2022-06-14 00:00:00+00:00,22206.79296875,1211.662841796875,223.22125244140625,0.32214298844337463,0.48438599705696106,29.714618682861328,0.05559200048446655,0.055785998702049255,1.642348051071167,0.41576001048088074,7.365457057952881,46.132015228271484,16.54035186767578,1.0004019737243652,6.759265899658203,5.368481159210205,0.11292000114917755,1240.6351318359375,0.06740599870681763,7.999999979801942e-06,126.29086303710938
2022-06-15 00:00:00+00:00,22572.83984375,1233.2064208984375,233.39671325683594,0.3437030017375946,0.5332959890365601,34.48794174194336,0.06300000101327896,0.06293299794197083,1.751528024673462,0.4377489984035492,8.510278701782227,50.49177169799805,18.21199607849121,1.0009779930114746,7.3247151374816895,4.996503829956055,0.1205269992351532,1240.3055419921875,0.07179799675941467,9.000000318337698e-06,127.5723876953125
2022-06-16 00:00:00+00:00,20381.650390625,1067.730712890625,209.5387420654297,0.3120560050010681,0.47502198815345764,29.989742279052734,0.0550290010869503,0.05908999964594841,1.7738620042800903,0.3819270133972168,7.099977016448975,44.6997184753418,15.73227596282959,1.0001200437545776,6.336337089538574,4.993967056274414,0.10885699838399887,1076.8056640625,0.06510999798774719,7.999999979801942e-06,109.38005065917969
2022-06-17 00:00:00+00:00,20471.482421875,1086.519287109375,215.8917999267578,0.32138100266456604,0.48739200830459595,30.742919921875,0.056995000690221786,0.059873998165130615,1.8502310514450073,0.3998410105705261,7.294320106506348,47.684913635253906,16.00944709777832,1.0003939867019653,6.363194942474365,5.0356059074401855,0.11208300292491913,1094.032958984375,0.06821899861097336,7.999999979801942e-06,120.93612670898438
2022-06-18 00:00:00+00:00,19017.642578125,993.6367797851562,197.04299926757812,0.3080900013446808,0.45618200302124023,31.80793571472168,0.053011998534202576,0.06092299893498421,1.7223060131072998,0.34665900468826294,7.05811882019043,47.247257232666016,14.841096878051758,1.0011940002441406,5.93533992767334,5.033898830413818,0.10783299803733826,999.2755126953125,0.06227999925613403,7.999999979801942e-06,116.51904296875
2022-06-19 00:00:00+00:00,20553.271484375,1127.656494140625,214.9205322265625,0.3260529935359955,0.48436400294303894,34.24374771118164,0.06039600074291229,0.06149499863386154,1.757912039756775,0.3831090033054352,7.516707897186279,54.32316589355469,16.18973731994629,1.0000649690628052,6.599023818969727,5.211949825286865,0.1145709976553917,1133.55615234375,0.06647100299596786,7.999999979801942e-06,120.19225311279297
2022-06-20 00:00:00+00:00,20599.537109375,1127.6424560546875,216.93426513671875,0.32334598898887634,0.49226099252700806,35.4171142578125,0.060176998376846313,0.06115199998021126,1.7596310377120972,0.4007590115070343,7.886880874633789,52.90559387207031,17.137866973876953,1.0006990432739258,7.002992153167725,5.412367820739746,0.11317899823188782,1142.745361328125,0.07084599882364273,7.999999979801942e-06,118.97757720947266
2022-06-21 00:00:00+00:00,20710.59765625,1124.8245849609375,219.49862670898438,0.32862600684165955,0.479203999042511,36.121158599853516,0.06557100266218185,0.06484600156545639,1.831426978111267,0.4188779890537262,7.742199897766113,53.5076789855957,16.85599708557129,0.9998419880867004,6.838943004608154,5.578676223754883,0.11415000259876251,1145.291015625,0.07337000221014023,1.1000000085914508e-05,118.88475799560547
2022-06-22 00:00:00+00:00,19987.029296875,1051.421875,214.2619171142578,0.32258498668670654,0.4585680067539215,34.12163543701172,0.06171099841594696,0.06312499940395355,1.7949930429458618,0.4565579891204834,7.408511161804199,52.10539245605469,16.07598876953125,0.999110996723175,6.633892059326172,5.81202507019043,0.11328800022602081,1072.0185546875,0.07016199827194214,9.999999747378752e-06,113.30838775634766
2022-06-23 00:00:00+00:00,21085.876953125,1143.38671875,228.95375061035156,0.33553099632263184,0.4802919924259186,38.17523193359375,0.06403200328350067,0.06374700367450714,1.8696719408035278,0.5614690184593201,7.787092208862305,55.76283264160156,18.290050506591797,1.0005580186843872,7.001298904418945,5.814560890197754,0.11799199879169464,1172.415283203125,0.07324100285768509,9.999999747378752e-06,116.16727447509766
2022-06-24 00:00:00+00:00,21231.65625,1226.8447265625,240.23831176757812,0.36758700013160706,0.4992240071296692,42.2120475769043,0.06712400168180466,0.06590099632740021,1.9425820112228394,0.6122009754180908,8.205907821655273,55.99228286743164,20.54885482788086,1.0003869533538818,7.2897748947143555,5.843570232391357,0.12784600257873535,1268.430419921875,0.07391700148582458,1.1000000085914508e-05,114.53982543945312
2022-06-25 00:00:00+00:00,21502.337890625,1243.4468994140625,239.69065856933594,0.36755600571632385,0.49894601106643677,42.33281326293945,0.0685029998421669,0.06491400301456451,1.930899977684021,0.6004760265350342,8.1337308883667,58.96992874145508,21.366357803344727,1.0008970499038696,7.2714080810546875,5.891125202178955,0.1269019991159439,1290.9185791015625,0.07430599629878998,1.2000000424450263e-05,115.27176666259766
2022-06-26 00:00:00+00:00,21027.294921875,1199.8316650390625,233.85874938964844,0.3588640093803406,0.48965299129486084,39.40808868408203,0.07317700237035751,0.06496399641036987,1.8534150123596191,0.5607240200042725,7.835564136505127,56.87614440917969,19.692432403564453,0.9996039867401123,6.745378017425537,5.907211780548096,0.12021899968385696,1247.10107421875,0.06876800209283829,1.1000000085914508e-05,113.07980346679688
2022-06-27 00:00:00+00:00,20735.478515625,1193.6806640625,233.65402221679688,0.35323500633239746,0.4857900142669678,38.45125198364258,0.0722389966249466,0.06707199662923813,1.9002670049667358,0.5327320098876953,7.744108200073242,55.92555618286133,19.31756591796875,0.9992349743843079,6.558154106140137,5.757041931152344,0.118988998234272,1238.88134765625,0.0700720027089119,1.1000000085914508e-05,111.42684936523438
2022-06-28 00:00:00+00:00,20280.634765625,1144.5792236328125,226.92733764648438,0.3373290002346039,0.46967101097106934,35.326438903808594,0.06595700234174728,0.06603799760341644,1.8576829433441162,0.5111070275306702,7.310051918029785,52.81161117553711,18.120983123779297,0.9998909831047058,6.322357177734375,5.7447919845581055,0.11444199830293655,1182.6497802734375,0.06589300185441971,9.999999747378752e-06,103.17231750488281
2022-06-29 00:00:00+00:00,20104.0234375,1098.94384765625,219.2844696044922,0.3289780020713806,0.46550899744033813,33.8739013671875,0.06946799904108047,0.0648299977183342,1.812332034111023,0.4952319860458374,7.009116172790527,53.42253875732422,17.5980167388916,1.0003479719161987,6.2102251052856445,5.909609794616699,0.10981199890375137,1132.35400390625,0.06454599648714066,9.999999747378752e-06,104.40489959716797
2022-06-30 00:00:00+00:00,19784.7265625,1067.298828125,219.3000946044922,0.3314479887485504,0.4588490128517151,33.588417053222656,0.06608600169420242,0.06475500017404556,1.738232970237732,0.4773710072040558,7.039863109588623,53.64842987060547,16.929367065429688,1.000162959098816,6.252963066101074,5.77014684677124,0.11195100098848343,1105.1739501953125,0.0632380023598671,9.999999747378752e-06,102.73477935791016
2022-07-01 00:00:00+00:00,19269.3671875,1059.767333984375,216.0154571533203,0.31367701292037964,0.44808900356292725,32.803070068359375,0.06617499887943268,0.06494399905204773,1.7423460483551025,0.46123701333999634,6.729926109313965,51.11524200439453,16.085920333862305,0.999970018863678,6.069790840148926,5.7845587730407715,0.10935799777507782,1097.8203125,0.061546001583337784,9.999999747378752e-06,101.41802215576172
2022-07-02 00:00:00+00:00,19242.255859375,1066.5128173828125,218.0352325439453,0.31557899713516235,0.45635101199150085,33.35940933227539,0.06669799983501434,0.06476599723100662,1.8437939882278442,0.4930419921875,6.825884819030762,50.48544692993164,16.336135864257812,1.0001239776611328,6.2256269454956055,5.724213123321533,0.10864999890327454,1104.744873046875,0.06339900195598602,9.999999747378752e-06,106.48081970214844
2022-07-03 00:00:00+00:00,19297.076171875,1073.7669677734375,218.98031616210938,0.3217029869556427,0.4555869996547699,33.38593292236328,0.06717900186777115,0.06624600291252136,1.9130710363388062,0.46063899993896484,6.843846797943115,50.97217559814453,16.660402297973633,1.0002180337905884,6.2058610916137695,5.7274861335754395,0.1089479997754097,1116.0628662109375,0.06238599866628647,9.999999747378752e-06,105.5800552368164
2022-07-04 00:00:00+00:00,20231.26171875,1151.05908203125,231.57412719726562,0.32879000902175903,0.4696440100669861,36.785030364990234,0.06947200000286102,0.06723800301551819,1.843546986579895,0.49159300327301025,7.173793792724609,52.24381637573242,17.939966201782227,1.0007879734039307,6.431877136230469,5.739130020141602,0.1111840009689331,1198.4866943359375,0.06371299922466278,9.999999747378752e-06,108.13239288330078
2022-07-05 00:00:00+00:00,20190.115234375,1134.541015625,230.8463592529297,0.325423002243042,0.45763200521469116,35.39555358886719,0.06715500354766846,0.06819400191307068,1.7614669799804688,0.5117179751396179,6.8494181632995605,49.83059310913086,18.064729690551758,0.9998769760131836,6.321958065032959,5.736900806427002,0.10807099938392639,1183.659912109375,0.06170700117945671,9.999999747378752e-06,104.31560516357422
2022-07-06 00:00:00+00:00,20548.24609375,1186.9739990234375,238.49993896484375,0.3322719931602478,0.4621790051460266,37.07356262207031,0.06858299672603607,0.06758599728345871,1.788741946220398,0.5252649784088135,6.9299798011779785,50.361087799072266,19.147266387939453,1.0006979703903198,6.338929176330566,5.817660808563232,0.10937099903821945,1246.5830078125,0.06255800276994705,9.999999747378752e-06,106.16500854492188
2022-07-07 00:00:00+00:00,21637.587890625,1237.5933837890625,241.5445098876953,0.3421509861946106,0.4778119921684265,38.518306732177734,0.07062099874019623,0.06864400207996368,1.8334360122680664,0.5625439882278442,7.310357093811035,52.14289474487305,20.23383903503418,1.0004299879074097,6.641354084014893,5.803749084472656,0.11395499855279922,1301.7847900390625,0.06485400348901749,1.1000000085914508e-05,111.64202880859375
2022-07-08 00:00:00+00:00,21731.1171875,1222.5062255859375,240.75071716308594,0.34162798523902893,0.46731099486351013,38.286720275878906,0.06925699859857559,0.06902199983596802,1.8651460409164429,0.6062650084495544,7.071249961853027,51.5649528503418,19.79790687561035,0.9995909929275513,6.379156112670898,5.706827163696289,0.11332400143146515,1289.9847412109375,0.06425300240516663,1.1000000085914508e-05,109.0074234008789
2022-07-09 00:00:00+00:00,21592.20703125,1216.978271484375,243.24107360839844,0.3449519872665405,0.4787600040435791,38.07196044921875,0.06951200217008591,0.06983300298452377,1.8880109786987305,0.5895839929580688,7.261516094207764,54.16061782836914,19.91847801208496,0.9997360110282898,6.503009796142578,5.6976728439331055,0.11281099915504456,1277.217041015625,0.06916800141334534,1.2000000424450263e-05,111.57935333251953
2022-07-10 00:00:00+00:00,20860.44921875,1168.401611328125,234.65557861328125,0.3256630003452301,0.4632200002670288,36.697608947753906,0.06726299971342087,0.06764700263738632,1.87643301486969,0.5712680220603943,6.858699798583984,52.16814041137695,19.152053833007812,0.9995089769363403,6.201322078704834,5.638490200042725,0.10741200298070908,1225.3153076171875,0.06503500044345856,1.1000000085914508e-05,107.04318237304688
2022-07-11 00:00:00+00:00,19970.556640625,1097.236572265625,225.85850524902344,0.31429699063301086,0.4355199933052063,33.463600158691406,0.06184700131416321,0.06471800059080124,1.753909945487976,0.5635250210762024,6.536404132843018,48.77458953857422,17.374582290649414,0.9994800090789795,6.044690132141113,5.371984958648682,0.10143300145864487,1152.6600341796875,0.06079300120472908,9.999999747378752e-06,99.30374908447266
2022-07-12 00:00:00+00:00,19323.9140625,1038.191650390625,220.4645538330078,0.3116590082645416,0.417928010225296,32.75759506225586,0.06008699908852577,0.06464400142431259,1.6958880424499512,0.5398619771003723,6.298569202423096,47.54238510131836,16.84541130065918,0.9991970062255859,5.968434810638428,5.358458042144775,0.10054700076580048,1080.1837158203125,0.05958700180053711,9.999999747378752e-06,97.541748046875
2022-07-13 00:00:00+00:00,20212.07421875,1113.587158203125,230.52476501464844,0.3237299919128418,0.43810799717903137,34.91093826293945,0.06195300072431564,0.0662430003285408,1.7592259645462036,0.6359469890594482,6.469764232635498,49.56312561035156,18.80950355529785,1.0009939670562744,6.177943229675293,5.2995429039001465,0.10540500283241272,1156.7105712890625,0.06316900253295898,1.1000000085914508e-05,102.34386444091797
2022-07-14 00:00:00+00:00,20569.919921875,1191.5262451171875,238.1644744873047,0.3332209885120392,0.4410249888896942,37.10782241821289,0.062394000589847565,0.06688199937343597,1.7664480209350586,0.7075889706611633,6.718585968017578,51.218807220458984,19.729873657226562,0.9997900128364563,6.268181800842285,5.384328842163086,0.10698500275611877,1239.4853515625,0.06401500105857849,1.1000000085914508e-05,103.00496673583984
2022-07-15 00:00:00+00:00,20836.328125,1233.129150390625,238.57398986816406,0.33453500270843506,0.4424560070037842,37.41592788696289,0.06304199993610382,0.06707099825143814,1.825382947921753,0.7046700119972229,6.805499076843262,51.798065185546875,19.386037826538086,0.9999740123748779,6.327785015106201,5.293519973754883,0.10748899728059769,1286.2711181640625,0.0652339980006218,1.1000000085914508e-05,106.08636474609375
2022-07-16 00:00:00+00:00,21190.31640625,1352.62646484375,249.5938720703125,0.3508610129356384,0.45723000168800354,39.57412338256836,0.06428000330924988,0.06889700144529343,1.8376319408416748,0.726830005645752,7.175996780395508,55.12516403198242,21.21149253845215,0.9999600052833557,6.577694892883301,5.408201217651367,0.10943000018596649,1414.502197265625,0.06643199920654297,1.1000000085914508e-05,109.59832763671875
2022-07-17 00:00:00+00:00,20779.34375,1338.6357421875,247.84848022460938,0.34341201186180115,0.4473530054092407,38.64472198486328,0.06310699880123138,0.06742700189352036,1.800603985786438,0.753013014793396,6.923593044281006,55.721351623535156,20.605005264282227,0.9993429780006409,6.348729133605957,5.241660118103027,0.10650999844074249,1409.099609375,0.06492099910974503,1.1000000085914508e-05,110.63470458984375
2022-07-18 00:00:00+00:00,22485.689453125,1578.7178955078125,264.88604736328125,0.3661769926548004,0.4925430119037628,43.746158599853516,0.06771499663591385,0.0690779983997345,1.8836050033569336,0.9617800116539001,7.684226989746094,58.62628936767578,24.08971405029297,1.0005769729614258,7.059539794921875,5.422098159790039,0.11446300148963928,1648.709228515625,0.07088500261306763,1.2000000424450263e-05,121.6329116821289
2022-07-19 00:00:00+00:00,23389.43359375,1542.9752197265625,268.81732177734375,0.37322500348091125,0.5157679915428162,44.89987564086914,0.06901299953460693,0.06914199888706207,1.9877619743347168,0.9257910251617432,7.802577972412109,57.98419952392578,24.737207412719727,1.0001230239868164,7.256052017211914,5.308946132659912,0.11865200102329254,1627.9967041015625,0.0735040009021759,1.2000000424450263e-05,128.44296264648438
2022-07-20 00:00:00+00:00,23231.732421875,1520.20068359375,258.33880615234375,0.3604840040206909,0.49104300141334534,42.09366989135742,0.07011999934911728,0.06760500371456146,1.9080959558486938,0.8327580094337463,7.464480876922607,57.23776626586914,23.59771728515625,0.9991480112075806,6.872341156005859,5.224492073059082,0.11196199804544449,1609.3021240234375,0.07053899765014648,1.2000000424450263e-05,121.8243637084961
2022-07-21 00:00:00+00:00,23164.62890625,1576.74951171875,265.4625549316406,0.36703601479530334,0.5000979900360107,43.19059371948242,0.06995999813079834,0.06803199648857117,1.9249969720840454,0.9074059724807739,7.529248237609863,58.099822998046875,25.04392433166504,0.9999960064888,6.9986982345581055,5.362557888031006,0.11354699730873108,1665.24658203125,0.0713300034403801,1.2000000424450263e-05,122.982177734375
2022-07-22 00:00:00+00:00,22714.978515625,1537.4051513671875,262.87744140625,0.3586040139198303,0.4839459955692291,40.61850357055664,0.067562997341156,0.06705400347709656,1.9304200410842896,0.8534409999847412,7.309357166290283,56.17611312866211,23.715850830078125,0.9999489784240723,6.8113532066345215,5.387824058532715,0.11195199936628342,1621.98779296875,0.06972499936819077,1.2000000424450263e-05,123.50938415527344
2022-07-23 00:00:00+00:00,22465.478515625,1549.2974853515625,259.4630126953125,0.35954099893569946,0.5173680186271667,40.040977478027344,0.06812400370836258,0.06695900112390518,1.9190330505371094,0.875423014163971,7.331504821777344,56.42631912231445,23.646005630493164,1.000154972076416,6.857292175292969,5.21967887878418,0.11160899698734283,1638.0318603515625,0.06871999800205231,1.2000000424450263e-05,122.71155548095703
2022-07-24 00:00:00+00:00,22609.1640625,1599.4766845703125,261.8648681640625,0.3592599928379059,0.5138139724731445,41.00658416748047,0.06772399693727493,0.06694400310516357,1.9150400161743164,0.881263017654419,7.413887023925781,58.48570251464844,23.86612319946289,0.9997869729995728,7.106037139892578,5.201251029968262,0.11342699825763702,1695.2979736328125,0.0722699984908104,1.2000000424450263e-05,132.38540649414062
2022-07-25 00:00:00+00:00,21361.701171875,1445.3834228515625,245.14849853515625,0.33731499314308167,0.4762499928474426,36.711997985839844,0.0623060017824173,0.06385499984025955,1.8112280368804932,0.7757260203361511,6.769231796264648,54.366275787353516,20.975677490234375,0.9993450045585632,6.465126037597656,5.055384159088135,0.10619500279426575,1530.2733154296875,0.0654970034956932,1.1000000085914508e-05,119.32747650146484
2022-07-26 00:00:00+00:00,21239.75390625,1441.8067626953125,248.9583740234375,0.3378159999847412,0.4676069915294647,36.190853118896484,0.06251200288534164,0.06533899903297424,1.8072760105133057,0.7802429795265198,6.766584873199463,53.7901725769043,20.668285369873047,1.0005700588226318,6.341288089752197,5.083974838256836,0.1054610013961792,1519.51513671875,0.06568799912929535,1.1000000085914508e-05,118.63275146484375
2022-07-27 00:00:00+00:00,22930.548828125,1636.232666015625,271.5043640136719,0.3591180145740509,0.5105530023574829,40.3078498840332,0.06702099740505219,0.06866499781608582,1.8916150331497192,0.8956959843635559,7.666439056396484,58.95100402832031,23.418182373046875,0.9999619722366333,6.855407238006592,5.181502819061279,0.11246199905872345,1731.224609375,0.07044699788093567,1.1000000085914508e-05,127.09396362304688
2022-07-28 00:00:00+00:00,23843.88671875,1725.4681396484375,277.2939147949219,0.3733760118484497,0.5133280158042908,42.84526824951172,0.06910800188779831,0.06975600123405457,1.954401969909668,0.9361129999160767,7.861245155334473,63.46399688720703,24.237096786499023,0.9990209937095642,7.219182014465332,5.317829132080078,0.11666599661111832,1814.9495849609375,0.07232800126075745,1.2000000424450263e-05,154.74412536621094
2022-07-29 00:00:00+00:00,23804.6328125,1727.406982421875,293.9533386230469,0.36867499351501465,0.5233349800109863,41.926998138427734,0.06890899688005447,0.06928999722003937,1.9505319595336914,0.9387419819831848,8.185586929321289,60.92249298095703,24.522363662719727,0.9991199970245361,7.912095069885254,5.167405128479004,0.11778300255537033,1813.6884765625,0.07183200120925903,1.2000000424450263e-05,152.3015899658203
2022-07-30 00:00:00+00:00,23656.20703125,1695.969482421875,287.5361328125,0.38776400685310364,0.5255759954452515,43.755889892578125,0.06964399665594101,0.06914299726486206,1.975234031677246,0.9296129941940308,8.208561897277832,60.44015121459961,24.228477478027344,0.9993690252304077,7.80338716506958,5.0520501136779785,0.11936599761247635,1778.5406494140625,0.07278800010681152,1.2000000424450263e-05,145.0458526611328
2022-07-31 00:00:00+00:00,23336.896484375,1681.517333984375,283.5794677734375,0.3804579973220825,0.5170199871063232,42.400203704833984,0.06827200204133987,0.06894300132989883,2.052406072616577,0.9282649755477905,8.645670890808105,59.909507751464844,23.74578285217285,0.9991009831428528,7.666137218475342,5.002699851989746,0.11778700351715088,1770.65234375,0.07595600187778473,1.2000000424450263e-05,139.98597717285156
2022-08-01 00:00:00+00:00,23314.19921875,1635.19580078125,283.53948974609375,0.3799760043621063,0.5141230225563049,41.78648376464844,0.06872499734163284,0.06993699818849564,2.1716339588165283,0.8944060206413269,8.194031715393066,59.53544616699219,23.658235549926758,1.0000669956207275,7.58688497543335,5.1736931800842285,0.11857999861240387,1716.676025390625,0.07692199945449829,1.2000000424450263e-05,138.21359252929688
2022-08-02 00:00:00+00:00,22978.1171875,1632.9454345703125,283.82098388671875,0.37202098965644836,0.4968329966068268,39.7545051574707,0.0666939988732338,0.06837300211191177,2.0455610752105713,0.8791570067405701,7.938991069793701,58.24385452270508,22.86105728149414,0.9996740221977234,7.208191871643066,5.033902168273926,0.11517299711704254,1723.2733154296875,0.07288599759340286,1.2000000424450263e-05,134.04917907714844
2022-08-03 00:00:00+00:00,22846.5078125,1618.87451171875,298.3567810058594,0.3698520064353943,0.5009880065917969,38.54441833496094,0.06619500368833542,0.06782499700784683,2.074846029281616,0.8876979947090149,8.00753116607666,57.80519104003906,23.071916580200195,0.9996640086174011,7.2863311767578125,5.000692844390869,0.11418599635362625,1703.858154296875,0.07085099816322327,1.2000000424450263e-05,134.50466918945312
2022-08-04 00:00:00+00:00,22630.95703125,1608.205810546875,310.7060546875,0.3713510036468506,0.4996680021286011,38.83067321777344,0.06735700368881226,0.06894399970769882,2.1004769802093506,0.8918799757957458,8.089339256286621,59.848575592041016,23.375619888305664,1.0001709461212158,7.356004238128662,5.004549026489258,0.11391200125217438,1692.531982421875,0.07213599979877472,1.2000000424450263e-05,134.64825439453125
2022-08-05 00:00:00+00:00,23289.314453125,1732.254638671875,315.185546875,0.37659499049186707,0.517503023147583,40.561031341552734,0.06976500153541565,0.06982800364494324,2.146375894546509,0.9276589751243591,8.813465118408203,62.40127182006836,24.949527740478516,1.000417947769165,7.864570140838623,4.936560153961182,0.11827400326728821,1807.79638671875,0.0759119987487793,1.2000000424450263e-05,141.2279815673828
2022-08-06 00:00:00+00:00,22961.279296875,1691.6580810546875,315.06890869140625,0.37157100439071655,0.5112559795379639,40.0570068359375,0.0686739981174469,0.06947200000286102,2.15474009513855,0.9073359966278076,8.516014099121094,60.91834259033203,26.659427642822266,0.999405026435852,7.802283763885498,4.930630207061768,0.1217230036854744,1771.4493408203125,0.07688599824905396,1.2000000424450263e-05,141.84368896484375
2022-08-07 00:00:00+00:00,23175.890625,1699.350830078125,322.921142578125,0.3725059926509857,0.5274699926376343,40.6055908203125,0.06893999874591827,0.06963299959897995,2.158607006072998,0.9066900014877319,8.646408081054688,61.1023063659668,27.889965057373047,0.999114990234375,8.307045936584473,4.892917156219482,0.12368600070476532,1773.1734619140625,0.07692699879407883,1.2000000424450263e-05,141.35702514648438
2022-08-08 00:00:00+00:00,23809.486328125,1775.51611328125,324.8004150390625,0.37875398993492126,0.5365960001945496,42.17055130004883,0.07005500048398972,0.07011000066995621,2.1855080127716064,0.9215499758720398,9.268288612365723,62.59212875366211,27.94895362854004,0.9997259974479675,8.645899772644043,4.790863037109375,0.13010799884796143,1853.00341796875,0.08007500320672989,1.2000000424450263e-05,143.53553771972656
2022-08-09 00:00:00+00:00,23164.318359375,1703.0250244140625,324.9123229980469,0.36810100078582764,0.5140519738197327,40.372623443603516,0.06912499666213989,0.06847400218248367,2.0866260528564453,0.8905079960823059,8.906953811645508,59.2599983215332,27.420223236083984,1.000370979309082,8.758238792419434,4.941009044647217,0.12224499881267548,1776.1322021484375,0.07456900179386139,1.2000000424450263e-05,134.7403106689453
2022-08-10 00:00:00+00:00,23947.642578125,1851.74267578125,328.4711608886719,0.3810650110244751,0.5370929837226868,42.365867614746094,0.07119499891996384,0.07032199949026108,2.1991069316864014,0.9373279809951782,9.502070426940918,61.603851318359375,29.1173095703125,1.0002720355987549,9.055891036987305,4.707979202270508,0.1257299929857254,1934.51806640625,0.07856699824333191,1.2000000424450263e-05,142.0718994140625
2022-08-11 00:00:00+00:00,23957.529296875,1881.22412109375,323.80023193359375,0.38056299090385437,0.5312579870223999,42.8217887878418,0.07092999666929245,0.07033099979162216,2.3020548820495605,0.9214040040969849,9.208972930908203,61.90461349487305,28.555143356323242,0.9995539784431458,8.965302467346191,4.691320896148682,0.12536199390888214,1972.571533203125,0.08093199878931046,1.2000000424450263e-05,142.97476196289062
2022-08-12 00:00:00+00:00,24402.818359375,1957.2464599609375,327.5146789550781,0.3799949884414673,0.5407530069351196,45.33475875854492,0.07234500348567963,0.07045099884271622,2.324686050415039,0.9339079856872559,9.479537010192871,62.932228088378906,29.343828201293945,0.9997460246086121,9.333063125610352,4.776297092437744,0.1263210028409958,2047.1820068359375,0.08287700265645981,1.2999999853491317e-05,143.0982208251953
2022-08-13 00:00:00+00:00,24424.068359375,1981.3365478515625,323.8701477050781,0.37796398997306824,0.5598130226135254,46.485347747802734,0.07283999770879745,0.06990399956703186,2.3838040828704834,1.0248470306396484,9.290427207946777,63.7535285949707,29.108469009399414,0.9996100068092346,9.13301944732666,4.8811869621276855,0.12667900323867798,2087.10009765625,0.08114899694919586,1.2999999853491317e-05,144.31005859375
2022-08-14 00:00:00+00:00,24319.333984375,1936.802001953125,317.98663330078125,0.3764509856700897,0.570343017578125,44.916568756103516,0.08168700337409973,0.07039999961853027,2.344871997833252,1.0009089708328247,8.958501815795898,63.30875778198242,28.215635299682617,0.999426007270813,8.774847984313965,5.110036849975586,0.1256050020456314,2038.06494140625,0.07895799726247787,1.700000029813964e-05,139.5986785888672
2022-08-15 00:00:00+00:00,24136.97265625,1904.2281494140625,319.8872985839844,0.37577399611473083,0.5511710047721863,43.82322311401367,0.07671999931335449,0.06893599778413773,2.2968270778656006,0.9520350098609924,8.80242919921875,60.82551574707031,27.92951011657715,0.999563992023468,8.659610748291016,5.361138820648193,0.12350799888372421,2000.3968505859375,0.07784199714660645,1.4999999621068127e-05,137.51512145996094
2022-08-16 00:00:00+00:00,23883.291015625,1878.139404296875,316.4236755371094,0.3772369921207428,0.5579149723052979,43.15880584716797,0.08696399629116058,0.06971599906682968,2.2212069034576416,0.9357960224151611,8.842569351196289,61.34233856201172,27.162704467773438,0.9998459815979004,8.466906547546387,5.2156901359558105,0.12195199728012085,1975.40966796875,0.07693099975585938,1.5999999959603883e-05,136.57183837890625
2022-08-17 00:00:00+00:00,23335.998046875,1832.9996337890625,306.63641357421875,0.379707008600235,0.5370380282402039,40.403053283691406,0.08015400171279907,0.06821899861097336,2.1472299098968506,0.8831790089607239,8.359841346740723,60.3741569519043,25.486738204956055,0.9994469881057739,8.04944133758545,5.281216144561768,0.1210940033197403,1932.355712890625,0.07346600294113159,1.4999999621068127e-05,133.74916076660156
2022-08-18 00:00:00+00:00,23212.73828125,1847.0078125,298.1412353515625,0.37096500396728516,0.5126330256462097,39.545230865478516,0.07507900148630142,0.06744299829006195,2.1926279067993164,0.8596519827842712,8.09457015991211,60.04568862915039,24.25769805908203,0.9986600279808044,7.6731181144714355,5.309181213378906,0.11598099768161774,1946.9041748046875,0.0706930011510849,1.4000000192027073e-05,129.26272583007812
2022-08-19 00:00:00+00:00,20877.552734375,1612.9873046875,279.7187194824219,0.33504900336265564,0.450980007648468,35.8902587890625,0.06793899834156036,0.06408199667930603,1.8956539630889893,0.7721350193023682,7.325466156005859,54.0316276550293,22.487878799438477,0.9989290237426758,6.907883167266846,5.197970867156982,0.10814200341701508,1699.4080810546875,0.06534600257873535,1.2999999853491317e-05,114.59532928466797
2022-08-20 00:00:00+00:00,21166.060546875,1577.0037841796875,283.6931457519531,0.33754101395606995,0.45138800144195557,35.26973342895508,0.06954000145196915,0.06578899919986725,1.9136509895324707,0.7868880033493042,7.233099937438965,54.18755340576172,22.302879333496094,1.0006190538406372,6.905580997467041,5.063648223876953,0.10924500226974487,1657.62939453125,0.06769800186157227,1.2999999853491317e-05,114.68006896972656
2022-08-21 00:00:00+00:00,21534.12109375,1619.3189697265625,302.0562744140625,0.3453019857406616,0.4635460078716278,36.533199310302734,0.06944800168275833,0.06598299741744995,1.932692050933838,0.8202160000801086,7.438866138458252,55.492027282714844,22.977310180664062,0.9997310042381287,7.087409019470215,5.110690116882324,0.11109700053930283,1706.0023193359375,0.06924699991941452,1.2999999853491317e-05,119.31036376953125
2022-08-22 00:00:00+00:00,21398.908203125,1622.505859375,300.5591125488281,0.3447209894657135,0.46144598722457886,35.47438049316406,0.06839100271463394,0.0655599981546402,1.8704429864883423,0.8103410005569458,7.401978969573975,57.25567626953125,22.581424713134766,1.0002939701080322,7.034696102142334,5.092702865600586,0.10957200080156326,1708.2978515625,0.06641100347042084,1.2999999853491317e-05,122.85778045654297
2022-08-23 00:00:00+00:00,21528.087890625,1662.7698974609375,299.0299377441406,0.34709200263023376,0.4652070105075836,35.6462516784668,0.06876999884843826,0.06625799834728241,1.8816109895706177,0.831794023513794,7.638373851776123,57.07943344116211,23.52440071105957,0.9998959898948669,7.244895935058594,5.351366996765137,0.11080600321292877,1751.750732421875,0.06707800179719925,1.2999999853491317e-05,133.4949188232422
2022-08-24 00:00:00+00:00,21395.01953125,1657.0592041015625,296.4496765136719,0.34614500403404236,0.4581089913845062,34.957916259765625,0.06798999756574631,0.0648529976606369,1.8702789545059204,0.8135910034179688,7.572387218475342,56.47816848754883,23.024131774902344,0.9994980096817017,7.135585784912109,5.312732219696045,0.10943900048732758,1752.2965087890625,0.067501001060009,1.2999999853491317e-05,131.21229553222656
2022-08-25 00:00:00+00:00,21600.904296875,1696.45703125,301.5836486816406,0.349496990442276,0.4649989902973175,35.316463470458984,0.06909400224685669,0.06550200283527374,1.9174000024795532,0.8187280297279358,7.587152004241943,56.79257583618164,23.02031707763672,1.000223994255066,7.133749008178711,5.160337924957275,0.1103539988398552,1791.364501953125,0.06961800158023834,1.4000000192027073e-05,130.68069458007812
2022-08-26 00:00:00+00:00,20260.01953125,1507.7828369140625,279.5981750488281,0.3383699953556061,0.43086299300193787,31.726362228393555,0.063571996986866,0.06164800003170967,1.772940993309021,0.7637230157852173,6.9239630699157715,52.744449615478516,20.59803009033203,0.9993500113487244,6.486523151397705,5.148438930511475,0.10379999876022339,1588.2906494140625,0.06257300078868866,1.2000000424450263e-05,116.28633880615234
2022-08-27 00:00:00+00:00,20041.73828125,1491.39501953125,277.80157470703125,0.3353469967842102,0.44970300793647766,31.54243278503418,0.0635870024561882,0.06289999932050705,1.8252019882202148,0.8053479790687561,7.048661231994629,53.05023956298828,20.0777587890625,1.0001569986343384,6.537517070770264,5.145065784454346,0.10554800182580948,1567.9412841796875,0.06293100118637085,1.2000000424450263e-05,115.35123443603516
2022-08-28 00:00:00+00:00,19616.814453125,1430.54736328125,276.2508850097656,0.3230949938297272,0.43004900217056274,30.39228630065918,0.061785999685525894,0.06147100031375885,1.7430059909820557,0.7842509746551514,6.84318208694458,53.61201858520508,18.430381774902344,0.9987019896507263,6.263700008392334,5.15841817855835,0.10285300016403198,1508.74462890625,0.06252399832010269,1.2000000424450263e-05,113.46882629394531
2022-08-29 00:00:00+00:00,20297.994140625,1553.037353515625,286.2214050292969,0.33379700779914856,0.4507029950618744,32.46529769897461,0.06388700008392334,0.06336099654436111,1.7777400016784668,0.8174030184745789,7.28245210647583,55.77189254760742,19.349014282226562,0.9999179840087891,6.703226089477539,5.267136096954346,0.10586600005626678,1633.4697265625,0.06590200215578079,1.2000000424450263e-05,119.61377716064453
2022-08-30 00:00:00+00:00,19796.80859375,1523.8388671875,281.42535400390625,0.32686901092529297,0.4521690011024475,31.41205596923828,0.061524998396635056,0.06469599902629852,1.7847009897232056,0.8145359754562378,7.0034308433532715,53.05681228637695,19.34550666809082,0.9990910291671753,6.557106971740723,5.367693901062012,0.10242199897766113,1607.840087890625,0.06344199925661087,1.2000000424450263e-05,114.65457916259766
2022-08-31 00:00:00+00:00,20049.763671875,1553.6849365234375,279.23809814453125,0.3278700113296509,0.4466649889945984,31.47295570373535,0.061330001801252365,0.06340699642896652,1.7980259656906128,0.8318210244178772,7.026895046234131,53.85666275024414,19.128339767456055,0.9996399879455566,6.630672931671143,5.777228832244873,0.10427600145339966,1636.5179443359375,0.06310400366783142,1.2000000424450263e-05,115.3424072265625
2022-09-01 00:00:00+00:00,20127.140625,1586.1767578125,278.417236328125,0.33319398760795593,0.4574809968471527,31.585678100585938,0.06237199902534485,0.06324999779462814,1.759992003440857,0.8854309916496277,7.186677932739258,57.52796936035156,19.306751251220703,0.9998170137405396,6.895674228668213,5.552080154418945,0.10500899702310562,1668.8055419921875,0.06340499967336655,1.2000000424450263e-05,116.70771789550781
2022-09-02 00:00:00+00:00,19969.771484375,1577.220458984375,277.4161071777344,0.33125901222229004,0.45455899834632874,31.227930068969727,0.06163499876856804,0.0625929981470108,1.7383610010147095,0.8719679713249207,7.302052021026611,61.04099655151367,18.860631942749023,1.0001909732818604,6.923276901245117,5.397659778594971,0.10444500297307968,1656.2742919921875,0.06185799837112427,1.2000000424450263e-05,116.36717987060547
2022-09-03 00:00:00+00:00,19832.087890625,1556.8726806640625,277.77557373046875,0.32996898889541626,0.48038700222969055,31.10948371887207,0.0626939982175827,0.06311199814081192,1.7496730089187622,0.8892750144004822,7.285171031951904,60.134803771972656,18.875083923339844,1.000229001045227,6.8400068283081055,5.179209232330322,0.1052820011973381,1634.5159912109375,0.06102000176906586,1.2000000424450263e-05,117.7043228149414
2022-09-04 00:00:00+00:00,19986.712890625,1577.6416015625,278.84185791015625,0.3317990005016327,0.5030840039253235,32.106956481933594,0.06322599947452545,0.06351999938488007,1.74918794631958,0.8942300081253052,7.3704328536987305,60.90089416503906,19.005001068115234,1.0002700090408325,7.145918846130371,5.259082794189453,0.10638900101184845,1654.1041259765625,0.06155499815940857,1.2999999853491317e-05,118.1373519897461
2022-09-05 00:00:00+00:00,19812.37109375,1617.1832275390625,276.6859130859375,0.33296000957489014,0.4991210103034973,32.19464874267578,0.06273800134658813,0.06295499950647354,1.7454710006713867,0.881430983543396,7.364227771759033,60.416404724121094,19.426530838012695,1.0001840591430664,7.364040851593018,5.076697826385498,0.10503800213336945,1697.1070556640625,0.06216700002551079,1.2999999853491317e-05,125.6686019897461
2022-09-06 00:00:00+00:00,18837.66796875,1561.74853515625,262.66839599609375,0.3222079873085022,0.4630660116672516,30.891742706298828,0.05898300185799599,0.06076499819755554,1.6347639560699463,0.8188769817352295,6.879021167755127,54.31306076049805,18.21985626220703,0.9985610246658325,6.672347068786621,5.141356945037842,0.0999630019068718,1625.7369384765625,0.05852299928665161,1.2000000424450263e-05,112.50064849853516
2022-09-07 00:00:00+00:00,19290.32421875,1629.9063720703125,278.7613220214844,0.3373669981956482,0.4792819917201996,32.71091842651367,0.061103999614715576,0.06181899830698967,1.686460018157959,0.8408460021018982,7.198486804962158,57.41590118408203,19.032773971557617,1.0002919435501099,7.082168102264404,5.1314778327941895,0.10299400240182877,1697.32958984375,0.060708001255989075,1.2000000424450263e-05,118.64579772949219
2022-09-08 00:00:00+00:00,19329.833984375,1635.34765625,280.5774841308594,0.34024500846862793,0.4792740046977997,33.608646392822266,0.06097700074315071,0.06122799962759018,1.8412879705429077,0.8442130088806152,7.390428066253662,58.003257751464844,19.123456954956055,1.0001029968261719,7.407059192657471,4.993373870849609,0.10436999797821045,1713.554443359375,0.0611799992620945,1.2000000424450263e-05,127.14407348632812
2022-09-09 00:00:00+00:00,21381.15234375,1719.08544921875,293.4071350097656,0.3575170040130615,0.5029199719429016,34.73976516723633,0.06401800364255905,0.0634159967303276,1.8296380043029785,0.8915079832077026,7.770864963531494,61.23288345336914,20.400781631469727,0.999987006187439,7.747072219848633,4.974438190460205,0.11439400166273117,1803.268310546875,0.06374099850654602,1.2999999853491317e-05,132.77561950683594
2022-09-10 00:00:00+00:00,21680.5390625,1776.2037353515625,296.96905517578125,0.357681006193161,0.5124220252037048,35.12672805786133,0.06477600336074829,0.06466899812221527,1.8079630136489868,0.9061970114707947,7.78572416305542,63.431644439697266,20.497501373291016,0.9997159838676453,7.913443088531494,4.987809181213379,0.1149429976940155,1867.5230712890625,0.0638590008020401,1.2999999853491317e-05,132.8063201904297
2022-09-11 00:00:00+00:00,21769.255859375,1761.800048828125,295.161865234375,0.355118989944458,0.5097519755363464,34.96596145629883,0.06371399760246277,0.06409800052642822,1.8225860595703125,0.8946130275726318,7.698151111602783,62.24362564086914,20.658855438232422,1.0001970529556274,8.01537799835205,5.061100959777832,0.11434999853372574,1854.0247802734375,0.06403599679470062,1.2999999853491317e-05,130.25624084472656
2022-09-12 00:00:00+00:00,22370.44921875,1713.7652587890625,293.6587219238281,0.3594450056552887,0.5015460252761841,37.4241828918457,0.06390500068664551,0.06382299959659576,1.8313720226287842,0.9300119876861572,7.6618452072143555,61.36201477050781,21.348209381103516,0.9997590184211731,7.747560977935791,5.036938190460205,0.11387000232934952,1808.81884765625,0.0734969973564148,1.2999999853491317e-05,128.7611083984375
2022-09-13 00:00:00+00:00,20296.70703125,1580.7879638671875,277.5769348144531,0.3336920142173767,0.4688810110092163,33.430816650390625,0.06012900173664093,0.06109600141644478,1.7082979679107666,0.8544139862060547,7.134012222290039,59.10230255126953,19.06827163696289,0.999750018119812,7.128942012786865,5.008528232574463,0.10492900013923645,1658.958984375,0.06498400121927261,1.2000000424450263e-05,119.0383071899414
2022-09-14 00:00:00+00:00,20241.08984375,1634.7550048828125,279.3858642578125,0.3420819938182831,0.4813759922981262,34.09157180786133,0.06117299944162369,0.061608001589775085,1.739197015762329,0.8647890090942383,7.20316219329834,60.14519119262695,19.120759963989258,1.0001169443130493,7.4550018310546875,4.860776901245117,0.10514800250530243,1719.1199951171875,0.06418000161647797,1.2000000424450263e-05,120.23064422607422
2022-09-15 00:00:00+00:00,19701.2109375,1471.6934814453125,270.806884765625,0.32633501291275024,0.4656440019607544,33.04768371582031,0.05879100039601326,0.06125300005078316,1.7048970460891724,0.8242989778518677,6.926549911499023,56.35026168823242,18.186092376708984,0.9996939897537231,7.545806884765625,4.88363790512085,0.1020750030875206,1549.3505859375,0.06101499870419502,1.2000000424450263e-05,117.83324432373047
2022-09-16 00:00:00+00:00,19772.583984375,1432.44775390625,274.6545715332031,0.356687992811203,0.47412601113319397,32.208858489990234,0.060423001646995544,0.061292000114917755,1.7366869449615479,0.8060460090637207,6.896842956542969,55.844261169433594,18.056598663330078,1.0001180171966553,7.644145965576172,4.927649974822998,0.10713999718427658,1507.8582763671875,0.06063900142908096,1.2000000424450263e-05,119.55599212646484
2022-09-17 00:00:00+00:00,20127.576171875,1469.74169921875,279.24932861328125,0.3770039975643158,0.4871560037136078,33.75077819824219,0.062210001051425934,0.06228800117969513,1.7439579963684082,0.8294839859008789,7.063626766204834,57.81655502319336,18.483089447021484,1.0001569986343384,8.10516357421875,4.981533050537109,0.11351899802684784,1544.418212890625,0.06174800172448158,1.2000000424450263e-05,122.25165557861328
2022-09-18 00:00:00+00:00,19419.505859375,1335.3291015625,266.31317138671875,0.35832300782203674,0.4471859931945801,31.05985450744629,0.05751999840140343,0.06087600067257881,1.6548130512237549,0.7534220218658447,6.4452362060546875,52.84428405761719,16.732431411743164,0.9993659853935242,7.507727146148682,4.654930114746094,0.10726100206375122,1406.566162109375,0.05744900181889534,1.1000000085914508e-05,111.87236785888672
2022-09-19 00:00:00+00:00,19544.12890625,1377.5413818359375,272.06982421875,0.38707301020622253,0.4535039961338043,32.685302734375,0.058612000197172165,0.06033499911427498,1.660776972770691,0.7660380005836487,6.396911144256592,52.87487030029297,17.304716110229492,0.9993469715118408,7.312716960906982,4.652514934539795,0.11185300350189209,1450.540771484375,0.05901800096035004,1.1000000085914508e-05,112.22876739501953
2022-09-20 00:00:00+00:00,18890.7890625,1324.38818359375,266.3695983886719,0.41518300771713257,0.44189900159835815,31.433040618896484,0.058416999876499176,0.059748001396656036,1.605694055557251,0.7332789897918701,6.280214786529541,52.36106491088867,16.66739845275879,0.9994519948959351,6.8872880935668945,4.753521919250488,0.1174440011382103,1395.009521484375,0.057498998939991,1.1000000085914508e-05,112.89227294921875
2022-09-21 00:00:00+00:00,18547.400390625,1252.6077880859375,264.7920837402344,0.3968279957771301,0.4411590099334717,30.826377868652344,0.05740400031208992,0.05919399857521057,1.602255940437317,0.7042239904403687,6.155726909637451,51.236183166503906,16.61811637878418,1.0000489950180054,6.712920188903809,4.321591854095459,0.11101000010967255,1319.5009765625,0.056752000004053116,9.999999747378752e-06,109.46312713623047
2022-09-22 00:00:00+00:00,19413.55078125,1327.68017578125,275.5002746582031,0.48510101437568665,0.4589659869670868,32.408905029296875,0.059599000960588455,0.06026000156998634,1.635077953338623,0.752830982208252,6.4477949142456055,53.51061248779297,17.690845489501953,0.9996860027313232,7.118292808532715,4.909883975982666,0.12302699685096741,1399.32421875,0.060074999928474426,1.1000000085914508e-05,116.53922271728516
2022-09-23 00:00:00+00:00,19297.638671875,1328.259521484375,276.6262512207031,0.5071709752082825,0.4618209898471832,33.6766357421875,0.06333599984645844,0.060446999967098236,1.625851035118103,0.7787100076675415,6.438068866729736,55.08971405029297,17.959775924682617,1.0001250505447388,7.4476189613342285,4.251974105834961,0.12309499830007553,1397.6563720703125,0.061163999140262604,1.1000000085914508e-05,120.06118774414062
2022-09-24 00:00:00+00:00,18937.01171875,1317.9932861328125,275.1353759765625,0.4887160062789917,0.45159998536109924,33.462650299072266,0.06323400139808655,0.05987099930644035,1.6212140321731567,0.75416100025177,6.278332233428955,53.5192985534668,17.623594284057617,0.9995539784431458,7.636966228485107,4.2592692375183105,0.11819999665021896,1389.315185546875,0.06113100051879883,1.1000000085914508e-05,117.92076873779297
2022-09-25 00:00:00+00:00,18802.09765625,1294.216796875,274.0612487792969,0.49262699484825134,0.4461880028247833,32.33536148071289,0.06115199998021126,0.05972699820995331,1.6088789701461792,0.7401890158653259,6.201147079467773,52.63199996948242,17.33123016357422,0.9998270273208618,7.865859031677246,4.080310821533203,0.11739400029182434,1362.8167724609375,0.0590520016849041,1.1000000085914508e-05,113.50005340576172
2022-09-26 00:00:00+00:00,19222.671875,1335.3201904296875,275.9278564453125,0.4676780104637146,0.4467569887638092,33.88055419921875,0.06108900159597397,0.05954800173640251,1.5943009853363037,0.7547540068626404,6.550901889801025,53.432064056396484,17.542062759399414,0.9998679757118225,7.928506851196289,4.0656938552856445,0.11362600326538086,1435.9696044921875,0.06002200022339821,1.1000000085914508e-05,116.20259857177734
2022-09-27 00:00:00+00:00,19110.546875,1330.127685546875,272.40155029296875,0.4487760066986084,0.44189000129699707,32.75012969970703,0.06060900166630745,0.05940999835729599,1.6031349897384644,0.7404059767723083,6.384195804595947,52.73725891113281,17.30769157409668,0.9998130202293396,8.074233055114746,4.133380889892578,0.11032599955797195,1436.128662109375,0.05835999920964241,1.1000000085914508e-05,114.40727996826172
2022-09-28 00:00:00+00:00,19426.720703125,1337.410888671875,281.7812194824219,0.4506720006465912,0.4372900128364563,33.23543930053711,0.06062300130724907,0.05959499999880791,1.5960719585418701,0.7473729848861694,6.393946170806885,53.30842590332031,17.25748634338379,0.9993879795074463,7.814181804656982,4.122704029083252,0.1083419993519783,1439.05224609375,0.05802600085735321,1.1000000085914508e-05,114.26228332519531
2022-09-29 00:00:00+00:00,19573.05078125,1335.65234375,283.7890319824219,0.4854170083999634,0.4381699860095978,33.952449798583984,0.06072799861431122,0.0610320009291172,1.5982940196990967,0.76351398229599,6.432816028594971,53.91404724121094,17.3486385345459,1.0000849962234497,7.901172161102295,4.203856945037842,0.11532899737358093,1442.97119140625,0.05786700174212456,1.1000000085914508e-05,116.74011993408203
2022-09-30 00:00:00+00:00,19431.7890625,1327.9786376953125,284.1922912597656,0.47977399826049805,0.43441399931907654,33.21244430541992,0.06165299937129021,0.061014000326395035,1.5870150327682495,0.7774459719657898,6.315189838409424,53.397037506103516,17.196197509765625,0.9998180270195007,7.581145763397217,4.189727783203125,0.1144310012459755,1459.2127685546875,0.0573199987411499,1.1000000085914508e-05,120.04029846191406
2022-10-01 00:00:00+00:00,19312.095703125,1311.6444091796875,282.8719177246094,0.4751099944114685,0.4302929937839508,32.46939468383789,0.06062699854373932,0.060474999248981476,1.5793100595474243,0.7658810019493103,6.272256851196289,52.90686798095703,16.970863342285156,0.9994680285453796,7.387452125549316,4.120730876922607,0.12135200202465057,1428.376953125,0.05765699967741966,1.1000000085914508e-05,117.18318939208984
2022-10-02 00:00:00+00:00,19044.107421875,1276.093505859375,284.43310546875,0.44885000586509705,0.41963300108909607,32.05569839477539,0.05928799882531166,0.060878999531269073,1.5721280574798584,0.7642509937286377,6.163300037384033,51.9116325378418,16.53337860107422,0.9996489882469177,7.13367223739624,4.092133045196533,0.11857099831104279,1390.4954833984375,0.056391000747680664,1.1000000085914508e-05,114.40396881103516
2022-10-03 00:00:00+00:00,19623.580078125,1323.439208984375,287.031982421875,0.4628790020942688,0.42799800634384155,32.967620849609375,0.06038400158286095,0.06139399856328964,1.579543948173523,0.8018050193786621,6.379696846008301,54.17620849609375,17.16819190979004,1.000059962272644,7.335093021392822,4.172752857208252,0.1169470027089119,1429.1365966796875,0.057874999940395355,1.1000000085914508e-05,116.26018524169922
2022-10-04 00:00:00+00:00,20336.84375,1362.1265869140625,296.2984619140625,0.4801740050315857,0.43576499819755554,34.12247085571289,0.06596200168132782,0.06232000142335892,1.6093230247497559,0.8361300230026245,6.494706153869629,55.2984619140625,17.440378189086914,0.9998850226402283,7.72127103805542,4.1426920890808105,0.11914200335741043,1465.1868896484375,0.0584460012614727,1.2000000424450263e-05,121.24559783935547
2022-10-05 00:00:00+00:00,20160.716796875,1352.837158203125,294.1376647949219,0.48968300223350525,0.4312730133533478,34.073883056640625,0.06473500281572342,0.06242600083351135,1.6293350458145142,0.8513619899749756,6.435239791870117,54.579307556152344,17.373703002929688,0.9996669888496399,7.875545024871826,4.1737961769104,0.11894500255584717,1457.53466796875,0.057941000908613205,1.1000000085914508e-05,122.21883392333984
2022-10-06 00:00:00+00:00,19955.443359375,1351.70947265625,286.6341552734375,0.49318400025367737,0.4286870062351227,33.34281921386719,0.06344400346279144,0.06278400123119354,1.6346449851989746,0.8330519795417786,6.337180137634277,53.49364471435547,17.037782669067383,0.9995020031929016,7.637218952178955,4.0621137619018555,0.11943300068378448,1486.169189453125,0.058100998401641846,1.1000000085914508e-05,118.43882751464844
2022-10-07 00:00:00+00:00,19546.849609375,1332.5169677734375,283.18267822265625,0.5182780027389526,0.4243200123310089,33.00146484375,0.06240899860858917,0.06249900162220001,1.6137620210647583,0.8319000005722046,6.331758975982666,52.866939544677734,16.90461540222168,0.9996269941329956,7.606438159942627,4.110762119293213,0.12232200056314468,1455.761962890625,0.0604499988257885,1.1000000085914508e-05,116.79872131347656
2022-10-08 00:00:00+00:00,19416.568359375,1315.50048828125,276.4695739746094,0.5171129703521729,0.4217360019683838,32.57793426513672,0.061677999794483185,0.06207200139760971,1.6317980289459229,0.8136389851570129,6.307404041290283,52.79837417602539,16.785358428955078,0.999763011932373,7.448554992675781,4.082879066467285,0.12625299394130707,1442.236083984375,0.06028300151228905,1.1000000085914508e-05,116.97750854492188
2022-10-09 00:00:00+00:00,19446.42578125,1322.604248046875,278.2380676269531,0.5340610146522522,0.4230720102787018,32.913883209228516,0.06215599924325943,0.06242699921131134,1.6351820230484009,0.8253769874572754,6.475232124328613,53.910037994384766,16.903053283691406,0.9998859763145447,7.62626314163208,4.10391092300415,0.12883999943733215,1442.41259765625,0.060088999569416046,1.1000000085914508e-05,117.22793579101562
2022-10-10 00:00:00+00:00,19141.484375,1291.337646484375,271.8060607910156,0.49701398611068726,0.4018009901046753,31.970834732055664,0.05951299890875816,0.06283199787139893,1.5636579990386963,0.815284013748169,6.2617621421813965,52.75587463378906,16.238502502441406,0.9992560148239136,7.381631851196289,4.069587230682373,0.12381300330162048,1412.7225341796875,0.058396998792886734,9.999999747378752e-06,111.73036193847656
2022-10-11 00:00:00+00:00,19051.41796875,1279.57568359375,271.37139892578125,0.48539701104164124,0.3905400037765503,30.77686882019043,0.06025800108909607,0.06162700057029724,1.5395389795303345,0.7905439734458923,6.179375171661377,52.0184211730957,15.951668739318848,0.9996899962425232,7.128554821014404,4.0843610763549805,0.1159920021891594,1404.70361328125,0.060903001576662064,9.999999747378752e-06,111.11306762695312
2022-10-12 00:00:00+00:00,19157.4453125,1294.9063720703125,270.97100830078125,0.48837000131607056,0.3813000023365021,31.165485382080078,0.059881001710891724,0.06177600100636482,1.562041997909546,0.784313976764679,6.176181793212891,52.22134780883789,15.961630821228027,0.9992989897727966,7.149956226348877,4.137594223022461,0.11638999730348587,1404.658935546875,0.06571400165557861,9.999999747378752e-06,111.90184020996094
2022-10-13 00:00:00+00:00,19382.904296875,1288.1239013671875,271.8514099121094,0.4808120131492615,0.3776380121707916,30.544519424438477,0.05967399850487709,0.0610090009868145,1.5148019790649414,0.7758209705352783,6.116868019104004,51.24348449707031,15.671713829040527,0.9996430277824402,7.038730144500732,4.237611770629883,0.11211500316858292,1374.8349609375,0.06496000289916992,9.999999747378752e-06,108.9775390625
2022-10-14 00:00:00+00:00,19185.65625,1297.422119140625,269.5671691894531,0.4889659881591797,0.36685100197792053,30.007417678833008,0.058642998337745667,0.06394100189208984,1.5236059427261353,0.7927230000495911,6.044194221496582,51.3155632019043,15.68238353729248,1.000115990638733,6.896554946899414,4.438086032867432,0.11245100200176239,1411.113037109375,0.06163499876856804,9.999999747378752e-06,107.54891204833984
2022-10-15 00:00:00+00:00,19067.634765625,1274.8717041015625,268.4040832519531,0.48150700330734253,0.36374399065971375,29.575347900390625,0.05857999995350838,0.06182299926877022,1.5147980451583862,0.7901009917259216,6.052940845489502,50.469181060791016,15.440478324890137,0.9996669888496399,6.886902809143066,4.456822872161865,0.11188899725675583,1394.5489501953125,0.06040399894118309,9.999999747378752e-06,108.06718444824219
2022-10-16 00:00:00+00:00,19268.09375,1306.296630859375,272.51995849609375,0.47701001167297363,0.37028101086616516,30.168840408325195,0.05891399830579758,0.061820998787879944,1.5192489624023438,0.7995629906654358,6.18602991104126,51.480918884277344,15.755318641662598,0.9998059868812561,7.175411224365234,4.489011764526367,0.11348699778318405,1415.2513427734375,0.06138499826192856,9.999999747378752e-06,110.33349609375
2022-10-17 00:00:00+00:00,19550.7578125,1331.713623046875,275.5125732421875,0.4799180030822754,0.3723450005054474,31.224876403808594,0.05993499979376793,0.06266500055789948,1.549394965171814,0.847258985042572,6.2531352043151855,51.84383773803711,16.18509864807129,0.9995589852333069,7.333412170410156,4.509477138519287,0.11426699906587601,1432.094970703125,0.06244400143623352,9.999999747378752e-06,110.58451080322266
2022-10-18 00:00:00+00:00,19334.416015625,1310.447021484375,273.2145690917969,0.4659770131111145,0.3618200123310089,30.164331436157227,0.059776000678539276,0.06216999888420105,1.5448700189590454,0.8645099997520447,6.15846586227417,51.87700271606445,15.871760368347168,0.9996780157089233,7.117894172668457,4.304983139038086,0.11243399977684021,1419.8076171875,0.062199000269174576,9.999999747378752e-06,108.72208404541016
2022-10-19 00:00:00+00:00,19139.53515625,1285.7442626953125,271.9813537597656,0.45122700929641724,0.3500320017337799,28.900798797607422,0.058713000267744064,0.06178300082683563,1.4944839477539062,0.8460860252380371,6.106726169586182,50.98663330078125,15.107032775878906,1.0001070499420166,6.778677940368652,4.139109134674072,0.11074899882078171,1395.1619873046875,0.059376999735832214,9.999999747378752e-06,106.15585327148438
2022-10-20 00:00:00+00:00,19053.740234375,1283.200927734375,269.2712707519531,0.4480839967727661,0.340254008769989,28.08509635925293,0.05953599885106087,0.062212999910116196,1.5109119415283203,0.8101159930229187,5.885611057281494,51.191001892089844,15.187332153320312,0.9997490048408508,6.666734218597412,4.090980052947998,0.11008500307798386,1399.843017578125,0.0585240013897419,9.999999747378752e-06,106.39016723632812
2022-10-21 00:00:00+00:00,19172.46875,1299.9464111328125,270.0384216308594,0.46109798550605774,0.3490769863128662,28.10867691040039,0.05933399870991707,0.06166199967265129,1.5417569875717163,0.8320930004119873,5.834850788116455,51.62337112426758,15.690286636352539,0.9999160170555115,6.813488960266113,4.076620101928711,0.11092499643564224,1399.3411865234375,0.05968799814581871,9.999999747378752e-06,107.005615234375
2022-10-22 00:00:00+00:00,19208.189453125,1314.2991943359375,270.4794921875,0.46546998620033264,0.351408988237381,28.01386260986328,0.05969399958848953,0.06164000183343887,1.5486589670181274,0.8323850035667419,5.848344802856445,52.180171966552734,15.683671951293945,0.9999240040779114,6.870748996734619,4.09722900390625,0.1112539991736412,1430.9417724609375,0.05973299965262413,9.999999747378752e-06,108.70037078857422
2022-10-23 00:00:00+00:00,19567.0078125,1363.447021484375,276.0081787109375,0.46903300285339355,0.3620989918708801,29.270071029663086,0.060346998274326324,0.061879999935626984,1.5951529741287231,0.8998370170593262,5.960238933563232,53.95036697387695,16.30229377746582,1.0001709461212158,7.0656352043151855,4.158306121826172,0.11195400357246399,1480.076171875,0.06057300046086311,9.999999747378752e-06,110.88642120361328
2022-10-24 00:00:00+00:00,19345.572265625,1344.99853515625,273.9774169921875,0.45382100343704224,0.35785698890686035,28.3100643157959,0.059505999088287354,0.061365000903606415,1.5865360498428345,0.8938770294189453,5.915407180786133,52.569244384765625,15.759552001953125,0.9997429847717285,6.913847923278809,4.079998970031738,0.11031900346279144,1463.5814208984375,0.058649998158216476,9.999999747378752e-06,107.93132781982422
2022-10-25 00:00:00+00:00,20095.857421875,1461.6654052734375,284.4325256347656,0.461544007062912,0.4019879996776581,30.93997573852539,0.06288199871778488,0.06241200119256973,1.62876296043396,0.9197390079498291,6.447359085083008,56.02515411376953,16.668628692626953,0.9999539852142334,7.080036163330078,4.147983074188232,0.11201400309801102,1614.04345703125,0.05981700122356415,9.999999747378752e-06,112.79578399658203
2022-10-26 00:00:00+00:00,20770.44140625,1566.566650390625,290.3769836425781,0.46937599778175354,0.4034920036792755,31.28472137451172,0.07280000299215317,0.0634320005774498,1.6440130472183228,0.9381380081176758,6.465909957885742,56.39167785644531,17.015155792236328,0.9997749924659729,7.15816593170166,4.3127970695495605,0.11359599977731705,1710.05126953125,0.060552000999450684,1.1000000085914508e-05,114.58954620361328
2022-10-27 00:00:00+00:00,20285.8359375,1514.3748779296875,286.8441162109375,0.4624069929122925,0.3886969983577728,30.630624771118164,0.07701800018548965,0.06297899782657623,1.6022850275039673,0.904833972454071,6.336136817932129,54.80760955810547,16.913970947265625,0.9997199773788452,6.908006191253662,4.353860855102539,0.11124599725008011,1671.634765625,0.05873600021004677,1.1000000085914508e-05,112.5551528930664
2022-10-28 00:00:00+00:00,20595.3515625,1555.4779052734375,298.0141906738281,0.47398099303245544,0.40450701117515564,32.111263275146484,0.08389700204133987,0.06356199830770493,1.61005699634552,0.9448480010032654,6.521455764770508,55.00389862060547,18.340309143066406,1.0003060102462769,7.116174221038818,4.423121929168701,0.11264699697494507,1689.2080078125,0.06005199998617172,1.2000000424450263e-05,115.57781219482422
2022-10-29 00:00:00+00:00,20818.4765625,1619.698486328125,304.21795654296875,0.47041600942611694,0.4197779893875122,32.85712814331055,0.12160299718379974,0.06418000161647797,1.6155259609222412,0.9338110089302063,6.63375997543335,56.496177673339844,18.307973861694336,1.000241994857788,7.613306999206543,4.4887309074401855,0.11350300163030624,1759.55712890625,0.06125099956989288,1.2999999853491317e-05,118.45816802978516
2022-10-30 00:00:00+00:00,20635.603515625,1590.7833251953125,313.7547912597656,0.45845499634742737,0.406046986579895,32.9659309387207,0.11780200153589249,0.06313599646091461,1.5946849584579468,0.9088510274887085,6.652472972869873,55.38955307006836,18.265605926513672,1.0000410079956055,7.788180828094482,4.504054069519043,0.11121899634599686,1743.9002685546875,0.06063799932599068,1.2000000424450263e-05,116.28987884521484
2022-10-31 00:00:00+00:00,20495.7734375,1572.7144775390625,326.3607177734375,0.4659149944782257,0.4063360095024109,32.61103820800781,0.1270260065793991,0.0633080005645752,1.618474006652832,0.9039880037307739,6.630904197692871,55.084434509277344,19.311609268188477,0.9998800158500671,7.861647129058838,4.536107063293457,0.11141599714756012,1708.453369140625,0.05961199849843979,1.2000000424450263e-05,115.10994720458984
2022-11-01 00:00:00+00:00,20485.2734375,1579.70458984375,324.5794372558594,0.46457698941230774,0.40140199661254883,32.2484245300293,0.1425749957561493,0.06281500309705734,1.6440099477767944,0.8753330111503601,6.473106861114502,55.12718963623047,18.66878318786621,0.9999970197677612,7.6939520835876465,4.5433349609375,0.1099260002374649,1739.95068359375,0.05829399824142456,1.2999999853491317e-05,115.00502014160156
2022-11-02 00:00:00+00:00,20159.50390625,1519.7117919921875,320.1505432128906,0.450874000787735,0.3860760033130646,30.788076400756836,0.12782999873161316,0.06156099960207939,1.5759589672088623,0.8717179894447327,6.244958877563477,60.558467864990234,17.897476196289062,1.0000109672546387,7.427645206451416,4.677921772003174,0.10763800144195557,1665.4735107421875,0.05878499895334244,1.2000000424450263e-05,113.50633239746094
2022-11-03 00:00:00+00:00,20209.98828125,1531.541748046875,329.71697998046875,0.4551349878311157,0.3894200026988983,30.84387969970703,0.1225920021533966,0.061788998544216156,1.5896979570388794,0.9521219730377197,6.425295829772949,61.92131423950195,18.04765510559082,1.0002100467681885,7.714237213134766,4.686031818389893,0.10872399806976318,1695.682861328125,0.05987900123000145,1.2000000424450263e-05,115.75762939453125
2022-11-04 00:00:00+00:00,21147.23046875,1645.0933837890625,354.4063720703125,0.5044040083885193,0.4215250015258789,33.780853271484375,0.12627999484539032,0.06375300139188766,1.6468499898910522,1.1697460412979126,7.064493179321289,67.59659576416016,19.39575958251953,0.9997699856758118,8.741551399230957,4.281435966491699,0.11564400047063828,1774.5377197265625,0.06337100267410278,1.2999999853491317e-05,123.98335266113281
2022-11-05 00:00:00+00:00,21282.69140625,1627.968017578125,349.25372314453125,0.4933300018310547,0.4267350137233734,36.76576232910156,0.12438800185918808,0.06359100341796875,1.6842199563980103,1.1837220191955566,7.019451141357422,69.72119903564453,19.603248596191406,1.0000929832458496,8.665481567382812,4.34113883972168,0.11360500007867813,1793.3140869140625,0.06216299906373024,1.2000000424450263e-05,123.7420425415039
2022-11-06 00:00:00+00:00,20926.486328125,1572.2347412109375,339.3893737792969,0.47067001461982727,0.4030050039291382,32.6835823059082,0.11460600048303604,0.06275299936532974,1.6522079706192017,1.1379679441452026,6.820865154266357,68.08605194091797,18.27923011779785,0.9992250204086304,8.121048927307129,4.1698150634765625,0.1091649979352951,1730.2447509765625,0.059238001704216,1.2000000424450263e-05,116.6838607788086
2022-11-07 00:00:00+00:00,20602.81640625,1568.59130859375,337.0145568847656,0.46585699915885925,0.40425899624824524,29.60134506225586,0.11129900068044662,0.06227999925613403,1.613103985786438,1.2524490356445312,7.121714115142822,67.65226745605469,18.06842041015625,1.0003210306167603,8.895980834960938,4.168605804443359,0.1097949966788292,1721.080810546875,0.059186000376939774,1.2000000424450263e-05,117.71343994140625
2022-11-08 00:00:00+00:00,18541.271484375,1332.8355712890625,327.6902770996094,0.4062420129776001,0.37183400988578796,24.152936935424805,0.08840999752283096,0.05876300111413002,1.3698899745941162,1.0444190502166748,6.294655799865723,57.39180374145508,15.991604804992676,0.9996179938316345,7.6830339431762695,4.128200054168701,0.0989769995212555,1447.3587646484375,0.052069999277591705,9.999999747378752e-06,103.18102264404297
2022-11-09 00:00:00+00:00,15880.7802734375,1100.1697998046875,266.8531188964844,0.3331809937953949,0.3178369998931885,13.94085693359375,0.07428800314664841,0.0535379983484745,1.0132789611816406,0.8132039904594421,5.413379192352295,50.65857696533203,12.917875289916992,1.0002449750900269,6.224503040313721,3.9935829639434814,0.08281499892473221,1189.215087890625,0.04420100152492523,9.000000318337698e-06,89.35179138183594
2022-11-10 00:00:00+00:00,17586.771484375,1299.464599609375,304.0800476074219,0.3957050144672394,0.36897701025009155,17.681407928466797,0.0897890031337738,0.0577239990234375,1.1680749654769897,1.124959945678711,5.959506988525391,60.361053466796875,15.386506080627441,1.0022579431533813,7.214661121368408,3.9892499446868896,0.09722200036048889,1413.322998046875,0.05020200088620186,9.999999747378752e-06,102.8276596069336
2022-11-11 00:00:00+00:00,17034.29296875,1287.2210693359375,289.820556640625,0.38415899872779846,0.3546670079231262,16.326745986938477,0.08488500118255615,0.05587000027298927,1.1825480461120605,1.061987042427063,5.750708103179932,61.24228286743164,14.095545768737793,1.0015530586242676,7.009961128234863,3.793071985244751,0.09524399787187576,1395.2666015625,0.04820900037884712,9.999999747378752e-06,102.73115539550781
2022-11-12 00:00:00+00:00,16799.185546875,1255.268310546875,282.3412780761719,0.3636769950389862,0.3391439914703369,14.53900146484375,0.08803900331258774,0.05494900047779083,1.163280963897705,0.9389730095863342,5.7687530517578125,59.855552673339844,13.064070701599121,1.0008050203323364,6.259308815002441,3.8715789318084717,0.09087099879980087,1355.661376953125,0.04705600067973137,9.999999747378752e-06,102.31828308105469
2022-11-13 00:00:00+00:00,16353.365234375,1221.8192138671875,276.5794372558594,0.3402960002422333,0.3301270008087158,13.164528846740723,0.08489300310611725,0.050891000777482986,1.1603020429611206,0.8880599737167358,5.75324821472168,57.48717498779297,13.052020072937012,1.001075029373169,6.072445869445801,3.925977945327759,0.08831500262022018,1321.896484375,0.045329999178647995,9.000000318337698e-06,99.6465072631836
2022-11-14 00:00:00+00:00,16618.19921875,1241.604248046875,278.57843017578125,0.3764060139656067,0.33184900879859924,14.00135612487793,0.08587899804115295,0.05011399835348129,1.121279001235962,0.9157090187072754,5.853860855102539,56.546199798583984,13.10676383972168,1.000857949256897,6.264420986175537,3.7933530807495117,0.09111399948596954,1344.753662109375,0.04719400033354759,9.000000318337698e-06,103.64167785644531
2022-11-15 00:00:00+00:00,16884.61328125,1251.7362060546875,276.8740234375,0.3885209858417511,0.3370090126991272,14.301294326782227,0.08697099983692169,0.05067100003361702,1.1812740564346313,0.9401339888572693,5.918388843536377,58.00726318359375,13.49658203125,1.001101016998291,6.419929027557373,3.799736976623535,0.09241800010204315,1359.672607421875,0.04907799884676933,9.000000318337698e-06,103.85900115966797
2022-11-16 00:00:00+00:00,16669.439453125,1215.6025390625,272.08160400390625,0.37630099058151245,0.3323819935321808,14.285508155822754,0.08558300137519836,0.05020799860358238,1.1446579694747925,0.9005380272865295,5.71419095993042,57.516422271728516,13.078482627868652,1.0004889965057373,6.187088966369629,3.8693249225616455,0.08987600356340408,1320.903076171875,0.04811299964785576,9.000000318337698e-06,104.47737121582031
2022-11-17 00:00:00+00:00,16687.517578125,1200.80859375,267.91131591796875,0.38254401087760925,0.32485899329185486,13.638734817504883,0.0847650021314621,0.05004600062966347,1.1167939901351929,0.8748829960823059,5.670608997344971,62.48411560058594,12.889345169067383,1.0002549886703491,6.234342098236084,4.041624069213867,0.0904109999537468,1302.7452392578125,0.0484590008854866,9.000000318337698e-06,103.75926971435547
2022-11-18 00:00:00+00:00,16697.77734375,1212.30029296875,273.91998291015625,0.3830629885196686,0.3262209892272949,13.247496604919434,0.0846719965338707,0.050666000694036484,1.1411629915237427,0.8802880048751831,5.643681049346924,62.64376449584961,12.989431381225586,1.0004169940948486,6.185774803161621,4.222939968109131,0.08935599774122238,1314.814208984375,0.04840200021862984,9.000000318337698e-06,104.72098541259766
2022-11-19 00:00:00+00:00,16711.546875,1218.4267578125,272.3976745605469,0.3846989870071411,0.3285120129585266,12.851014137268066,0.08458100259304047,0.05216199904680252,1.1854729652404785,0.8760949969291687,5.6020379066467285,63.81239700317383,12.882172584533691,1.000480055809021,6.1502180099487305,4.233105182647705,0.09042699635028839,1321.6802978515625,0.04872899875044823,9.000000318337698e-06,104.81979370117188
2022-11-20 00:00:00+00:00,16291.83203125,1142.4666748046875,264.2351379394531,0.3619450032711029,0.3123070001602173,12.252833366394043,0.07717400044202805,0.0500359982252121,1.1594159603118896,0.8075739741325378,5.290356159210205,62.00232696533203,12.196779251098633,1.000296950340271,5.771728038787842,4.327723979949951,0.08657799661159515,1239.2471923828125,0.046153999865055084,9.000000318337698e-06,104.89090728759766
2022-11-21 00:00:00+00:00,15787.2841796875,1108.35302734375,254.1682586669922,0.36479899287223816,0.3045479953289032,11.846208572387695,0.07471100240945816,0.05140800029039383,1.171064019203186,0.796284019947052,5.189894199371338,61.37348937988281,11.834380149841309,1.0002180337905884,5.869119167327881,3.9164669513702393,0.08432699739933014,1197.208740234375,0.045090001076459885,7.999999979801942e-06,103.24916076660156
2022-11-22 00:00:00+00:00,16189.76953125,1135.1734619140625,266.3243408203125,0.37606099247932434,0.31192201375961304,12.435625076293945,0.07848799973726273,0.05062500014901161,1.201956033706665,0.8500109910964966,5.273522853851318,70.44279479980469,12.322193145751953,1.000633955001831,6.397805213928223,3.801456928253174,0.08700700104236603,1227.0592041015625,0.046486999839544296,9.000000318337698e-06,108.96452331542969
2022-11-23 00:00:00+00:00,16610.70703125,1183.1995849609375,297.8474426269531,0.38158100843429565,0.3183169960975647,14.35151195526123,0.08178599923849106,0.05173699930310249,1.2462519407272339,0.8611760139465332,5.4333977699279785,79.00006866455078,13.031652450561523,1.000359058380127,6.7013068199157715,4.244941234588623,0.088578000664711,1278.87158203125,0.048416998237371445,9.000000318337698e-06,114.89168548583984
2022-11-24 00:00:00+00:00,16604.46484375,1203.983154296875,300.4278259277344,0.40199199318885803,0.31645798683166504,14.582350730895996,0.08148100227117538,0.05288799852132797,1.2201030254364014,0.8493000268936157,5.3918681144714355,78.83014678955078,12.94083309173584,1.00033700466156,6.831646919250488,4.218842029571533,0.08998899906873703,1293.73681640625,0.049571000039577484,9.000000318337698e-06,115.91899108886719
2022-11-25 00:00:00+00:00,16521.841796875,1198.9259033203125,300.57769775390625,0.40841200947761536,0.31498900055885315,14.063138008117676,0.08947499841451645,0.05295500159263611,1.214764952659607,0.8442140221595764,5.269090175628662,74.02890014648438,12.828289031982422,1.0001120567321777,6.842341899871826,3.8806779384613037,0.08931200206279755,1291.31298828125,0.0490030013024807,9.000000318337698e-06,113.82330322265625
2022-11-26 00:00:00+00:00,16464.28125,1205.89794921875,311.3884582519531,0.3966290056705475,0.3137899935245514,14.159193992614746,0.08898799866437912,0.05278800055384636,1.2097140550613403,0.8466449975967407,5.302000999450684,76.37289428710938,12.75235652923584,0.9998940229415894,7.146820068359375,3.998384952545166,0.08816800266504288,1299.532958984375,0.04943599924445152,9.000000318337698e-06,112.44127655029297
2022-11-27 00:00:00+00:00,16444.626953125,1195.126953125,307.4292907714844,0.396820992231369,0.3124539852142334,14.115766525268555,0.0987119972705841,0.05323699861764908,1.2189209461212158,0.8449040055274963,5.298929214477539,75.04431915283203,12.876786231994629,0.999455988407135,6.902108192443848,4.210612773895264,0.09014300256967545,1289.0316162109375,0.04916299879550934,9.000000318337698e-06,111.24122619628906
2022-11-28 00:00:00+00:00,16217.322265625,1170.086181640625,293.5272521972656,0.39031800627708435,0.3066999912261963,13.404518127441406,0.09512200206518173,0.05303100124001503,1.1829689741134644,0.8226979970932007,5.134754180908203,74.12022399902344,12.457791328430176,0.9997900128364563,7.207573890686035,3.8117339611053467,0.0873349979519844,1262.8887939453125,0.048505999147892,9.000000318337698e-06,110.08090209960938
2022-11-29 00:00:00+00:00,16444.982421875,1216.9012451171875,295.4981689453125,0.39854899048805237,0.3093720078468323,13.369733810424805,0.10185299813747406,0.053312998265028,1.1964130401611328,0.8388919830322266,5.30893087387085,75.98377227783203,12.47298812866211,0.9996780157089233,7.320946216583252,3.7706429958343506,0.08864100277423859,1320.8831787109375,0.0493910014629364,9.000000318337698e-06,111.11190032958984
2022-11-30 00:00:00+00:00,17168.56640625,1295.6885986328125,300.7943420410156,0.4087429940700531,0.3188830018043518,14.115445137023926,0.10685999691486359,0.054625000804662704,1.2061330080032349,0.9369959831237793,5.472571849822998,79.2977066040039,13.157401084899902,0.9994750022888184,7.680302143096924,3.925528049468994,0.08979599922895432,1407.6932373046875,0.050689999014139175,9.000000318337698e-06,113.3907241821289
2022-12-01 00:00:00+00:00,16967.1328125,1276.27392578125,292.0162048339844,0.39670801162719727,0.31448400020599365,13.480968475341797,0.10158400237560272,0.05415400117635727,1.2084519863128662,0.9083759784698486,5.402163982391357,77.51800537109375,12.887733459472656,0.9995409846305847,7.687326908111572,3.867924928665161,0.08753000199794769,1386.230712890625,0.04915200173854828,9.000000318337698e-06,110.30767059326172
2022-12-02 00:00:00+00:00,17088.66015625,1294.3033447265625,293.5274963378906,0.3962729871273041,0.31940698623657227,13.7156400680542,0.10214799642562866,0.05442100018262863,1.2029099464416504,0.9461979866027832,5.629522800445557,77.95148468017578,13.58639907836914,1.0000660419464111,7.615397930145264,3.957782030105591,0.08810699731111526,1408.41845703125,0.04892599955201149,9.000000318337698e-06,111.93447875976562
2022-12-03 00:00:00+00:00,16908.236328125,1243.3348388671875,290.5631408691406,0.3881469964981079,0.3196539878845215,13.302457809448242,0.09982399642467499,0.053638000041246414,1.2104990482330322,0.9031879901885986,5.501038074493408,76.59791564941406,13.431282043457031,0.9995759725570679,7.2436041831970215,3.7822790145874023,0.08642400056123734,1349.2662353515625,0.04755200073122978,9.000000318337698e-06,109.8917465209961
2022-12-04 00:00:00+00:00,17130.486328125,1280.256591796875,292.2882995605469,0.390735000371933,0.3227500021457672,13.718218803405762,0.10428600013256073,0.05319400131702423,1.2112380266189575,0.9221190214157104,5.595656871795654,77.21428680419922,13.925615310668945,1.0000200271606445,7.446814060211182,3.826280117034912,0.08784700185060501,1394.0531005859375,0.04815499857068062,9.000000318337698e-06,111.15482330322266
2022-12-05 00:00:00+00:00,16974.826171875,1259.6767578125,288.4742736816406,0.3895840048789978,0.31951698660850525,13.8311128616333,0.10147400200366974,0.0533050000667572,1.206563949584961,0.9111390113830566,5.488790035247803,80.26353454589844,13.60273265838623,0.9999039769172668,7.2758378982543945,3.7842090129852295,0.08687499910593033,1369.38427734375,0.04859200119972229,9.000000318337698e-06,110.39720916748047
2022-12-06 00:00:00+00:00,17089.50390625,1271.65380859375,290.3544616699219,0.3920939862728119,0.3184640109539032,14.288854598999023,0.10027799755334854,0.053661998361349106,1.20762300491333,0.9173889756202698,5.503151893615723,79.92121887207031,13.666421890258789,0.9999330043792725,7.13372802734375,3.813180923461914,0.08610700070858002,1381.0616455078125,0.048278000205755234,9.000000318337698e-06,112.0299301147461
2022-12-07 00:00:00+00:00,16848.126953125,1232.4375,284.284423828125,0.3837209939956665,0.3103199899196625,13.5196533203125,0.09578300267457962,0.053109001368284225,1.1912599802017212,0.89621901512146,5.299137115478516,77.03605651855469,13.264047622680664,0.9996569752693176,6.887232780456543,3.791166067123413,0.0842830017209053,1336.8133544921875,0.04706700146198273,9.000000318337698e-06,109.19988250732422
2022-12-08 00:00:00+00:00,17233.474609375,1281.1163330078125,290.53717041015625,0.3945449888706207,0.31484299898147583,13.68922233581543,0.09854000061750412,0.05449200049042702,1.197924017906189,0.9277809858322144,5.430400848388672,78.3898696899414,13.40671443939209,0.9999520182609558,7.00632381439209,3.8317739963531494,0.08557300269603729,1392.59130859375,0.047894999384880066,9.000000318337698e-06,111.8478775024414
2022-12-09 00:00:00+00:00,17133.15234375,1264.2847900390625,286.0904235839844,0.38915300369262695,0.3116770088672638,13.580187797546387,0.0966619998216629,0.054653000086545944,1.2138079404830933,0.9095150232315063,5.294414043426514,76.33456420898438,13.451823234558105,0.9995819926261902,6.8592848777771,3.7505979537963867,0.08515600115060806,1376.6903076171875,0.04805799946188927,9.000000318337698e-06,109.74801635742188
2022-12-10 00:00:00+00:00,17128.724609375,1266.3841552734375,288.1252136230469,0.38669800758361816,0.31260600686073303,13.576995849609375,0.09645699709653854,0.05479000136256218,1.2441710233688354,0.9082520008087158,5.273628234863281,76.3709945678711,13.480047225952148,1.0001039505004883,6.852805137634277,3.736380100250244,0.08522599935531616,1380.211181640625,0.04838600009679794,9.000000318337698e-06,109.072509765625
2022-12-11 00:00:00+00:00,17104.193359375,1263.8685302734375,284.3904113769531,0.3817490041255951,0.30771100521087646,13.427809715270996,0.09287499636411667,0.053950998932123184,1.2281559705734253,0.8932330012321472,5.167613983154297,76.6280517578125,12.995100021362305,0.9997149705886841,6.714855194091797,3.7546799182891846,0.083917997777462,1375.106689453125,0.047933001071214676,9.000000318337698e-06,106.33975219726562
2022-12-12 00:00:00+00:00,17206.4375,1274.6190185546875,276.2781982421875,0.3873940110206604,0.3069489896297455,13.318544387817383,0.09025800228118896,0.05350499972701073,1.2176309823989868,0.9105730056762695,5.169508934020996,76.22152709960938,12.991484642028809,1.0002679824829102,6.691596984863281,3.719918966293335,0.08427900075912476,1389.0909423828125,0.04733600094914436,9.000000318337698e-06,106.24568176269531
2022-12-13 00:00:00+00:00,17781.318359375,1320.5491943359375,271.9516906738281,0.39510199427604675,0.3128649890422821,13.833986282348633,0.09093999862670898,0.05443299934267998,1.228543996810913,0.9234340190887451,5.2769551277160645,77.344482421875,13.728175163269043,0.99993497133255,6.9113569259643555,3.7154901027679443,0.08399400115013123,1434.434326171875,0.04775800183415413,9.000000318337698e-06,110.03935241699219
2022-12-14 00:00:00+00:00,17815.650390625,1309.3287353515625,268.2315368652344,0.3864139914512634,0.308133989572525,14.140525817871094,0.08851400017738342,0.0556659996509552,1.2410130500793457,0.9033470153808594,5.2152099609375,75.47586059570312,13.727560043334961,0.9995740056037903,6.728827953338623,3.77333402633667,0.08301399648189545,1425.1502685546875,0.04667900130152702,9.000000318337698e-06,109.1084976196289
2022-12-15 00:00:00+00:00,17364.865234375,1266.3538818359375,258.2737121582031,0.3782370090484619,0.3002009987831116,14.02151107788086,0.08472199738025665,0.05577399954199791,1.2381030321121216,0.8779810070991516,5.22664213180542,72.3354721069336,13.170801162719727,0.9996100068092346,6.4513630867004395,3.68612003326416,0.08184599876403809,1378.69091796875,0.0457720011472702,9.000000318337698e-06,107.25273895263672
2022-12-16 00:00:00+00:00,16647.484375,1168.2593994140625,231.23243713378906,0.3519879877567291,0.2640700042247772,12.266606330871582,0.07594200223684311,0.05295500159263611,1.1439189910888672,0.7957950234413147,4.655857086181641,66.32679748535156,11.846814155578613,0.9993900060653687,5.900253772735596,3.6942059993743896,0.07456400245428085,1276.3997802734375,0.042100999504327774,7.999999979801942e-06,100.19449615478516
2022-12-17 00:00:00+00:00,16795.091796875,1188.1495361328125,242.52928161621094,0.3548099994659424,0.2669000029563904,12.504404067993164,0.0792670026421547,0.05487100034952164,1.0873709917068481,0.8161420226097107,4.710334777832031,64.9578857421875,11.963336944580078,0.9999560117721558,6.029943943023682,3.973858118057251,0.07577800005674362,1291.3590087890625,0.043042998760938644,7.999999979801942e-06,103.08944702148438
2022-12-18 00:00:00+00:00,16757.9765625,1184.7152099609375,251.15638732910156,0.35027000308036804,0.26633501052856445,12.41312026977539,0.07864099740982056,0.05378799885511398,1.0835189819335938,0.81386399269104,4.663687229156494,64.55413055419922,11.92267894744873,0.9989889860153198,5.963430881500244,3.9905569553375244,0.07659699767827988,1280.9730224609375,0.043894000351428986,9.000000318337698e-06,102.10164642333984
2022-12-19 00:00:00+00:00,16439.6796875,1167.60986328125,240.65780639648438,0.33886998891830444,0.2529439926147461,11.932655334472656,0.07142899930477142,0.05363199859857559,1.0546300411224365,0.7727789878845215,4.47675895690918,63.3414306640625,11.382280349731445,0.9993659853935242,5.790945053100586,3.7627270221710205,0.07338699698448181,1262.16357421875,0.04085800051689148,7.999999979801942e-06,98.55999755859375
2022-12-20 00:00:00+00:00,16906.3046875,1217.70361328125,251.74453735351562,0.3493730127811432,0.2590070068836212,12.28051471710205,0.07493499666452408,0.05498500168323517,1.0715869665145874,0.8026710152626038,4.611708164215088,65.74638366699219,11.967804908752441,0.999705970287323,6.020202159881592,3.7043099403381348,0.0759970024228096,1326.154296875,0.04283500090241432,7.999999979801942e-06,101.79222869873047
2022-12-21 00:00:00+00:00,16817.53515625,1213.5999755859375,246.04698181152344,0.34602001309394836,0.2531540095806122,12.128985404968262,0.07367900013923645,0.05484699830412865,1.0912350416183472,0.7929959893226624,4.480146884918213,65.39140319824219,11.696436882019043,0.9999470114707947,5.98125696182251,3.694192886352539,0.07509200274944305,1319.931640625,0.04264799878001213,7.999999979801942e-06,100.34043884277344
2022-12-22 00:00:00+00:00,16830.341796875,1218.18212890625,245.890625,0.3495999872684479,0.2565230131149292,11.794829368591309,0.07696700096130371,0.05555199831724167,1.0802329778671265,0.7957280278205872,4.527610778808594,66.15167236328125,11.84343147277832,1.0001130104064941,6.0027689933776855,3.7413229942321777,0.07572100311517715,1321.4827880859375,0.04341199994087219,7.999999979801942e-06,101.35968780517578
2022-12-23 00:00:00+00:00,16796.953125,1220.159423828125,246.14817810058594,0.3542729914188385,0.259429007768631,11.786166191101074,0.07712899893522263,0.054235998541116714,1.0808520317077637,0.7987340092658997,4.47208309173584,65.77222442626953,11.781726837158203,0.9996010065078735,5.942527770996094,3.696183919906616,0.07536700367927551,1331.80224609375,0.043528001755476,7.999999979801942e-06,101.9491958618164
2022-12-24 00:00:00+00:00,16847.755859375,1221.1485595703125,244.63552856445312,0.35217899084091187,0.25936800241470337,11.444275856018066,0.07764799892902374,0.0547420009970665,1.0885579586029053,0.795993983745575,4.453764915466309,65.77478790283203,11.680429458618164,0.9999579787254333,5.920003890991211,3.651279926300049,0.0743890032172203,1331.8255615234375,0.04383400082588196,7.999999979801942e-06,101.8064193725586
2022-12-25 00:00:00+00:00,16841.986328125,1218.9620361328125,243.14149475097656,0.3463920056819916,0.2592700123786926,11.387903213500977,0.07595200091600418,0.05481399968266487,1.0842100381851196,0.7951329946517944,4.493043899536133,69.20626831054688,11.684593200683594,1.0000430345535278,5.985958099365234,3.614375114440918,0.07385600358247757,1328.60888671875,0.04351399838924408,7.999999979801942e-06,101.35171508789062
2022-12-26 00:00:00+00:00,16919.8046875,1226.974365234375,244.1982879638672,0.36572301387786865,0.265296995639801,11.306611061096191,0.07578299939632416,0.054552000015974045,1.0791250467300415,0.8135169744491577,4.572048187255859,70.68474578857422,11.723855972290039,0.9999319911003113,6.0376691818237305,3.564668893814087,0.07519199699163437,1339.723388671875,0.04394499957561493,7.999999979801942e-06,103.38439178466797
2022-12-27 00:00:00+00:00,16717.173828125,1212.7916259765625,246.5966796875,0.3681260049343109,0.2603699862957001,11.085430145263672,0.07372400164604187,0.05410600081086159,1.0691560506820679,0.8060250282287598,4.480312824249268,68.74790954589844,11.646395683288574,0.9997289776802063,5.899226188659668,3.595828056335449,0.07413700222969055,1322.5916748046875,0.04224099963903427,7.999999979801942e-06,101.69137573242188
2022-12-28 00:00:00+00:00,16552.572265625,1189.986083984375,244.1419219970703,0.3565309941768646,0.2483779937028885,9.755906105041504,0.07038100063800812,0.054145000874996185,1.0463789701461792,0.7828310132026672,4.282458782196045,66.33906555175781,11.202914237976074,1.0000319480895996,5.676936149597168,3.5384480953216553,0.07177899777889252,1297.7503662109375,0.04062400013208389,7.999999979801942e-06,99.17676544189453
2022-12-29 00:00:00+00:00,16642.341796875,1201.5953369140625,246.47972106933594,0.34284600615501404,0.24413999915122986,9.651782989501953,0.071042001247406,0.05401400104165077,1.0659209489822388,0.7774189710617065,4.310527801513672,66.7510757446289,10.992694854736328,1.0001840591430664,5.603007793426514,3.5090489387512207,0.07203199714422226,1309.4144287109375,0.03948400169610977,7.999999979801942e-06,98.40066528320312
2022-12-30 00:00:00+00:00,16602.5859375,1199.2327880859375,245.7792205810547,0.3450169861316681,0.2455569952726364,9.880176544189453,0.06840399652719498,0.05437399819493294,1.0483839511871338,0.7605329751968384,4.3234758377075195,67.99403381347656,10.870248794555664,0.9999759793281555,5.467444896697998,3.4978909492492676,0.07234299927949905,1306.66748046875,0.03753200173377991,7.999999979801942e-06,96.6463394165039
2022-12-31 00:00:00+00:00,16547.49609375,1196.771240234375,246.3491973876953,0.3399290144443512,0.2464659959077835,9.961038589477539,0.07029400020837784,0.054499998688697815,1.0730329751968384,0.7585170269012451,4.314823150634766,69.9962158203125,10.902632713317871,0.999767005443573,5.568657875061035,3.608647108078003,0.07114700227975845,1301.491455078125,0.03642899915575981,7.999999979801942e-06,97.0721435546875
2023-01-01 00:00:00+00:00,16625.080078125,1200.96484375,244.13697814941406,0.3387629985809326,0.24977099895477295,9.982172966003418,0.07022500038146973,0.05482000112533569,1.0597330331802368,0.7599729895591736,4.370816230773926,70.81565856933594,10.865915298461914,0.9997900128364563,5.622443199157715,3.5239028930664062,0.07252400368452072,1306.793212890625,0.0380840003490448,7.999999979801942e-06,96.95507049560547
2023-01-02 00:00:00+00:00,16688.470703125,1214.6566162109375,245.53590393066406,0.3485560119152069,0.2538279891014099,11.272967338562012,0.0714540034532547,0.055156998336315155,1.0600179433822632,0.7808520197868347,4.489374160766602,74.86290740966797,11.15361499786377,0.9995399713516235,5.687626838684082,3.498004913330078,0.07371799647808075,1322.24462890625,0.038860999047756195,7.999999979801942e-06,99.31005096435547
2023-01-03 00:00:00+00:00,16679.857421875,1214.77880859375,246.13336181640625,0.34382399916648865,0.2527959942817688,13.344045639038086,0.0704680010676384,0.05483299866318703,1.058663010597229,0.7800769805908203,4.524363994598389,75.60272216796875,11.38444995880127,0.9998350143432617,5.622096061706543,3.4965078830718994,0.07364899665117264,1323.59033203125,0.03812500089406967,7.999999979801942e-06,99.64935302734375
2023-01-04 00:00:00+00:00,16863.23828125,1256.526611328125,259.11968994140625,0.3477939963340759,0.2676770091056824,13.435112953186035,0.07323700189590454,0.05473199859261513,1.0592349767684937,0.8063719868659973,4.630190849304199,75.43390655517578,12.07761287689209,1.000067949295044,5.804031848907471,3.5102219581604004,0.07383599877357483,1368.9617919921875,0.038506001234054565,7.999999979801942e-06,101.48273468017578
2023-01-05 00:00:00+00:00,16836.736328125,1250.4385986328125,256.4228515625,0.33803901076316833,0.26910200715065,13.419329643249512,0.07154999673366547,0.05366099998354912,1.0723429918289185,0.7885270118713379,4.617661952972412,74.25080871582031,11.740196228027344,0.9995219707489014,5.647834777832031,3.511863946914673,0.07288999855518341,1363.841796875,0.03830200061202049,7.999999979801942e-06,101.08454895019531
2023-01-06 00:00:00+00:00,16951.96875,1269.3790283203125,259.8671569824219,0.3446449935436249,0.27865201234817505,13.52584171295166,0.07247000187635422,0.052494000643491745,1.084542989730835,0.7992159724235535,4.686106204986572,75.9925765991211,11.781206130981445,0.9996790289878845,5.7108001708984375,3.4900100231170654,0.07504300028085709,1379.939697265625,0.03912999853491783,7.999999979801942e-06,101.62651062011719
2023-01-07 00:00:00+00:00,16955.078125,1264.2703857421875,261.2828369140625,0.34426799416542053,0.2771050035953522,13.092267990112305,0.07222200185060501,0.05201900005340576,1.0824790000915527,0.8067349791526794,4.665955066680908,76.37344360351562,11.743424415588379,0.9999909996986389,5.829194068908691,3.4633970260620117,0.07565800100564957,1382.5018310546875,0.03962700068950653,7.999999979801942e-06,101.51829528808594
2023-01-08 00:00:00+00:00,17091.14453125,1287.3594970703125,274.38507080078125,0.3453580141067505,0.29521799087524414,14.31993293762207,0.07360100001096725,0.053814999759197235,1.0951980352401733,0.8403710126876831,4.801004886627197,77.6822738647461,12.072585105895996,1.0003770589828491,5.933166027069092,3.478800058364868,0.07716900110244751,1413.9547119140625,0.0418660007417202,9.000000318337698e-06,103.42367553710938
2023-01-09 00:00:00+00:00,17196.5546875,1321.5389404296875,272.7015380859375,0.3493399918079376,0.31710198521614075,16.30246353149414,0.07578399777412415,0.05462599918246269,1.1084009408950806,0.8442339897155762,4.894874095916748,81.747314453125,12.209636688232422,0.9998999834060669,6.072278022766113,3.4366860389709473,0.07946500182151794,1447.3385009765625,0.04462900012731552,9.000000318337698e-06,107.11087036132812
2023-01-10 00:00:00+00:00,17446.29296875,1336.5860595703125,277.2896423339844,0.35124099254608154,0.3224959969520569,16.19672393798828,0.0777290016412735,0.05478199943900108,1.1501779556274414,0.8584640026092529,4.918806076049805,80.88751983642578,12.731241226196289,0.9997220039367676,6.153703212738037,3.4635329246520996,0.0795539990067482,1463.0567626953125,0.044652000069618225,9.000000318337698e-06,107.45953369140625
2023-01-11 00:00:00+00:00,17934.896484375,1387.9327392578125,285.0465087890625,0.37415799498558044,0.32274898886680603,16.35941505432129,0.07815299928188324,0.05648599937558174,1.190951943397522,0.8934280276298523,5.129979133605957,84.0703125,15.913924217224121,1.0005470514297485,6.285185813903809,3.499967098236084,0.08140300214290619,1523.4053955078125,0.04574299976229668,9.000000318337698e-06,109.7518081665039
2023-01-12 00:00:00+00:00,18869.587890625,1417.9384765625,287.8123474121094,0.37519699335098267,0.3297579884529114,16.619043350219727,0.08028600364923477,0.057110998779535294,1.2178410291671753,0.9162889719009399,5.229477882385254,85.96422576904297,15.45734977722168,1.000059962272644,6.381331920623779,3.4546520709991455,0.08164399862289429,1554.9261474609375,0.047648001462221146,9.000000318337698e-06,119.71046447753906
2023-01-13 00:00:00+00:00,19909.57421875,1451.6148681640625,293.7330017089844,0.3858039975166321,0.34577101469039917,18.28844451904297,0.08443800359964371,0.06001099944114685,1.2229770421981812,0.9311019778251648,5.401745796203613,86.34003448486328,15.962223052978516,1.0007450580596924,6.601778984069824,3.506058931350708,0.08458200097084045,1591.7967529296875,0.05060200020670891,9.999999747378752e-06,124.35079956054688
2023-01-14 00:00:00+00:00,20976.298828125,1550.7069091796875,305.2411193847656,0.39544299244880676,0.35255199670791626,24.24945831298828,0.08732300251722336,0.06187500059604645,1.2308789491653442,0.9996709823608398,6.024649143218994,87.81385803222656,16.958057403564453,0.9999989867210388,6.860321998596191,3.4382541179656982,0.08729799836874008,1701.2520751953125,0.0531889982521534,9.999999747378752e-06,125.94871520996094
2023-01-15 00:00:00+00:00,20880.798828125,1552.4794921875,302.0706481933594,0.38488098978996277,0.3503679931163788,22.873306274414062,0.08613099902868271,0.062355998903512955,1.2325780391693115,0.9835180044174194,5.928098201751709,87.36553192138672,16.797117233276367,0.9996910095214844,6.6939568519592285,3.475801944732666,0.08806300163269043,1703.725830078125,0.05222700163722038,1.1000000085914508e-05,124.90913391113281
2023-01-16 00:00:00+00:00,21169.6328125,1576.83349609375,298.9992370605469,0.38657599687576294,0.3500399887561798,23.577564239501953,0.08363600075244904,0.0624300017952919,1.2141660451889038,1.0194920301437378,5.810772895812988,85.83431243896484,16.740787506103516,0.9993839859962463,6.66686487197876,3.5228869915008545,0.08777700364589691,1732.2926025390625,0.053690001368522644,1.1000000085914508e-05,123.95055389404297
2023-01-17 00:00:00+00:00,21161.51953125,1567.8460693359375,299.82452392578125,0.3877109885215759,0.3457610011100769,22.884063720703125,0.08298200368881226,0.06172600015997887,1.2678849697113037,0.9960119724273682,5.95620584487915,87.11742401123047,17.1265926361084,0.9996359944343567,6.820442199707031,3.448854923248291,0.08639699965715408,1718.322998046875,0.05428000167012215,1.1000000085914508e-05,122.8044662475586
2023-01-18 00:00:00+00:00,20688.78125,1515.5069580078125,286.9910583496094,0.3794519901275635,0.3268350064754486,20.85063362121582,0.0801910012960434,0.05900299921631813,1.2402000427246094,0.9401209950447083,5.648100852966309,82.77532958984375,15.804330825805664,0.9994279742240906,6.350072860717773,3.4764530658721924,0.0825830027461052,1664.2991943359375,0.05414000153541565,1.1000000085914508e-05,119.09417724609375
2023-01-19 00:00:00+00:00,21086.79296875,1552.5565185546875,294.8522033691406,0.3937849998474121,0.3390989899635315,21.42676544189453,0.08166000247001648,0.06015300005674362,1.252938985824585,0.9528899788856506,5.805564880371094,84.23226928710938,16.196353912353516,1.000203013420105,6.513941764831543,3.482045888900757,0.08438999950885773,1712.775390625,0.061475999653339386,1.2000000424450263e-05,121.66796112060547
2023-01-20 00:00:00+00:00,22676.552734375,1659.754150390625,304.9731750488281,0.41334399580955505,0.3645859956741333,25.54827117919922,0.0864029973745346,0.06283099949359894,1.283087968826294,1.0262500047683716,6.255242824554443,90.49322509765625,17.52127456665039,1.0001519918441772,6.95069694519043,3.466330051422119,0.08888600021600723,1830.0211181640625,0.07248000055551529,1.2000000424450263e-05,127.90760803222656
2023-01-21 00:00:00+00:00,22777.625,1627.1181640625,299.26116943359375,0.403533011674881,0.3690260052680969,24.627838134765625,0.0847650021314621,0.06173200160264969,1.2917139530181885,0.9899770021438599,6.249409198760986,88.31465148925781,16.896469116210938,0.9991940259933472,6.870330810546875,3.4767329692840576,0.09038600325584412,1795.0174560546875,0.07127100229263306,1.2000000424450263e-05,128.22267150878906
2023-01-22 00:00:00+00:00,22720.416015625,1628.382080078125,303.04644775390625,0.400967001914978,0.37659400701522827,24.232789993286133,0.08830399811267853,0.06167899817228317,1.2954009771347046,0.9940919876098633,6.205265998840332,87.62997436523438,17.362272262573242,0.9997000098228455,6.985128879547119,3.4569809436798096,0.09103599935770035,1793.0897216796875,0.06906100362539291,1.2000000424450263e-05,128.63442993164062
2023-01-23 00:00:00+00:00,22934.431640625,1628.2510986328125,305.50408935546875,0.4249430000782013,0.3755039870738983,24.357807159423828,0.08860500156879425,0.06282299757003784,1.3090779781341553,0.9951890110969543,6.577020168304443,90.02592468261719,18.0065860748291,0.9999390244483948,7.026174068450928,3.4255518913269043,0.09447800368070602,1803.5516357421875,0.06844499707221985,1.2000000424450263e-05,133.3980712890625
2023-01-24 00:00:00+00:00,22636.46875,1556.604248046875,300.6123352050781,0.40770700573921204,0.3592970073223114,22.795673370361328,0.0839499980211258,0.060203999280929565,1.3046809434890747,0.9559280276298523,6.186763763427734,87.202880859375,17.01931381225586,0.9994819760322571,6.659311771392822,3.450484037399292,0.09050499647855759,1721.7777099609375,0.0627489984035492,1.1000000085914508e-05,128.29624938964844
2023-01-25 00:00:00+00:00,23117.859375,1611.7110595703125,307.3076477050781,0.41769298911094666,0.3734099864959717,24.57144546508789,0.08659400045871735,0.061841998249292374,1.3197760581970215,0.9936230182647705,6.406065940856934,89.38101196289062,17.803890228271484,0.9998779892921448,6.960362911224365,3.540163040161133,0.09246399998664856,1777.83544921875,0.06710600107908249,1.2000000424450263e-05,131.89364624023438
2023-01-26 00:00:00+00:00,23032.77734375,1603.10595703125,304.8665466308594,0.4101029932498932,0.38005900382995605,24.350696563720703,0.08637300133705139,0.0617309994995594,1.3173600435256958,1.122305989265442,6.474820137023926,87.5894546508789,18.108034133911133,0.9998859763145447,7.174172878265381,3.625325918197632,0.09198600053787231,1770.8665771484375,0.06700699776411057,1.2000000424450263e-05,134.0192108154297
2023-01-27 00:00:00+00:00,23078.728515625,1598.156494140625,308.12310791015625,0.41279101371765137,0.3889789879322052,24.40785789489746,0.08712299913167953,0.06358200311660767,1.3327879905700684,1.1582740545272827,6.567625045776367,88.84580993652344,21.25410270690918,0.999983012676239,7.371270179748535,3.848947048187256,0.09251199662685394,1764.6641845703125,0.06944400072097778,1.2000000424450263e-05,134.9151153564453
2023-01-28 00:00:00+00:00,23031.08984375,1572.43505859375,306.24432373046875,0.40813401341438293,0.38235101103782654,23.981801986694336,0.08778800070285797,0.06309200078248978,1.327679991722107,1.1442320346832275,6.398318767547607,89.60193634033203,20.60495948791504,0.9999420046806335,7.207572937011719,3.783552885055542,0.09275999665260315,1735.004150390625,0.06683400273323059,1.2000000424450263e-05,132.6318359375
2023-01-29 00:00:00+00:00,23774.56640625,1646.1556396484375,317.3362121582031,0.41376399993896484,0.39631301164627075,26.132387161254883,0.09023299813270569,0.06379400193691254,1.3520629405975342,1.177880048751831,6.615758895874023,95.05005645751953,21.07977867126465,0.9999169707298279,7.387718200683594,3.6770739555358887,0.09443999826908112,1821.0721435546875,0.06941500306129456,1.2000000424450263e-05,136.7196807861328
2023-01-30 00:00:00+00:00,22840.138671875,1567.3265380859375,307.0688781738281,0.39459100365638733,0.37251099944114685,23.946321487426758,0.0883369967341423,0.06224700063467026,1.342223048210144,1.0872349739074707,6.188151836395264,91.26243591308594,19.73917007446289,1.0003069639205933,6.906291961669922,3.571398973464966,0.08994299918413162,1733.24951171875,0.06410299986600876,1.2000000424450263e-05,130.90599060058594
2023-01-31 00:00:00+00:00,23139.283203125,1586.535400390625,312.3610534667969,0.4063889980316162,0.3909260034561157,23.952547073364258,0.09616699814796448,0.062219999730587006,1.3395179510116577,1.1113330125808716,6.264369010925293,94.30811309814453,19.844499588012695,0.9998019933700562,6.952308177947998,3.542026996612549,0.09074699878692627,1754.9478759765625,0.06457699835300446,1.2000000424450263e-05,133.396728515625
2023-02-01 00:00:00+00:00,23723.76953125,1641.792724609375,317.47259521484375,0.41389200091362,0.3972429931163788,24.993358612060547,0.09417100250720978,0.06319300085306168,1.403709053993225,1.1949670314788818,6.466094970703125,100.4436264038086,20.965364456176758,1.000161051750183,7.216623783111572,3.3550660610198975,0.09227599948644638,1809.7662353515625,0.06970199942588806,1.2000000424450263e-05,136.29177856445312
2023-02-02 00:00:00+00:00,23471.87109375,1643.2415771484375,323.34979248046875,0.40974700450897217,0.39756301045417786,24.265058517456055,0.09097900241613388,0.06376100331544876,1.4314440488815308,1.1804440021514893,6.5355329513549805,98.690185546875,21.1800594329834,0.9988750219345093,7.102139949798584,3.3310608863830566,0.09163399785757065,1812.4156494140625,0.06693899631500244,1.2000000424450263e-05,136.686279296875
2023-02-03 00:00:00+00:00,23449.322265625,1664.74560546875,332.2686767578125,0.4122050106525421,0.40433600544929504,24.680896759033203,0.09298700094223022,0.06412199884653091,1.5372810363769531,1.2442270517349243,7.011683940887451,99.9709243774414,21.36518669128418,0.9998630285263062,7.290623188018799,3.3746368885040283,0.09280899912118912,1844.72607421875,0.07239600270986557,1.2999999853491317e-05,137.89990234375
2023-02-04 00:00:00+00:00,23331.84765625,1667.0592041015625,330.6170959472656,0.4113050103187561,0.399726003408432,24.317745208740234,0.09578199684619904,0.06382399797439575,1.5436220169067383,1.2506279945373535,6.883106231689453,98.6144790649414,21.024635314941406,0.9996770024299622,7.238030910491943,3.411618947982788,0.09303300082683563,1836.8826904296875,0.0732870027422905,1.4999999621068127e-05,138.27224731445312
2023-02-05 00:00:00+00:00,22955.666015625,1631.6458740234375,327.8693542480469,0.3989369869232178,0.3924719989299774,23.493438720703125,0.09209500253200531,0.06408499926328659,2.0226709842681885,1.2045010328292847,6.644723892211914,96.45875549316406,20.108016967773438,0.9995970129966736,6.984615802764893,3.558608055114746,0.09098599851131439,1803.6614990234375,0.06995599716901779,1.4000000192027073e-05,134.46292114257812
2023-02-06 00:00:00+00:00,22760.109375,1616.2470703125,324.6271667480469,0.3928239941596985,0.38242098689079285,22.706388473510742,0.0895489975810051,0.06319399923086166,1.8186659812927246,1.1904150247573853,6.4947991371154785,96.06245422363281,19.58503532409668,0.9992510080337524,6.832168102264404,3.3601460456848145,0.08885899931192398,1790.1297607421875,0.06752900034189224,1.4000000192027073e-05,131.60269165039062
2023-02-07 00:00:00+00:00,23264.291015625,1672.0035400390625,333.2278747558594,0.403903990983963,0.39921000599861145,23.861356735229492,0.09257599711418152,0.06577400118112564,1.4455939531326294,1.268975019454956,6.942028045654297,100.92766571044922,20.845218658447266,1.0000180006027222,7.198653221130371,3.377384901046753,0.09201499819755554,1850.2572021484375,0.07490800321102142,1.4000000192027073e-05,135.96920776367188
2023-02-08 00:00:00+00:00,22939.3984375,1650.716796875,328.0886535644531,0.39805200695991516,0.3940330147743225,23.192670822143555,0.09015599638223648,0.06687399744987488,1.4083759784698486,1.3039699792861938,6.749273777008057,99.2076187133789,20.08147430419922,0.9995200037956238,7.121416091918945,3.356365919113159,0.09098300337791443,1827.3531494140625,0.07512900233268738,1.4000000192027073e-05,131.4954376220703
2023-02-09 00:00:00+00:00,21819.0390625,1546.438232421875,305.9604187011719,0.38246598839759827,0.36253100633621216,20.45212745666504,0.0814799964427948,0.06261400133371353,1.39730703830719,1.228342056274414,6.231307029724121,92.09846496582031,17.874452590942383,0.999343991279602,6.98314094543457,3.340524911880493,0.0855259969830513,1707.52294921875,0.07146299630403519,1.2000000424450263e-05,126.42708587646484
2023-02-10 00:00:00+00:00,21651.18359375,1514.869140625,305.9541320800781,0.38264501094818115,0.3586350083351135,20.130109786987305,0.08109000325202942,0.0633229985833168,1.5960429906845093,1.2305949926376343,6.189690113067627,93.52928161621094,17.79853057861328,0.9992520213127136,6.902423858642578,3.3509409427642822,0.0856809988617897,1684.5792236328125,0.07600899785757065,1.2999999853491317e-05,124.68172454833984
2023-02-11 00:00:00+00:00,21870.875,1539.9267578125,310.61602783203125,0.38400799036026,0.36920198798179626,20.830095291137695,0.08237200230360031,0.0638049989938736,1.720263957977295,1.251412034034729,6.278796195983887,94.43054962158203,18.029085159301758,0.9996809959411621,7.006326198577881,3.3511080741882324,0.08627399802207947,1706.52734375,0.08814699947834015,1.2999999853491317e-05,124.76457977294922
2023-02-12 00:00:00+00:00,21788.203125,1515.03369140625,312.9296569824219,0.3752819895744324,0.36429598927497864,21.489978790283203,0.08214399963617325,0.06383699923753738,1.4818300008773804,1.2385159730911255,6.176514148712158,92.39573669433594,17.76869773864746,0.9997329711914062,6.807923793792725,3.329953908920288,0.08506599813699722,1677.9415283203125,0.08641800284385681,1.2999999853491317e-05,122.90042877197266
2023-02-13 00:00:00+00:00,21808.1015625,1507.1658935546875,294.475341796875,0.3716750144958496,0.35962700843811035,20.79010009765625,0.08215600252151489,0.06560000032186508,1.5052390098571777,1.1868449449539185,6.121274948120117,91.12174987792969,17.6209716796875,0.9998949766159058,6.67165994644165,3.396423101425171,0.08513599634170532,1667.7696533203125,0.08588399738073349,1.2000000424450263e-05,123.85804748535156
2023-02-14 00:00:00+00:00,22220.8046875,1556.8751220703125,296.120361328125,0.382407009601593,0.3864409923553467,21.824953079223633,0.08353400230407715,0.06674599647521973,1.5370789766311646,1.2587729692459106,6.227573871612549,95.68757629394531,18.147031784057617,1.0002110004425049,6.806429862976074,3.355365037918091,0.0859299972653389,1721.7481689453125,0.08762799948453903,1.2999999853491317e-05,126.73186492919922
2023-02-15 00:00:00+00:00,24307.841796875,1673.7459716796875,317.1692199707031,0.4013519883155823,0.4181149899959564,23.883901596069336,0.08929099887609482,0.07082100212574005,1.8830089569091797,1.3300319910049438,6.609522819519043,102.79530334472656,19.923646926879883,0.9999560117721558,7.270598888397217,3.402966022491455,0.09015599638223648,1848.086669921875,0.09156399965286255,1.4000000192027073e-05,134.57415771484375
2023-02-16 00:00:00+00:00,23623.474609375,1640.067626953125,304.7637023925781,0.3851569890975952,0.38790199160575867,22.285951614379883,0.0850439965724945,0.06688199937343597,2.0616838932037354,1.3717230558395386,6.3338751792907715,98.95220184326172,18.614831924438477,0.9982420206069946,7.0281548500061035,3.3339269161224365,0.08662699908018112,1820.1690673828125,0.08381599932909012,1.2999999853491317e-05,128.01425170898438
2023-02-17 00:00:00+00:00,24565.6015625,1694.7833251953125,313.37799072265625,0.3953019976615906,0.4039430022239685,23.166757583618164,0.08776599913835526,0.07045699656009674,2.166593074798584,1.525588035583496,7.278363227844238,100.30950927734375,19.477388381958008,0.9995949864387512,7.66677188873291,3.350986957550049,0.09064900130033493,1875.9237060546875,0.08544400334358215,1.2999999853491317e-05,133.4793243408203
2023-02-18 00:00:00+00:00,24641.27734375,1691.8194580078125,316.6827087402344,0.3946300148963928,0.40633100271224976,23.478591918945312,0.0889270007610321,0.07013799995183945,2.118959903717041,1.486840009689331,7.242685794830322,99.7918472290039,19.578697204589844,0.9997640252113342,8.00831413269043,3.3533389568328857,0.09210599958896637,1877.5614013671875,0.08671499788761139,1.2999999853491317e-05,136.1602783203125
2023-02-19 00:00:00+00:00,24327.642578125,1681.4361572265625,311.93585205078125,0.38631701469421387,0.4001069962978363,24.84075164794922,0.08696600049734116,0.07038500159978867,2.03922700881958,1.478551983833313,7.443704128265381,97.56421661376953,19.80207633972168,0.9992210268974304,7.99688720703125,3.3410820960998535,0.09057900309562683,1857.805908203125,0.08742599934339523,1.2999999853491317e-05,135.9656524658203
2023-02-20 00:00:00+00:00,24829.1484375,1702.6751708984375,315.37744140625,0.3985249996185303,0.40400299429893494,26.181386947631836,0.08820799738168716,0.07193999737501144,1.7456779479980469,1.4743280410766602,7.542162895202637,95.9408187866211,20.810766220092773,0.9999489784240723,8.00644588470459,3.335408926010132,0.09448099881410599,1888.71240234375,0.08660700172185898,1.2999999853491317e-05,144.5414276123047
2023-02-21 00:00:00+00:00,24436.353515625,1658.036376953125,311.4720153808594,0.3919050097465515,0.3924170136451721,24.948558807373047,0.08541300147771835,0.06946700066328049,1.9013400077819824,1.384935975074768,7.248809814453125,93.70948028564453,20.94013023376465,1.0002139806747437,7.636673927307129,3.403006076812744,0.09484300017356873,1843.7564697265625,0.08259300142526627,1.2999999853491317e-05,145.24305725097656
2023-02-22 00:00:00+00:00,24188.84375,1643.231689453125,312.7811279296875,0.3955860137939453,0.38892099261283875,24.18134880065918,0.0855339989066124,0.06943400204181671,1.7403110265731812,1.3970240354537964,7.183218955993652,95.21892547607422,20.314476013183594,1.0001039505004883,7.708319187164307,3.366487979888916,0.09243399649858475,1823.188720703125,0.08236899971961975,1.2999999853491317e-05,141.8830108642578
2023-02-23 00:00:00+00:00,23947.4921875,1651.0738525390625,308.533935546875,0.38912999629974365,0.3830229938030243,23.900800704956055,0.08429200202226639,0.06959400326013565,1.893947958946228,1.354701042175293,7.089574813842773,94.6919937133789,19.702638626098633,0.9998319745063782,7.936591148376465,3.3288209438323975,0.09101799875497818,1827.073974609375,0.08072400093078613,1.2999999853491317e-05,138.9110870361328
2023-02-24 00:00:00+00:00,23198.126953125,1608.3731689453125,302.0537109375,0.37847700715065,0.3658190071582794,23.053035736083984,0.08089999854564667,0.06785199791193008,1.8895009756088257,1.265956997871399,6.614421844482422,91.55509948730469,18.36859893798828,0.9997609853744507,7.45567512512207,3.3811299800872803,0.08911299705505371,1789.9019775390625,0.07711400091648102,1.2999999853491317e-05,132.81246948242188
2023-02-25 00:00:00+00:00,23175.375,1594.9149169921875,302.3846130371094,0.3780849874019623,0.3623639941215515,22.523399353027344,0.08078599721193314,0.06783399730920792,1.9306249618530273,1.2488499879837036,6.540582180023193,93.2634506225586,17.95964241027832,1.0006749629974365,7.376634120941162,3.335145950317383,0.0880419984459877,1767.612060546875,0.07494299858808517,1.2000000424450263e-05,133.2133331298828
2023-02-26 00:00:00+00:00,23561.212890625,1640.817138671875,308.9970703125,0.37804099917411804,0.3689729869365692,23.256088256835938,0.0822020024061203,0.0695130005478859,1.9057320356369019,1.2811830043792725,6.689603805541992,95.25562286376953,18.44385528564453,1.0004069805145264,7.491860866546631,3.336472988128662,0.0889270007610321,1821.2633056640625,0.07484500110149384,1.2999999853491317e-05,136.25645446777344
2023-02-27 00:00:00+00:00,23522.87109375,1634.326416015625,304.8558044433594,0.3791149854660034,0.36489900946617126,22.692588806152344,0.08135399967432022,0.06939700245857239,1.8912149667739868,1.235484004020691,6.588034152984619,94.08667755126953,17.939739227294922,0.9998829960823059,7.27908992767334,3.325407028198242,0.08837399631738663,1817.603515625,0.07230699807405472,1.2999999853491317e-05,135.12850952148438
2023-02-28 00:00:00+00:00,23147.353515625,1605.8951416015625,301.4748229980469,0.3771499991416931,0.3524540066719055,21.9163875579834,0.08074899762868881,0.06901100277900696,1.8776240348815918,1.1952389478683472,6.344935894012451,93.79277801513672,17.081113815307617,0.9990900158882141,7.1926960945129395,3.3340089321136475,0.08703400194644928,1781.3118896484375,0.06916499882936478,1.2000000424450263e-05,131.9375
2023-03-01 00:00:00+00:00,23646.55078125,1663.4337158203125,302.907470703125,0.38387900590896606,0.36035600304603577,22.506431579589844,0.08196400105953217,0.0698779970407486,1.8361589908599854,1.2482359409332275,6.534181118011475,97.73766326904297,17.761022567749023,1.0002089738845825,7.52876615524292,3.337799072265625,0.08810199797153473,1843.9290771484375,0.0706230029463768,1.2000000424450263e-05,134.23985290527344
2023-03-02 00:00:00+00:00,23475.466796875,1647.3193359375,299.9461669921875,0.3775799870491028,0.3502059876918793,21.984878540039062,0.08051999658346176,0.06965100020170212,1.8321139812469482,1.2247730493545532,6.3269147872924805,95.25724029541016,17.447031021118164,0.9995629787445068,7.267749786376953,3.3338348865509033,0.0874520018696785,1841.093505859375,0.06900200247764587,1.2000000424450263e-05,131.7173309326172
2023-03-03 00:00:00+00:00,22362.6796875,1569.1676025390625,290.2828369140625,0.3776710033416748,0.34273698925971985,21.39935302734375,0.07677700370550156,0.06715899705886841,1.7459169626235962,1.1677570343017578,6.033932209014893,90.5489730834961,16.654382705688477,0.9998610019683838,6.948713779449463,3.361752986907959,0.08561799675226212,1744.06982421875,0.06396900117397308,1.1000000085914508e-05,126.12358856201172
2023-03-04 00:00:00+00:00,22353.349609375,1566.9239501953125,289.5038757324219,0.3738130033016205,0.33649900555610657,20.966838836669922,0.07455600053071976,0.06668400019407272,1.7755759954452515,1.1264450550079346,5.912603855133057,89.28953552246094,16.11780548095703,0.9999390244483948,6.852447032928467,3.3986940383911133,0.08360400050878525,1734.8807373046875,0.06454800069332123,1.1000000085914508e-05,124.41452026367188
2023-03-05 00:00:00+00:00,22435.513671875,1564.46875,288.69970703125,0.3671939969062805,0.3371019959449768,20.97858428955078,0.07479500025510788,0.06725600361824036,1.7697290182113647,1.1374499797821045,5.980068206787109,89.9533462524414,16.159337997436523,0.9998999834060669,6.94422721862793,3.354495048522949,0.0827530026435852,1739.9415283203125,0.06403400003910065,1.1000000085914508e-05,124.03861236572266
2023-03-06 00:00:00+00:00,22429.7578125,1567.398681640625,288.0549621582031,0.3704710006713867,0.3308210074901581,20.635011672973633,0.07480499893426895,0.06740099936723709,1.7381069660186768,1.1317520141601562,5.922526836395264,87.42292022705078,16.52437973022461,0.9996219873428345,6.862199783325195,3.357404947280884,0.08350799977779388,1742.1209716796875,0.06395699828863144,1.1000000085914508e-05,124.19681549072266
2023-03-07 00:00:00+00:00,22219.76953125,1561.93310546875,289.34368896484375,0.38054800033569336,0.33048298954963684,20.244731903076172,0.0740479975938797,0.06626299768686295,1.7079240083694458,1.149590015411377,5.851391792297363,86.3019027709961,16.169782638549805,1.0002449750900269,6.871420860290527,3.385296106338501,0.08279900252819061,1738.470947265625,0.06273099780082703,1.1000000085914508e-05,122.15843963623047
2023-03-08 00:00:00+00:00,21718.080078125,1534.0882568359375,286.86700439453125,0.3891879916191101,0.3175770044326782,18.421194076538086,0.07113000005483627,0.06526000052690506,1.6991750001907349,1.0517879724502563,5.595501899719238,82.78353118896484,15.134352684020996,0.9987710118293762,6.584420204162598,3.368865966796875,0.08178900182247162,1708.9517822265625,0.06075400114059448,1.1000000085914508e-05,116.58035278320312
2023-03-09 00:00:00+00:00,20363.021484375,1438.6607666015625,277.2961120605469,0.37213000655174255,0.30967798829078674,17.308147430419922,0.0659869983792305,0.05845699831843376,1.6808420419692993,1.0153640508651733,5.380725860595703,76.73104858398438,14.403960227966309,0.9998599886894226,6.158695220947266,3.3630149364471436,0.07708600163459778,1596.79833984375,0.05750099942088127,9.999999747378752e-06,110.16059875488281
2023-03-10 00:00:00+00:00,20187.244140625,1429.1580810546875,277.4195861816406,0.37062200903892517,0.3153420090675354,18.243642807006836,0.06583300232887268,0.05741700157523155,1.6088989973068237,1.0589040517807007,5.554636001586914,71.76221466064453,14.829690933227539,0.9989680051803589,6.225045204162598,3.458240032196045,0.07815500348806381,1598.795654296875,0.059098001569509506,9.999999747378752e-06,111.6947250366211
2023-03-11 00:00:00+00:00,20632.41015625,1482.61669921875,277.96142578125,0.3668319880962372,0.307327002286911,18.22584342956543,0.06659399718046188,0.05927199870347977,1.610185980796814,1.064281940460205,5.507718086242676,69.70695495605469,14.638959884643555,0.9738690257072449,6.207980155944824,3.5282111167907715,0.07939500361680984,1651.9041748046875,0.05853100121021271,9.999999747378752e-06,114.32966613769531
2023-03-12 00:00:00+00:00,22163.94921875,1590.29296875,289.67578125,0.37331798672676086,0.33153900504112244,20.310531616210938,0.07100100070238113,0.06470999866724014,1.590054988861084,1.1569880247116089,5.916477203369141,76.31184387207031,16.256580352783203,0.9925850033760071,6.589978218078613,3.7320399284362793,0.08306699991226196,1769.9078369140625,0.06208699941635132,1.1000000085914508e-05,121.01817321777344
2023-03-13 00:00:00+00:00,24197.533203125,1680.3089599609375,308.9122009277344,0.37378600239753723,0.34458500146865845,20.433712005615234,0.07304099947214127,0.06722000241279602,1.638550043106079,1.1934000253677368,6.115265846252441,81.7682876586914,16.500085830688477,0.99891597032547,6.776379108428955,3.3769359588623047,0.08475500345230103,1862.5953369140625,0.06452599912881851,1.1000000085914508e-05,127.04195404052734
2023-03-14 00:00:00+00:00,24746.07421875,1703.507080078125,309.37078857421875,0.3742789924144745,0.3443079888820648,20.92803382873535,0.07478699833154678,0.06713300198316574,1.7255630493164062,1.200760006904602,6.243840217590332,84.35054016113281,17.180816650390625,0.99897700548172,6.975945949554443,3.342089891433716,0.08843600004911423,1893.7012939453125,0.06598000228404999,1.1000000085914508e-05,131.37879943847656
2023-03-15 00:00:00+00:00,24375.9609375,1656.1805419921875,307.12493896484375,0.36055800318717957,0.3246369957923889,19.29098129272461,0.06986600160598755,0.06531299650669098,1.823341965675354,1.114243984222412,5.885962009429932,76.42815399169922,15.585168838500977,0.9991649985313416,6.55108118057251,3.351954936981201,0.08392500132322311,1835.0823974609375,0.060120001435279846,9.999999747378752e-06,123.4795913696289
2023-03-16 00:00:00+00:00,25052.7890625,1677.2154541015625,329.8608703613281,0.36602500081062317,0.3253830075263977,19.73054313659668,0.07271800190210342,0.06536699831485748,1.826964020729065,1.1507469415664673,6.1011128425598145,79.05355072021484,15.87647819519043,0.999396026134491,6.674513816833496,3.353503942489624,0.084757000207901,1864.6588134765625,0.061089999973773956,1.1000000085914508e-05,126.14076232910156
2023-03-17 00:00:00+00:00,27423.9296875,1792.485107421875,339.0811462402344,0.3803820013999939,0.35052400827407837,21.62910270690918,0.07650899887084961,0.06779500097036362,1.8795779943466187,1.2244999408721924,6.635837078094482,85.5023193359375,17.64643669128418,1.000473976135254,7.225374221801758,3.491365909576416,0.08809400349855423,1991.524169921875,0.0654049962759018,1.1000000085914508e-05,135.60182189941406
2023-03-18 00:00:00+00:00,26965.87890625,1761.65966796875,331.5242919921875,0.3744330108165741,0.33771100640296936,21.19590187072754,0.07304999977350235,0.06587699800729752,1.8350939750671387,1.171612024307251,6.328587055206299,82.9837417602539,16.987367630004883,0.9981600046157837,6.933574199676514,3.3551430702209473,0.0856110006570816,1960.3792724609375,0.06242299824953079,1.1000000085914508e-05,131.30953979492188
2023-03-19 00:00:00+00:00,28038.67578125,1785.5765380859375,336.9782409667969,0.3884649872779846,0.3460099995136261,21.90340232849121,0.07481300085783005,0.06676899641752243,1.9021910429000854,1.168956995010376,6.470154762268066,84.43609619140625,17.563106536865234,0.9983090162277222,7.102636814117432,3.3703958988189697,0.08793000131845474,1988.2568359375,0.06487900018692017,1.1000000085914508e-05,136.12599182128906
2023-03-20 00:00:00+00:00,27767.236328125,1735.3212890625,332.9230041503906,0.3746280074119568,0.33259499073028564,22.176464080810547,0.07148700207471848,0.06511099636554718,1.9532450437545776,1.1040970087051392,6.095547199249268,78.42455291748047,16.64081382751465,0.9968069791793823,7.057743072509766,3.3496510982513428,0.0865200012922287,1928.875732421875,0.06169399991631508,9.999999747378752e-06,130.60391235351562
2023-03-21 00:00:00+00:00,28175.81640625,1806.7607421875,335.3092346191406,0.46970999240875244,0.37123599648475647,22.618267059326172,0.07689400017261505,0.0671830028295517,1.9118740558624268,1.1565070152282715,6.383082866668701,82.7353515625,17.4854679107666,0.9990440011024475,7.407576084136963,3.457181930541992,0.09654299914836884,2010.5523681640625,0.06425300240516663,1.1000000085914508e-05,134.4617462158203
2023-03-22 00:00:00+00:00,27307.4375,1737.717041015625,321.8877258300781,0.4224799871444702,0.36061298847198486,21.480485916137695,0.07399900257587433,0.0598750002682209,1.8333319425582886,1.1099519729614258,6.063480854034424,87.35688781738281,16.77981185913086,0.9988669753074646,7.180304050445557,3.356271982192993,0.09089499711990356,1937.3448486328125,0.06045899912714958,1.1000000085914508e-05,126.23603057861328
2023-03-23 00:00:00+00:00,28333.97265625,1816.4051513671875,329.8370056152344,0.44484999775886536,0.37204501032829285,22.216777801513672,0.07741200178861618,0.06526300311088562,1.8563510179519653,1.1370240449905396,6.325469970703125,93.70100402832031,17.562936782836914,0.9987890124320984,7.621306896209717,3.3803799152374268,0.09255100041627884,2014.509033203125,0.062474001199007034,1.1000000085914508e-05,128.81271362304688
2023-03-24 00:00:00+00:00,27493.28515625,1752.0447998046875,322.3593444824219,0.42590200901031494,0.3600830137729645,20.678855895996094,0.07468000054359436,0.06344299763441086,1.847694993019104,1.097398042678833,6.028029918670654,93.70990753173828,16.986759185791016,0.9995650053024292,7.206892013549805,3.4461638927459717,0.08888400346040726,1952.7119140625,0.0600069984793663,1.1000000085914508e-05,123.89299011230469
2023-03-25 00:00:00+00:00,27494.70703125,1743.7647705078125,322.6730651855469,0.4447160065174103,0.3519960045814514,20.446645736694336,0.07404399663209915,0.06372299790382385,1.836266040802002,1.0792039632797241,5.908658027648926,91.58114624023438,16.880115509033203,0.9994789958000183,7.084826946258545,3.3651669025421143,0.09075900167226791,1941.8035888671875,0.06027999892830849,1.1000000085914508e-05,125.15267944335938
2023-03-26 00:00:00+00:00,27994.330078125,1775.6767578125,328.88800048828125,0.44881701469421387,0.3562450110912323,20.97551918029785,0.07441700249910355,0.0642160028219223,1.8386280536651611,1.105597972869873,6.052051067352295,93.52519226074219,17.13402557373047,0.9991549849510193,7.262111186981201,3.4670069217681885,0.09196200221776962,1979.9967041015625,0.06203800067305565,1.1000000085914508e-05,124.87345886230469
2023-03-27 00:00:00+00:00,27139.888671875,1715.4608154296875,310.9491271972656,0.47999098896980286,0.34551000595092773,19.921674728393555,0.07289499789476395,0.0635799989104271,1.761991024017334,1.0469709634780884,5.873617172241211,89.24687194824219,16.503171920776367,0.9990630149841309,6.872753143310547,3.381779909133911,0.09259899705648422,1912.6160888671875,0.059268999844789505,9.999999747378752e-06,120.26806640625
2023-03-28 00:00:00+00:00,27268.130859375,1772.78564453125,313.2606201171875,0.5150579810142517,0.3683539927005768,20.4706974029541,0.0738229975104332,0.06421499699354172,1.7807929515838623,1.0876660346984863,6.064446926116943,89.13937377929688,16.726268768310547,0.9998030066490173,6.955334186553955,3.4021248817443848,0.09771399945020676,1974.6092529296875,0.05964599922299385,9.999999747378752e-06,121.0765380859375
2023-03-29 00:00:00+00:00,28348.44140625,1793.0018310546875,313.8417663574219,0.5435770153999329,0.38158899545669556,21.111467361450195,0.07562699913978577,0.0643410012125969,1.829692006111145,1.122851014137268,6.180756092071533,91.34173583984375,17.2939395904541,0.999210000038147,7.382523059844971,3.406269073486328,0.1018889993429184,1986.49853515625,0.06870599836111069,1.1000000085914508e-05,123.31118774414062
2023-03-30 00:00:00+00:00,28033.5625,1792.7371826171875,316.56756591796875,0.5342490077018738,0.376459002494812,20.55104637145996,0.07424499839544296,0.06481999903917313,1.8716609477996826,1.092411994934082,6.118803977966309,89.05989074707031,17.245332717895508,0.9999819993972778,7.232709884643555,3.4570090770721436,0.1062690019607544,1998.307861328125,0.0648680031299591,1.1000000085914508e-05,121.12210845947266
2023-03-31 00:00:00+00:00,28478.484375,1822.0220947265625,317.0400085449219,0.5384920239448547,0.39892300963401794,21.170495986938477,0.07703500241041183,0.06561599671840668,1.8533960580825806,1.1191619634628296,6.341023921966553,89.68412780761719,17.716890335083008,0.9994149804115295,7.594569206237793,3.48077392578125,0.11208400130271912,2033.79296875,0.07338999956846237,1.1000000085914508e-05,124.0087890625
2023-04-01 00:00:00+00:00,28411.03515625,1813.860595703125,315.2173156738281,0.5147410035133362,0.38538798689842224,20.97564125061035,0.08405099809169769,0.06684199720621109,1.8740129470825195,1.105478048324585,6.40951681137085,92.87535095214844,17.662683486938477,0.999235987663269,7.47448205947876,3.4048969745635986,0.10775899887084961,2026.77099609375,0.0734729990363121,1.1000000085914508e-05,125.57304382324219
2023-04-02 00:00:00+00:00,28199.30859375,1795.7081298828125,313.9286193847656,0.5189530253410339,0.38175299763679504,20.536975860595703,0.07908900082111359,0.06531199812889099,1.8465559482574463,1.0965059995651245,6.267229080200195,93.01597595214844,17.263288497924805,0.9998440146446228,7.259294033050537,3.395761013031006,0.106625996530056,1997.7835693359375,0.07287099957466125,1.1000000085914508e-05,123.0359878540039
2023-04-03 00:00:00+00:00,27790.220703125,1810.297119140625,308.5623779296875,0.49696001410484314,0.3871389925479889,20.443050384521484,0.09607899934053421,0.06576099991798401,1.827172040939331,1.0970200300216675,6.432228088378906,93.03733825683594,17.101024627685547,0.9992830157279968,7.239348888397217,3.4418749809265137,0.10678800195455551,2019.6046142578125,0.06808599829673767,1.1000000085914508e-05,127.8363037109375
2023-04-04 00:00:00+00:00,28168.08984375,1871.005126953125,310.9948425292969,0.50347900390625,0.3896830081939697,20.924619674682617,0.09515900164842606,0.06578300148248672,1.8541749715805054,1.1390889883041382,6.441699981689453,92.60042572021484,17.64712142944336,0.9993630051612854,7.379016876220703,3.398190975189209,0.10616700351238251,2097.50830078125,0.06745199859142303,1.1000000085914508e-05,127.13724517822266
2023-04-05 00:00:00+00:00,28177.984375,1909.114013671875,314.06317138671875,0.5062350034713745,0.3923639953136444,20.966007232666016,0.09281700104475021,0.06610900163650513,1.8641120195388794,1.1405149698257446,6.40403413772583,92.62211608886719,17.989526748657227,0.9992700219154358,7.325242042541504,3.378282070159912,0.10728400200605392,2129.31298828125,0.06698200106620789,1.1000000085914508e-05,127.248291015625
2023-04-06 00:00:00+00:00,28044.140625,1872.922607421875,312.45465087890625,0.5032979846000671,0.3832100033760071,20.61012840270996,0.08541200309991837,0.06609799712896347,1.8800389766693115,1.1136380434036255,6.280776023864746,90.92915344238281,18.001949310302734,0.999871015548706,7.200003147125244,3.392374038696289,0.10578099638223648,2096.41943359375,0.06554900109767914,1.1000000085914508e-05,126.07366180419922
2023-04-07 00:00:00+00:00,27925.859375,1865.6361083984375,310.6994934082031,0.5137360095977783,0.3836430013179779,20.469940185546875,0.08245600014925003,0.06611300259828568,1.9245610237121582,1.1075780391693115,6.184780120849609,90.6383285522461,17.624462127685547,0.9997959733009338,7.277441024780273,3.375566005706787,0.10646100342273712,2080.88525390625,0.0649930015206337,1.1000000085914508e-05,124.68407440185547
2023-04-08 00:00:00+00:00,27947.794921875,1849.4981689453125,310.6347351074219,0.5057160258293152,0.38563498854637146,20.036449432373047,0.08140499889850616,0.06615299731492996,1.9398930072784424,1.1024819612503052,6.135956764221191,89.9751968383789,17.464860916137695,0.9993219971656799,7.137541770935059,3.3585290908813477,0.10441400110721588,2066.7373046875,0.06480100005865097,1.1000000085914508e-05,123.81997680664062
2023-04-09 00:00:00+00:00,28333.05078125,1859.3878173828125,312.87225341796875,0.5058339834213257,0.3896929919719696,20.29946517944336,0.08329000324010849,0.06665199995040894,1.9054889678955078,1.1019220352172852,6.216215133666992,90.67667388916016,17.560928344726562,0.9993360042572021,7.212092876434326,3.377552032470703,0.10481300204992294,2074.520751953125,0.06471800059080124,1.1000000085914508e-05,125.55250549316406
2023-04-10 00:00:00+00:00,29652.98046875,1911.20751953125,318.3790588378906,0.5183179974555969,0.39698898792266846,20.882356643676758,0.08485200256109238,0.06733600050210953,1.8769869804382324,1.1213159561157227,6.290450096130371,93.82122802734375,17.932527542114258,1.0001100301742554,7.344665050506592,3.3902480602264404,0.10572800040245056,2132.498046875,0.06622400134801865,1.1000000085914508e-05,127.98754119873047
2023-04-11 00:00:00+00:00,30235.05859375,1892.189697265625,322.7582702636719,0.5175179839134216,0.40145599842071533,23.018827438354492,0.0842370018362999,0.06643199920654297,1.9039980173110962,1.1138880252838135,6.42575216293335,94.31179809570312,18.16439437866211,0.9996160268783569,7.313779830932617,3.3646440505981445,0.10518400371074677,2111.894775390625,0.06539300084114075,1.1000000085914508e-05,129.1404571533203
2023-04-12 00:00:00+00:00,30139.052734375,1920.68212890625,318.9537658691406,0.5061150193214417,0.40656301379203796,23.985305786132812,0.08343300223350525,0.06502600014209747,2.0110979080200195,1.1106200218200684,6.4151930809021,92.50415802001953,18.491119384765625,1.0001920461654663,7.250481128692627,3.4242379665374756,0.1045759990811348,2138.42822265625,0.06435000151395798,1.1000000085914508e-05,128.86749267578125
2023-04-13 00:00:00+00:00,30399.06640625,2012.6346435546875,324.9480895996094,0.5132920145988464,0.4257589876651764,24.432308197021484,0.08748400211334229,0.06530900299549103,1.9786909818649292,1.1346789598464966,6.6424479484558105,94.2594985961914,18.85436248779297,1.0000540018081665,7.464562892913818,3.384704113006592,0.10544800013303757,2230.96826171875,0.06671600043773651,1.1000000085914508e-05,131.23565673828125
2023-04-14 00:00:00+00:00,30485.69921875,2101.635498046875,329.1738586425781,0.5239930152893066,0.4383299946784973,24.772722244262695,0.08878500014543533,0.06625799834728241,1.9479249715805054,1.1620399951934814,6.7340312004089355,96.45197296142578,19.248788833618164,0.9997050166130066,7.752357006072998,3.436469078063965,0.10706300288438797,2348.89697265625,0.06747999787330627,1.1000000085914508e-05,132.49490356445312
2023-04-15 00:00:00+00:00,30318.49609375,2092.466796875,333.40728759765625,0.5204439759254456,0.4532800018787384,24.079378128051758,0.0889739990234375,0.06600099802017212,1.9329370260238647,1.17289400100708,6.806902885437012,96.86820983886719,19.107620239257812,0.9995250105857849,8.013286590576172,3.401599884033203,0.10660199820995331,2339.764404296875,0.0682390034198761,1.2000000424450263e-05,132.8057861328125
2023-04-16 00:00:00+00:00,30315.35546875,2120.005859375,348.2209167480469,0.5213919878005981,0.45175498723983765,25.361927032470703,0.09047199785709381,0.06655199825763702,1.9426809549331665,1.1838619709014893,6.833064079284668,100.26744842529297,20.20197868347168,0.9994990229606628,8.136897087097168,3.4174959659576416,0.10745400190353394,2365.95263671875,0.06920900195837021,1.2000000424450263e-05,134.45375061035156
2023-04-17 00:00:00+00:00,29445.044921875,2076.242919921875,339.9941101074219,0.5111269950866699,0.4341669976711273,24.55884552001953,0.09144899994134903,0.06578399986028671,1.9160490036010742,1.1529539823532104,6.695542812347412,98.67469787597656,20.514562606811523,0.9992830157279968,8.164322853088379,3.397697925567627,0.10407499969005585,2317.296142578125,0.06645800173282623,1.1000000085914508e-05,131.61575317382812
2023-04-18 00:00:00+00:00,30397.552734375,2104.537353515625,343.1934509277344,0.532263994216919,0.4437519907951355,24.852689743041992,0.09398899972438812,0.06676200032234192,1.9346929788589478,1.171897053718567,6.922027111053467,101.8514175415039,21.227848052978516,1.0002809762954712,8.576398849487305,3.417860984802246,0.10558400303125381,2355.2451171875,0.0680370032787323,1.2000000424450263e-05,133.6016845703125
2023-04-19 00:00:00+00:00,28822.6796875,1936.4034423828125,322.70751953125,0.4915989935398102,0.4157930016517639,22.71283531188965,0.08786799758672714,0.06584899872541428,1.8151750564575195,1.0855530500411987,6.319921016693115,90.44068145751953,18.993925094604492,0.9999319911003113,7.770359992980957,3.3987629413604736,0.09769000113010406,2171.555419921875,0.06241599842905998,1.1000000085914508e-05,125.0929183959961
2023-04-20 00:00:00+00:00,28245.98828125,1943.09765625,317.8899230957031,0.47485798597335815,0.40073099732398987,22.181440353393555,0.08393699675798416,0.06541299819946289,1.8336609601974487,1.0471500158309937,6.11122989654541,90.23965454101562,18.332067489624023,0.998947024345398,7.51875114440918,3.458221912384033,0.0957610011100769,2169.99658203125,0.061847999691963196,1.1000000085914508e-05,123.1105728149414
2023-04-21 00:00:00+00:00,27276.91015625,1849.9998779296875,321.67498779296875,0.449396014213562,0.38293901085853577,21.278135299682617,0.07847899943590164,0.0650010034441948,1.8071060180664062,1.0126760005950928,5.851493835449219,85.51734161376953,16.953628540039062,0.9996230006217957,7.117650032043457,3.4951601028442383,0.09301300346851349,2072.59814453125,0.059668999165296555,9.999999747378752e-06,119.75077056884766
2023-04-22 00:00:00+00:00,27817.5,1874.2286376953125,331.9950866699219,0.47266098856925964,0.3961530029773712,21.816287994384766,0.08037500083446503,0.06607499718666077,1.8700170516967773,1.0253440141677856,5.953291893005371,87.09852600097656,17.23383903503418,0.9997619986534119,7.179794788360596,3.5214738845825195,0.09559299796819687,2104.4482421875,0.06116599962115288,9.999999747378752e-06,122.23889923095703
2023-04-23 00:00:00+00:00,27591.384765625,1862.06201171875,330.61883544921875,0.4650160074234009,0.3889999985694885,21.480138778686523,0.07881999760866165,0.06667699664831161,1.8128410577774048,1.0036760568618774,5.917685031890869,86.89732360839844,16.86546516418457,0.9999780058860779,7.079930782318115,3.512465000152588,0.0945729985833168,2087.49072265625,0.06030799821019173,9.999999747378752e-06,119.92919158935547
2023-04-24 00:00:00+00:00,27525.33984375,1842.7574462890625,331.2458801269531,0.4612730145454407,0.3839159905910492,21.391069412231445,0.07878399640321732,0.06614000350236893,1.7545559406280518,0.9899200201034546,5.891438007354736,88.40734100341797,16.939165115356445,0.9998670220375061,7.076444149017334,3.5229458808898926,0.09347999840974808,2071.80322265625,0.059911999851465225,9.999999747378752e-06,119.3284683227539
2023-04-25 00:00:00+00:00,28307.59765625,1866.753662109375,338.3255615234375,0.46999499201774597,0.3949190080165863,21.92725372314453,0.07984700053930283,0.0658629983663559,1.7223349809646606,1.0058540105819702,6.001255989074707,91.10834503173828,17.64320945739746,0.9998049736022949,7.27154016494751,3.5441060066223145,0.09491600096225739,2086.460693359375,0.06094200164079666,9.999999747378752e-06,120.19910430908203
2023-04-26 00:00:00+00:00,28422.701171875,1866.564208984375,330.82177734375,0.46203699707984924,0.4014979898929596,21.28301239013672,0.07862299680709839,0.06518299877643585,1.7270009517669678,0.9861339926719666,5.852431774139404,88.25418853759766,17.189762115478516,1.0000909566879272,7.00423002243042,3.5038061141967773,0.09355799853801727,2085.818359375,0.06036299839615822,9.999999747378752e-06,117.64835357666016
2023-04-27 00:00:00+00:00,29473.787109375,1908.786376953125,331.1950988769531,0.46686801314353943,0.40984299778938293,22.34011459350586,0.08019000291824341,0.06579399853944778,1.7333049774169922,1.0125279426574707,5.971175193786621,89.68881225585938,17.724498748779297,0.9996709823608398,7.170403957366943,3.4843668937683105,0.09436500072479248,2137.726318359375,0.06124899908900261,9.999999747378752e-06,117.19754791259766
2023-04-28 00:00:00+00:00,29340.26171875,1892.5128173828125,324.500244140625,0.48027101159095764,0.4049319922924042,23.366287231445312,0.08036399632692337,0.06671000272035599,1.7217659950256348,0.998852014541626,5.94859504699707,89.73138427734375,17.56381607055664,0.9997619986534119,7.050134181976318,3.4908220767974854,0.09474900364875793,2122.75,0.06068100035190582,9.999999747378752e-06,118.1279525756836
2023-04-29 00:00:00+00:00,29248.48828125,1908.9169921875,322.1347351074219,0.4784089922904968,0.40278398990631104,23.18299674987793,0.08162999898195267,0.06800399720668793,1.723667025566101,1.0031019449234009,6.040212154388428,91.08751678466797,17.48208236694336,0.9999129772186279,7.187723159790039,3.5755081176757812,0.09579599648714066,2135.222412109375,0.060718998312950134,9.999999747378752e-06,119.74381256103516
2023-04-30 00:00:00+00:00,29268.806640625,1876.92431640625,337.6455383300781,0.4723320007324219,0.39735400676727295,22.832014083862305,0.07976900041103363,0.06734299659729004,1.717810034751892,0.984080970287323,5.901270866394043,88.53362274169922,17.166259765625,0.9991350173950195,7.052085876464844,3.5476720333099365,0.09464800357818604,2106.6015625,0.06378600001335144,9.999999747378752e-06,118.2165756225586
2023-05-01 00:00:00+00:00,28091.568359375,1831.954833984375,328.7242126464844,0.4649659991264343,0.3868570029735565,21.98663330078125,0.07881999760866165,0.06850399821996689,1.6766550540924072,0.9601370096206665,5.6679229736328125,86.74261474609375,16.65838050842285,0.9996910095214844,6.901027202606201,3.5903210639953613,0.09263700246810913,2049.275390625,0.059404999017715454,9.999999747378752e-06,116.97727966308594
2023-05-02 00:00:00+00:00,28680.537109375,1870.789306640625,321.95269775390625,0.4649510085582733,0.391772985458374,22.264978408813477,0.07880599796772003,0.06924600154161453,1.6694600582122803,0.976993978023529,5.718677997589111,88.29579162597656,16.854707717895508,0.9996320009231567,6.986553192138672,3.6246860027313232,0.09355100244283676,2096.86767578125,0.05886999890208244,9.999999747378752e-06,119.24887084960938
2023-05-03 00:00:00+00:00,29006.30859375,1904.65185546875,326.212890625,0.4634940028190613,0.3939419984817505,22.218002319335938,0.07971300184726715,0.06924500316381454,1.716454029083252,1.0065560340881348,5.778507232666016,88.89485168457031,17.222131729125977,0.9997959733009338,7.123072147369385,3.6714890003204346,0.0935870036482811,2134.429931640625,0.05857099965214729,9.999999747378752e-06,120.1817855834961
2023-05-04 00:00:00+00:00,28847.7109375,1877.7041015625,323.9171447753906,0.4615730047225952,0.3874480128288269,21.730348587036133,0.07844900339841843,0.06945399940013885,1.684209942817688,0.9825419783592224,5.669313907623291,88.49445343017578,16.91795539855957,0.9998499751091003,6.997713088989258,3.5357649326324463,0.09347900003194809,2103.092041015625,0.0574599988758564,9.999999747378752e-06,117.41165924072266
2023-05-05 00:00:00+00:00,29534.384765625,1995.0609130859375,326.9403076171875,0.46779999136924744,0.39468398690223694,22.82611083984375,0.08038999885320663,0.07100299745798111,1.698706030845642,0.9989330172538757,5.853751182556152,88.83866882324219,17.38660430908203,0.9999470114707947,7.2359209060668945,3.5374488830566406,0.09438499808311462,2234.1162109375,0.05842899903655052,9.999999747378752e-06,120.19355773925781
2023-05-06 00:00:00+00:00,28904.623046875,1900.2218017578125,322.7740173339844,0.4595490097999573,0.3801189959049225,21.974262237548828,0.07699800282716751,0.07032699882984161,1.6807199716567993,0.9777910113334656,5.653782844543457,83.63143920898438,16.63551902770996,1.000288963317871,6.943518161773682,3.523487091064453,0.09258700162172318,2126.779296875,0.05702799931168556,9.000000318337698e-06,117.20550537109375
2023-05-07 00:00:00+00:00,28454.978515625,1873.076416015625,321.6110534667969,0.45036399364471436,0.37690600752830505,21.844228744506836,0.07671000063419342,0.0693420022726059,1.6642570495605469,0.965624988079071,5.641276836395264,83.5726089477539,16.447729110717773,0.9994180202484131,6.909634113311768,3.497775077819824,0.09204600006341934,2103.205810546875,0.05654099956154823,9.000000318337698e-06,116.38961791992188
2023-05-08 00:00:00+00:00,27694.2734375,1849.042724609375,313.9712219238281,0.42891499400138855,0.3658280074596405,20.65746307373047,0.07247299700975418,0.06843899935483932,1.5751030445098877,0.900642991065979,5.3758931159973145,77.8734359741211,15.423477172851562,1.000241994857788,6.591795921325684,3.4975509643554688,0.08951900154352188,2072.788330078125,0.05454999953508377,9.000000318337698e-06,111.40475463867188
2023-05-09 00:00:00+00:00,27658.775390625,1848.6031494140625,312.5137023925781,0.4298880100250244,0.36380600929260254,20.683645248413086,0.0731389969587326,0.06908100098371506,1.6097830533981323,0.877144992351532,5.328574180603027,80.0215835571289,15.335582733154297,0.999845027923584,6.52426290512085,3.527761936187744,0.08912099897861481,2066.5302734375,0.05411100015044212,9.000000318337698e-06,121.97784423828125
2023-05-10 00:00:00+00:00,27621.755859375,1842.4014892578125,314.57745361328125,0.43087300658226013,0.369937002658844,20.953710556030273,0.07322599738836288,0.06940799951553345,1.6183010339736938,0.8773589730262756,5.470531940460205,81.06997680664062,15.53670883178711,0.9997509717941284,6.5959038734436035,3.582429885864258,0.0891290009021759,2080.2939453125,0.054336998611688614,9.000000318337698e-06,116.04965209960938
2023-05-11 00:00:00+00:00,27000.7890625,1796.4906005859375,307.6958312988281,0.42187899351119995,0.36003899574279785,20.234880447387695,0.07208500057458878,0.06770499795675278,1.5694290399551392,0.8425009846687317,5.285426139831543,81.04087829589844,14.973287582397461,1.0001369714736938,6.366950988769531,3.5103349685668945,0.08950500190258026,2019.0108642578125,0.05138599872589111,9.000000318337698e-06,113.51126861572266
2023-05-12 00:00:00+00:00,26804.990234375,1808.019775390625,308.6031188964844,0.43071800470352173,0.3704630136489868,20.911794662475586,0.07245899736881256,0.06909599900245667,1.5334080457687378,0.8650850057601929,5.345987796783447,80.50313568115234,15.192852973937988,1.0003730058670044,6.621963977813721,3.4925119876861572,0.08910900354385376,2047.27392578125,0.052310001105070114,9.000000318337698e-06,114.97211456298828
2023-05-13 00:00:00+00:00,26784.078125,1796.1148681640625,311.0868835449219,0.424903005361557,0.36503100395202637,20.86876106262207,0.07177700102329254,0.06938000023365021,1.5512239933013916,0.8494070172309875,5.351903915405273,80.30570220947266,14.942066192626953,0.999625027179718,6.50039005279541,3.543982982635498,0.0883369967341423,2023.078857421875,0.0513949990272522,9.000000318337698e-06,113.11613464355469
2023-05-14 00:00:00+00:00,26930.638671875,1800.5009765625,312.1358947753906,0.4258599877357483,0.3707610070705414,20.953397750854492,0.07198599725961685,0.06940100342035294,1.5404030084609985,0.8597729802131653,5.354409217834473,83.44429779052734,15.03024959564209,1.0000100135803223,6.543808937072754,3.5774850845336914,0.08872299641370773,2033.056640625,0.05181000009179115,9.000000318337698e-06,115.3438491821289
2023-05-15 00:00:00+00:00,27192.693359375,1817.5499267578125,313.5294189453125,0.42756199836730957,0.3674820065498352,21.00718879699707,0.07204599678516388,0.0702420026063919,1.5512100458145142,0.8602520227432251,5.320285797119141,87.06656646728516,15.093147277832031,0.9990410208702087,6.6380510330200195,3.4961769580841064,0.08808299899101257,2043.5,0.05238699913024902,9.000000318337698e-06,116.27071380615234
2023-05-16 00:00:00+00:00,27036.650390625,1824.1214599609375,311.3800354003906,0.4414219856262207,0.3678300082683563,20.679420471191406,0.07272899895906448,0.07055900245904922,1.5568389892578125,0.8460109829902649,5.299292087554932,89.85771942138672,14.903059005737305,0.9996489882469177,6.659043788909912,3.4989099502563477,0.0879020020365715,2050.12255859375,0.05234299972653389,9.000000318337698e-06,116.86369323730469
2023-05-17 00:00:00+00:00,27398.802734375,1821.859619140625,314.0835266113281,0.4485889971256256,0.3754250109195709,21.06839942932129,0.07491099834442139,0.07105199992656708,1.5648620128631592,0.8876799941062927,5.413900852203369,93.88973236083984,15.164073944091797,0.9998829960823059,6.753897190093994,3.5566439628601074,0.08857899904251099,2047.866943359375,0.05332000181078911,9.000000318337698e-06,118.00822448730469
2023-05-18 00:00:00+00:00,26832.208984375,1801.728515625,309.4566955566406,0.46029898524284363,0.372078001499176,20.348695755004883,0.07354599982500076,0.07027599960565567,1.582340955734253,0.8727009892463684,5.341458797454834,90.54290771484375,14.70057201385498,0.9990509748458862,6.534811973571777,3.5818169116973877,0.08873999863862991,2019.563232421875,0.05235999822616577,9.000000318337698e-06,115.42849731445312
2023-05-19 00:00:00+00:00,26890.12890625,1812.5894775390625,308.96429443359375,0.4679819941520691,0.36821499466896057,20.349870681762695,0.07352700084447861,0.07067500054836273,1.5864670276641846,0.8709350228309631,5.370038986206055,91.70238494873047,14.67898941040039,0.9997889995574951,6.508409023284912,3.596069097518921,0.08920399844646454,2035.969482421875,0.05280200019478798,9.000000318337698e-06,115.52147674560547
2023-05-20 00:00:00+00:00,27129.5859375,1820.47802734375,310.719970703125,0.46908101439476013,0.3663569986820221,20.285446166992188,0.07366999983787537,0.0726500004529953,1.6171419620513916,0.877144992351532,5.414481163024902,92.3713150024414,14.636693954467773,1.0003390312194824,6.512510776519775,3.6093690395355225,0.08884800225496292,2036.0877685546875,0.05299900099635124,9.000000318337698e-06,116.541748046875
2023-05-21 00:00:00+00:00,26753.826171875,1804.5313720703125,306.5067138671875,0.4575499892234802,0.3603630065917969,19.609437942504883,0.07214199751615524,0.07512400299310684,1.604295015335083,0.8567829728126526,5.273439884185791,92.27886962890625,14.313434600830078,0.999688982963562,6.429470062255859,3.5974340438842773,0.088127002120018,2016.9951171875,0.05226200073957443,9.000000318337698e-06,114.65476989746094
2023-05-22 00:00:00+00:00,26851.27734375,1817.5347900390625,309.2456359863281,0.46160098910331726,0.3679969906806946,19.54204559326172,0.07299800217151642,0.07816799730062485,1.5750889778137207,0.8719720244407654,5.31261682510376,90.94607543945312,14.680551528930664,0.9997749924659729,6.52993106842041,3.5131239891052246,0.08814100176095963,2040.948974609375,0.052000001072883606,9.000000318337698e-06,114.77024841308594
2023-05-23 00:00:00+00:00,27225.7265625,1854.380615234375,313.5062255859375,0.46542999148368835,0.37048399448394775,20.043182373046875,0.07286400347948074,0.07848100364208221,1.5873019695281982,0.8898800015449524,5.400730133056641,91.63233184814453,14.711454391479492,0.9997100234031677,6.50832986831665,3.5163369178771973,0.08814699947834015,2085.8447265625,0.05224499851465225,9.000000318337698e-06,115.65068054199219
2023-05-24 00:00:00+00:00,26334.818359375,1800.0999755859375,305.9327697753906,0.45360898971557617,0.36423400044441223,19.223663330078125,0.07073500007390976,0.0768980011343956,1.5133689641952515,0.8740220069885254,5.260034084320068,86.0003662109375,14.147786140441895,0.9996479749679565,6.327065944671631,3.568411111831665,0.08651000261306763,2034.6326904296875,0.05085499957203865,9.000000318337698e-06,112.18870544433594
2023-05-25 00:00:00+00:00,26476.20703125,1805.9537353515625,304.733642578125,0.45373401045799255,0.35841599106788635,19.260662078857422,0.07087499648332596,0.0768129974603653,1.4694410562515259,0.8900129795074463,5.2444047927856445,86.60067749023438,14.095544815063477,0.9998090267181396,6.279226779937744,3.567905902862549,0.08702699840068817,2033.141357421875,0.0506649985909462,9.000000318337698e-06,111.94451904296875
2023-05-26 00:00:00+00:00,26719.291015625,1828.689697265625,306.8863220214844,0.4691399931907654,0.3628840148448944,19.36695671081543,0.07098399847745895,0.07548899948596954,1.489259958267212,0.9116250276565552,5.24843692779541,87.26806640625,14.345760345458984,0.9998090267181396,6.352190971374512,3.5213680267333984,0.08783099800348282,2059.052978515625,0.05213399976491928,9.000000318337698e-06,113.27008819580078
2023-05-27 00:00:00+00:00,26868.353515625,1831.1182861328125,307.5917663574219,0.4722450077533722,0.3667739927768707,20.425233840942383,0.07268299907445908,0.07718899846076965,1.4934519529342651,0.9209719896316528,5.337991237640381,88.65031433105469,14.549345970153809,1.0001510381698608,6.440199851989746,3.506135940551758,0.08813600242137909,2064.333740234375,0.052062999457120895,9.000000318337698e-06,113.9607162475586
2023-05-28 00:00:00+00:00,28085.646484375,1910.9141845703125,314.2700500488281,0.48288899660110474,0.3829990029335022,20.7985782623291,0.0736130028963089,0.07744800299406052,1.521602988243103,0.9418879747390747,5.508674144744873,91.57996368408203,14.935823440551758,1.0002939701080322,6.638851165771484,3.533687114715576,0.08869799971580505,2143.04931640625,0.05341000109910965,9.000000318337698e-06,116.52263641357422
2023-05-29 00:00:00+00:00,27745.884765625,1893.078125,311.80718994140625,0.4941509962081909,0.3791379928588867,20.586509704589844,0.07318499684333801,0.0761599987745285,1.489400029182434,0.9093999862670898,5.460805892944336,91.00045776367188,14.484777450561523,0.9996470212936401,6.640285015106201,3.5555338859558105,0.08931499719619751,2130.90185546875,0.05278899893164635,9.000000318337698e-06,114.98091125488281
2023-05-30 00:00:00+00:00,27702.349609375,1901.026611328125,311.68450927734375,0.5219380259513855,0.3779340088367462,21.25408363342285,0.07236099988222122,0.07640200108289719,1.5036660432815552,0.9014719724655151,5.4438018798828125,92.32611083984375,14.4511137008667,0.9993950128555298,6.613655090332031,3.5107030868530273,0.09084299951791763,2138.78271484375,0.052813999354839325,9.000000318337698e-06,114.1355972290039
2023-05-31 00:00:00+00:00,27219.658203125,1874.1304931640625,306.86669921875,0.5173860192298889,0.3744029998779297,20.82450294494629,0.07165999710559845,0.07528200000524521,1.5164459943771362,0.8933200240135193,5.317827224731445,90.53900909423828,14.119641304016113,0.9999459981918335,6.480094909667969,3.4913830757141113,0.09257800132036209,2106.0478515625,0.05134199932217598,9.000000318337698e-06,113.2657241821289
2023-06-01 00:00:00+00:00,26819.97265625,1862.201416015625,304.9532775878906,0.5073170065879822,0.3647240102291107,20.50221824645996,0.07149200141429901,0.07477299869060516,1.4441699981689453,0.8885629773139954,5.210669994354248,93.97233581542969,14.10698413848877,0.9997000098228455,6.346456050872803,3.4995059967041016,0.09108699858188629,2096.60986328125,0.05028599873185158,7.999999979801942e-06,113.36608123779297
2023-06-02 00:00:00+00:00,27249.58984375,1907.256591796875,307.4237976074219,0.5253869891166687,0.37830400466918945,21.25759506225586,0.07261200249195099,0.08275400102138519,1.4640979766845703,0.9001780152320862,5.2798848152160645,95.4177474975586,14.490138053894043,0.9997659921646118,6.456369876861572,3.6106390953063965,0.09204500168561935,2145.677001953125,0.050850000232458115,9.000000318337698e-06,114.82804107666016
2023-06-03 00:00:00+00:00,27075.12890625,1892.4124755859375,306.7201232910156,0.5193510055541992,0.37602800130844116,21.15556526184082,0.07267100363969803,0.08183400332927704,1.4723219871520996,0.8995140194892883,5.330341815948486,95.99313354492188,14.574328422546387,0.999754011631012,6.416921138763428,3.5762040615081787,0.09199199825525284,2130.1943359375,0.050255000591278076,9.000000318337698e-06,114.92384338378906
2023-06-04 00:00:00+00:00,27119.06640625,1890.5135498046875,305.15679931640625,0.5359110236167908,0.3776929974555969,21.8189754486084,0.0724710002541542,0.08147799968719482,1.4839669466018677,0.8933560252189636,5.319441795349121,94.2899169921875,14.782492637634277,0.9992089867591858,6.456024169921875,3.585930109024048,0.09138800203800201,2129.65087890625,0.05019700154662132,9.000000318337698e-06,115.72877502441406
2023-06-05 00:00:00+00:00,25760.09765625,1811.828369140625,276.8892517089844,0.5103939771652222,0.3520149886608124,20.07505989074707,0.06657300144433975,0.07834699749946594,1.4454360008239746,0.8362269997596741,5.073203086853027,87.83460235595703,13.897244453430176,0.9997199773788452,6.0659499168396,3.513901948928833,0.08790600299835205,2043.1451416015625,0.04888400062918663,7.999999979801942e-06,108.79646301269531
2023-06-06 00:00:00+00:00,27238.783203125,1884.494873046875,281.4955749511719,0.5304639935493469,0.3537150025367737,20.398483276367188,0.07037299871444702,0.078234001994133,1.4626280069351196,0.8237339854240417,5.208306789398193,90.92071533203125,14.631876945495605,0.9999579787254333,6.260660171508789,3.5167229175567627,0.08968500047922134,2119.540771484375,0.049550000578165054,7.999999979801942e-06,114.7855453491211
2023-06-07 00:00:00+00:00,26345.998046875,1832.39599609375,259.3914489746094,0.5196279883384705,0.3222779929637909,18.6342830657959,0.06729999929666519,0.07674100250005722,1.471439003944397,0.7652440071105957,5.022200107574463,88.848388671875,14.032129287719727,0.9996309876441956,5.914066791534424,3.5151760578155518,0.08735299855470657,2055.1875,0.04835699871182442,7.999999979801942e-06,111.18528747558594
2023-06-08 00:00:00+00:00,26508.216796875,1846.3018798828125,262.14849853515625,0.5245460271835327,0.32315701246261597,18.909475326538086,0.06796599924564362,0.07749500125646591,1.4782819747924805,0.7813959717750549,5.02603816986084,88.46656036376953,13.931173324584961,0.9995399713516235,5.995314121246338,3.5366909503936768,0.08715000003576279,2079.660888671875,0.04867500066757202,7.999999979801942e-06,111.77751159667969
2023-06-09 00:00:00+00:00,26480.375,1840.2252197265625,260.7160949707031,0.5379170179367065,0.295401006937027,17.37969970703125,0.0694890022277832,0.07198400050401688,1.4637340307235718,0.727711021900177,4.982104778289795,89.2320327758789,13.767868041992188,0.9997280240058899,5.986426830291748,3.5019469261169434,0.08899000287055969,2075.041748046875,0.048427000641822815,7.999999979801942e-06,110.77734375
2023-06-10 00:00:00+00:00,25851.240234375,1752.384765625,239.08908081054688,0.5081989765167236,0.2761940062046051,15.65610122680664,0.06185999885201454,0.06960099935531616,1.3456629514694214,0.6119580268859863,4.526294231414795,77.3517074584961,11.680257797241211,0.9999409914016724,5.241125106811523,3.5031590461730957,0.08233200013637543,1978.3211669921875,0.045496001839637756,7.000000096013537e-06,103.61753845214844
2023-06-11 00:00:00+00:00,25940.16796875,1753.415283203125,235.4387969970703,0.5212209820747375,0.2726300060749054,15.558775901794434,0.06158699840307236,0.07017699629068375,1.3479870557785034,0.6350730061531067,4.521618843078613,77.69893646240234,11.575257301330566,0.9996359944343567,5.173130989074707,3.5508110523223877,0.08351399749517441,1971.3248291015625,0.04438700154423714,7.000000096013537e-06,102.82831573486328
2023-06-12 00:00:00+00:00,25902.5,1742.5286865234375,231.0514373779297,0.52572101354599,0.27504798769950867,15.196707725524902,0.061459001153707504,0.07103300094604492,1.3131940364837646,0.6430230140686035,4.532445907592773,77.548095703125,11.520296096801758,0.9997119903564453,5.163537979125977,3.506972074508667,0.08308999985456467,1964.056396484375,0.04524499922990799,7.000000096013537e-06,102.72838592529297
2023-06-13 00:00:00+00:00,25918.728515625,1739.03759765625,243.89053344726562,0.5200859904289246,0.27498599886894226,15.018193244934082,0.061723001301288605,0.07191900163888931,1.3098880052566528,0.6443089842796326,4.622073173522949,77.4438247680664,11.787354469299316,0.9999150037765503,5.293571949005127,3.4933719635009766,0.08253099769353867,1963.0765380859375,0.04682299867272377,7.000000096013537e-06,105.27336883544922
2023-06-14 00:00:00+00:00,25124.67578125,1650.519287109375,237.5742645263672,0.4802199900150299,0.2632260024547577,14.486572265625,0.06038700044155121,0.0709649994969368,1.2957220077514648,0.6192020177841187,4.569849967956543,73.16329193115234,11.366084098815918,0.9997850060462952,5.242557048797607,3.514272928237915,0.0792509987950325,1865.8526611328125,0.045430999249219894,7.000000096013537e-06,101.79300689697266
2023-06-15 00:00:00+00:00,25576.39453125,1665.519775390625,236.2806854248047,0.4801180064678192,0.26195698976516724,14.759472846984863,0.06150300055742264,0.07095099985599518,1.2754980325698853,0.5904629826545715,4.37718391418457,74.52643585205078,11.40145206451416,0.9997580051422119,5.30604887008667,3.503438949584961,0.07631699740886688,1878.6668701171875,0.04294599965214729,7.000000096013537e-06,104.71800994873047
2023-06-16 00:00:00+00:00,26327.462890625,1716.6688232421875,239.1146697998047,0.47574299573898315,0.2631849944591522,15.30825424194336,0.062102001160383224,0.07051499933004379,1.2992290258407593,0.5898579955101013,4.416847229003906,76.04912567138672,11.541641235351562,0.9999330043792725,5.319080829620361,3.523444890975952,0.07740599662065506,1936.68798828125,0.04440100118517876,7.000000096013537e-06,108.06197357177734
2023-06-17 00:00:00+00:00,26510.67578125,1727.2041015625,244.61058044433594,0.47979000210762024,0.2669279873371124,15.650521278381348,0.062217000871896744,0.07159200310707092,1.3177340030670166,0.6136670112609863,4.5261311531066895,76.91241455078125,11.625213623046875,0.9997469782829285,5.283658027648926,3.517301082611084,0.07966800034046173,1949.6378173828125,0.0457490012049675,7.000000096013537e-06,106.69098663330078
2023-06-18 00:00:00+00:00,26336.212890625,1720.5775146484375,244.08726501464844,0.4875729978084564,0.26096299290657043,15.43823528289795,0.06216700002551079,0.07012099772691727,1.2978709936141968,0.5968070030212402,4.530962944030762,77.17825317382812,11.342635154724121,0.9998319745063782,5.161345958709717,3.5143139362335205,0.07949800044298172,1939.13037109375,0.0452129989862442,7.000000096013537e-06,107.03558349609375
2023-06-19 00:00:00+00:00,26851.029296875,1737.659423828125,242.9033660888672,0.49339500069618225,0.263047993183136,16.073041915893555,0.06234100088477135,0.06996899843215942,1.3132450580596924,0.6140419840812683,4.522421836853027,77.42202758789062,11.454609870910645,1.0004669427871704,5.1191558837890625,3.5270180702209473,0.07996899634599686,1957.834716796875,0.045010000467300415,7.000000096013537e-06,106.7096939086914
2023-06-20 00:00:00+00:00,28327.48828125,1792.1199951171875,247.6744384765625,0.4928700029850006,0.27032899856567383,16.635231018066406,0.06304500252008438,0.07059100270271301,1.3283389806747437,0.6311659812927246,4.668923854827881,80.30889892578125,12.106450080871582,1.0007339715957642,5.263209819793701,3.5309739112854004,0.08286400139331818,2025.0107421875,0.04899799823760986,7.000000096013537e-06,109.89054870605469
2023-06-21 00:00:00+00:00,30027.296875,1891.0072021484375,249.28634643554688,0.500694990158081,0.28700000047683716,17.25704574584961,0.06570400297641754,0.07238399982452393,1.366381049156189,0.6696950197219849,4.829425811767578,85.14774322509766,12.917662620544434,0.999705970287323,5.563837051391602,3.5801498889923096,0.08679500222206116,2121.24072265625,0.050512999296188354,7.999999979801942e-06,136.005615234375
2023-06-22 00:00:00+00:00,29912.28125,1872.9429931640625,240.7924346923828,0.4949750006198883,0.2903130054473877,16.642620086669922,0.06564299762248993,0.0719359964132309,1.3921339511871338,0.6567909717559814,4.830627918243408,86.07022094726562,12.667882919311523,0.9993259906768799,5.5680670738220215,3.72843599319458,0.08669699728488922,2111.8193359375,0.05023999884724617,7.999999979801942e-06,133.963623046875
2023-06-23 00:00:00+00:00,30695.46875,1892.862060546875,244.56494140625,0.4965659976005554,0.29648199677467346,17.149534225463867,0.06817399710416794,0.07315199822187424,1.438765048980713,0.6750900149345398,5.100214958190918,91.20945739746094,13.281949996948242,1.0003199577331543,6.059010028839111,3.829669952392578,0.08946800231933594,2140.31005859375,0.052149999886751175,7.999999979801942e-06,181.7744598388672
2023-06-24 00:00:00+00:00,30548.6953125,1876.0596923828125,236.65965270996094,0.48731300234794617,0.290012001991272,16.652862548828125,0.06674200296401978,0.07224699854850769,1.5073590278625488,0.6552990078926086,5.007446765899658,89.74402618408203,13.024869918823242,1.0002729892730713,6.136025905609131,3.92966890335083,0.09052500128746033,2119.096923828125,0.051222000271081924,7.999999979801942e-06,213.7257537841797
2023-06-25 00:00:00+00:00,30480.26171875,1900.506103515625,238.8929901123047,0.4902769923210144,0.2923249900341034,16.97138023376465,0.0667639970779419,0.07320400327444077,1.5172499418258667,0.6675840020179749,5.194805145263672,88.2751693725586,13.442519187927246,0.9999729990959167,6.150530815124512,3.836729049682617,0.09164600074291229,2147.074951171875,0.05174100026488304,7.999999979801942e-06,195.39999389648438
2023-06-26 00:00:00+00:00,30271.130859375,1859.432861328125,236.13426208496094,0.47933200001716614,0.28035399317741394,16.27002716064453,0.06474900245666504,0.07377299666404724,1.5517549514770508,0.6454110145568848,5.026731014251709,87.27570343017578,13.152833938598633,0.9998859763145447,6.066921234130859,3.870944023132324,0.09212400019168854,2099.23193359375,0.04965699836611748,7.999999979801942e-06,223.4814453125
2023-06-27 00:00:00+00:00,30688.1640625,1889.703369140625,237.49267578125,0.4838399887084961,0.28652000427246094,16.61964988708496,0.06554500013589859,0.074413001537323,1.5419360399246216,0.6639419794082642,5.0958638191223145,87.99827575683594,13.205107688903809,0.9997450113296509,6.198840141296387,3.914767026901245,0.10213500261306763,2134.187255859375,0.05057799816131592,7.999999979801942e-06,230.1822509765625
2023-06-28 00:00:00+00:00,30086.24609375,1827.97119140625,230.65036010742188,0.46522200107574463,0.2671689987182617,15.98684310913086,0.06260199844837189,0.07374399900436401,1.4921259880065918,0.6144899725914001,4.883011817932129,83.06114959716797,12.355886459350586,0.9993460178375244,5.821579933166504,3.997960090637207,0.10041099786758423,2065.460205078125,0.04766999930143356,7.000000096013537e-06,225.38499450683594
2023-06-29 00:00:00+00:00,30445.3515625,1852.227294921875,233.23245239257812,0.4747219979763031,0.2755639851093292,17.970457077026367,0.06340699642896652,0.07444699853658676,1.4499050378799438,0.6239010095596313,4.986260890960693,84.77587127685547,12.677756309509277,0.9996179938316345,5.9014787673950195,4.100299835205078,0.10236400365829468,2090.223388671875,0.04830100014805794,7.000000096013537e-06,253.4472198486328
2023-06-30 00:00:00+00:00,30477.251953125,1933.18896484375,240.36978149414062,0.4740369915962219,0.2869560122489929,18.897321701049805,0.06647899746894836,0.07620500028133392,1.4768550395965576,0.661014974117279,5.171702861785889,108.16532897949219,13.013050079345703,1.0000250339508057,6.3084540367126465,3.9586610794067383,0.1106949970126152,2181.33984375,0.050606999546289444,7.999999979801942e-06,305.0069580078125
2023-07-01 00:00:00+00:00,30590.078125,1924.56591796875,247.75942993164062,0.47352200746536255,0.2923400104045868,18.683902740478516,0.06847800314426422,0.07721299678087234,1.5061370134353638,0.6766930222511292,5.349747180938721,107.22920227050781,12.994583129882812,0.9999690055847168,6.497599124908447,4.146113872528076,0.10741599649190903,2179.586669921875,0.05073000118136406,7.999999979801942e-06,290.7802734375
2023-07-02 00:00:00+00:00,30620.76953125,1937.4383544921875,246.25791931152344,0.4844929873943329,0.29205501079559326,19.453594207763672,0.06803800165653229,0.07598599791526794,1.3844480514526367,0.6815009713172913,5.501914978027344,113.21729278564453,13.119144439697266,0.9998900294303894,6.530424118041992,3.853684902191162,0.107294000685215,2190.45263671875,0.0500900000333786,7.999999979801942e-06,298.8141174316406
2023-07-03 00:00:00+00:00,31156.439453125,1955.38916015625,246.38221740722656,0.4895470142364502,0.29631099104881287,19.240537643432617,0.06835299730300903,0.07733999937772751,1.4681060314178467,0.7137029767036438,5.419309139251709,106.94577026367188,13.223526000976562,1.0000170469284058,6.620471954345703,3.840517997741699,0.10573499649763107,2213.38037109375,0.050207000225782394,7.999999979801942e-06,288.7218322753906
2023-07-04 00:00:00+00:00,30777.58203125,1936.633544921875,242.492919921875,0.48784199357032776,0.29261499643325806,19.14322853088379,0.06894099712371826,0.07706999778747559,1.4008280038833618,0.6960920095443726,5.347219944000244,104.71099090576172,13.042004585266113,0.9994379878044128,6.526224136352539,3.906651020050049,0.10343199968338013,2192.322509765625,0.04853999987244606,7.999999979801942e-06,272.4275817871094
2023-07-05 00:00:00+00:00,30514.166015625,1910.5880126953125,239.08108520507812,0.4782719910144806,0.2844710052013397,18.99286460876465,0.06703300029039383,0.07707200199365616,1.3937610387802124,0.6709920167922974,5.209113121032715,102.6939926147461,12.670045852661133,0.9998239874839783,6.30457878112793,3.870706081390381,0.1005999967455864,2160.919677734375,0.04725699871778488,7.000000096013537e-06,271.9447021484375
2023-07-06 00:00:00+00:00,29909.337890625,1848.636474609375,232.31942749023438,0.4637390077114105,0.27970001101493835,19.729385375976562,0.06502600014209747,0.07719500362873077,1.3769659996032715,0.6631410121917725,5.0260491371154785,95.66722869873047,12.410744667053223,0.998337984085083,6.091969966888428,3.6673998832702637,0.09600099921226501,2094.713134765625,0.04619299992918968,7.000000096013537e-06,277.2987365722656
2023-07-07 00:00:00+00:00,30342.265625,1870.6025390625,235.62115478515625,0.468764990568161,0.2845250070095062,21.484664916992188,0.06542500108480453,0.07879099994897842,1.3826700448989868,0.6765099763870239,5.114977836608887,98.24247741699219,12.739989280700684,0.9998509883880615,6.154138088226318,3.8638510704040527,0.09721700102090836,2119.848388671875,0.047157999128103256,7.000000096013537e-06,278.42181396484375
2023-07-08 00:00:00+00:00,30292.541015625,1865.53955078125,236.28738403320312,0.4706439971923828,0.29065099358558655,21.859268188476562,0.06576099991798401,0.08005200326442719,1.3681459426879883,0.6802880167961121,5.126468181610107,97.8747787475586,13.66015911102295,1.0000660419464111,6.193655967712402,3.886884927749634,0.09953299909830093,2105.384033203125,0.04713999852538109,7.999999979801942e-06,271.9184875488281
2023-07-09 00:00:00+00:00,30171.234375,1863.009765625,234.22836303710938,0.4685499966144562,0.2845909893512726,21.3490047454834,0.0654349997639656,0.07753399759531021,1.3658009767532349,0.6882249712944031,5.079419136047363,95.17955017089844,13.607531547546387,0.9994459748268127,6.148781776428223,3.9989020824432373,0.09901099652051926,2111.840087890625,0.04714599996805191,7.999999979801942e-06,265.5489807128906
2023-07-10 00:00:00+00:00,30414.470703125,1880.556396484375,245.874267578125,0.4776639938354492,0.2879909873008728,21.31377601623535,0.06524299830198288,0.07758700102567673,1.3481229543685913,0.7364869713783264,5.135242938995361,96.7313461303711,13.38939094543457,0.9997720122337341,6.168487071990967,4.034421920776367,0.09988799691200256,2130.4287109375,0.04749799892306328,7.999999979801942e-06,274.58551025390625
2023-07-11 00:00:00+00:00,30620.951171875,1878.3360595703125,248.538330078125,0.47571900486946106,0.29281800985336304,22.092933654785156,0.06528700143098831,0.07734899967908859,1.4155210256576538,0.7421219944953918,5.211542129516602,96.78643798828125,13.260403633117676,0.9997550249099731,6.204080104827881,4.076952934265137,0.09859900176525116,2126.328857421875,0.048291999846696854,7.999999979801942e-06,274.0305480957031
2023-07-12 00:00:00+00:00,30391.646484375,1872.11376953125,244.01988220214844,0.47110500931739807,0.2887580096721649,21.977602005004883,0.0650710016489029,0.07785099744796753,1.4252690076828003,0.7242109775543213,5.148021221160889,96.28018188476562,13.025257110595703,0.9995669722557068,6.2490739822387695,4.048852920532227,0.09626200050115585,2118.39208984375,0.04831499978899956,7.999999979801942e-06,282.50115966796875
2023-07-13 00:00:00+00:00,31476.048828125,2006.511474609375,256.48968505859375,0.8153650164604187,0.3576579988002777,26.02569580078125,0.0705069974064827,0.0816430002450943,1.4458459615707397,0.8496879935264587,5.545454978942871,101.92713928222656,14.092904090881348,1.000789999961853,7.092254161834717,4.120084762573242,0.15487900376319885,2264.147216796875,0.0523889996111393,7.999999979801942e-06,274.3050231933594
2023-07-14 00:00:00+00:00,30334.068359375,1939.3470458984375,248.19161987304688,0.7191569805145264,0.3288010060787201,26.7357177734375,0.06852900236845016,0.07987599819898605,1.4590929746627808,0.8095579743385315,5.452579021453857,95.15866088867188,14.644426345825195,1.0005110502243042,6.9449357986450195,4.020362854003906,0.13491299748420715,2190.2099609375,0.05113700032234192,7.999999979801942e-06,264.3955078125
2023-07-15 00:00:00+00:00,30295.806640625,1931.466552734375,251.09970092773438,0.7132790088653564,0.32636499404907227,27.391355514526367,0.07192700356245041,0.0808430016040802,1.5011789798736572,0.7994189858436584,5.431672096252441,94.7518081665039,14.834538459777832,0.9997180104255676,6.915660858154297,4.030578136444092,0.12787599861621857,2183.547607421875,0.05206599831581116,7.999999979801942e-06,253.33291625976562
2023-07-16 00:00:00+00:00,30249.1328125,1923.681884765625,242.65682983398438,0.7468600273132324,0.3148840069770813,27.384082794189453,0.06955400109291077,0.07981900125741959,1.4684319496154785,0.7675750255584717,5.306897163391113,92.90528106689453,14.28956413269043,0.9992210268974304,6.616024971008301,4.024407863616943,0.13167999684810638,2171.764404296875,0.050836000591516495,7.999999979801942e-06,249.92123413085938
2023-07-17 00:00:00+00:00,30145.888671875,1911.6461181640625,244.35299682617188,0.739205002784729,0.31248900294303894,26.872766494750977,0.06990499794483185,0.07995899766683578,1.3997210264205933,0.778918981552124,5.303729057312012,92.29344940185547,14.422088623046875,1.0000139474868774,7.191557884216309,3.985150098800659,0.12894999980926514,2162.576416015625,0.05197099968791008,7.999999979801942e-06,242.3697052001953
2023-07-18 00:00:00+00:00,29856.5625,1897.5992431640625,240.2649383544922,0.7795400023460388,0.3073990046977997,25.544504165649414,0.06858299672603607,0.0797789990901947,1.4231139421463013,0.7383620142936707,5.179271221160889,91.50321960449219,13.79177474975586,0.9999300241470337,6.923120021820068,4.004464149475098,0.1329369992017746,2145.11376953125,0.05274499952793121,7.999999979801942e-06,244.37628173828125
2023-07-19 00:00:00+00:00,29913.923828125,1889.0079345703125,241.1608123779297,0.8206940293312073,0.323513001203537,26.372352600097656,0.07015900313854218,0.08027300238609314,1.409561038017273,0.7449380159378052,5.197083950042725,92.16179656982422,14.006319046020508,0.9998319745063782,6.917884826660156,3.9917759895324707,0.1559849977493286,2142.70654296875,0.0561939999461174,7.999999979801942e-06,244.3693389892578
2023-07-20 00:00:00+00:00,29792.015625,1890.9691162109375,242.73313903808594,0.7940580248832703,0.31609299778938293,25.375167846679688,0.07051599770784378,0.08068399876356125,1.424631953239441,0.7676100134849548,5.349977970123291,92.3820571899414,13.856021881103516,0.999547004699707,8.342902183532715,4.013053894042969,0.16328799724578857,2139.1376953125,0.05704199895262718,7.999999979801942e-06,244.0637969970703
2023-07-21 00:00:00+00:00,29908.744140625,1892.080078125,243.7889862060547,0.7725020051002502,0.313291996717453,25.544267654418945,0.073294997215271,0.08056200295686722,1.463027000427246,0.7705579996109009,5.489810943603516,94.05186462402344,13.983912467956543,0.9999079704284668,8.142471313476562,4.12040376663208,0.15708500146865845,2145.544921875,0.05559999868273735,7.999999979801942e-06,246.22056579589844
2023-07-22 00:00:00+00:00,29771.802734375,1864.912353515625,241.03074645996094,0.73328697681427,0.3097720146179199,24.535053253173828,0.07043299823999405,0.08381599932909012,1.5239399671554565,0.7462090253829956,5.308442115783691,92.051513671875,13.504372596740723,0.9992420077323914,7.869027137756348,4.0314412117004395,0.1557839959859848,2113.28369140625,0.053598999977111816,7.999999979801942e-06,239.2456817626953
2023-07-23 00:00:00+00:00,30084.5390625,1889.191650390625,242.45596313476562,0.7386829853057861,0.31716299057006836,24.766815185546875,0.0718189999461174,0.08336299657821655,1.4933090209960938,0.7575439810752869,5.397666931152344,93.25886535644531,13.560688972473145,0.9997569918632507,7.895740032196045,4.002508163452148,0.1560799926519394,2138.393798828125,0.05344400182366371,7.999999979801942e-06,249.65774536132812
2023-07-24 00:00:00+00:00,29176.916015625,1850.0020751953125,238.9462127685547,0.7027649879455566,0.305308997631073,23.38149070739746,0.07426799833774567,0.08148200064897537,1.4330840110778809,0.7280769944190979,5.215538024902344,89.1534652709961,13.103471755981445,0.999563992023468,7.590983867645264,3.9741780757904053,0.14577700197696686,2089.68212890625,0.05196800082921982,7.999999979801942e-06,238.61561584472656
2023-07-25 00:00:00+00:00,29227.390625,1857.741943359375,237.80856323242188,0.7095999717712402,0.30401700735092163,23.279321670532227,0.0818450003862381,0.08188900351524353,1.4873679876327515,0.7084640264511108,5.176484107971191,89.53140258789062,13.345781326293945,0.9995459914207458,7.4025959968566895,3.9314279556274414,0.14517800509929657,2104.56884765625,0.05230100080370903,7.999999979801942e-06,237.52088928222656
2023-07-26 00:00:00+00:00,29354.97265625,1872.159912109375,238.9623565673828,0.7157989740371704,0.30664101243019104,25.177053451538086,0.07795800268650055,0.08234599977731705,1.4516750574111938,0.7223899960517883,5.237875938415527,90.62142181396484,13.264717102050781,0.9994879961013794,7.753373146057129,4.016808986663818,0.15582500398159027,2120.21630859375,0.052404001355171204,7.999999979801942e-06,241.8631134033203
2023-07-27 00:00:00+00:00,29210.689453125,1860.357177734375,240.49879455566406,0.7136459946632385,0.30752500891685486,25.099336624145508,0.07756199687719345,0.08255299925804138,1.4087029695510864,0.716543972492218,5.233479022979736,90.49376678466797,13.14130973815918,0.9996209740638733,7.988918781280518,3.999100923538208,0.15905700623989105,2108.865234375,0.051844000816345215,7.999999979801942e-06,244.65963745117188
2023-07-28 00:00:00+00:00,29319.24609375,1874.744873046875,241.97703552246094,0.7125679850578308,0.3102009892463684,24.84685707092285,0.07732100039720535,0.08521199971437454,1.4166330099105835,0.7101219892501831,5.216773986816406,91.53057098388672,13.238449096679688,0.9999449849128723,7.801767826080322,3.994359016418457,0.1599150002002716,2126.573974609375,0.052636999636888504,7.999999979801942e-06,241.77761840820312
2023-07-29 00:00:00+00:00,29356.91796875,1881.06884765625,242.5763702392578,0.7127389907836914,0.3127650022506714,25.168973922729492,0.08018799871206284,0.0832820013165474,1.4249769449234009,0.718904972076416,5.252099990844727,94.59809112548828,13.246442794799805,0.9996650218963623,7.852121829986572,3.9799089431762695,0.15858900547027588,2132.54248046875,0.05383399873971939,9.000000318337698e-06,242.0587921142578
2023-07-30 00:00:00+00:00,29275.30859375,1861.643798828125,242.52598571777344,0.7051360011100769,0.31563299894332886,24.261018753051758,0.07806099951267242,0.08002600073814392,1.5070799589157104,0.6975640058517456,5.186025142669678,94.09105682373047,13.128493309020996,0.9998829960823059,7.5561699867248535,3.9760220050811768,0.1566849946975708,2108.175537109375,0.052896998822689056,7.999999979801942e-06,252.8351287841797
2023-07-31 00:00:00+00:00,29230.111328125,1856.162353515625,241.1206512451172,0.6985210180282593,0.30748799443244934,23.720956802368164,0.07781799882650375,0.0779770016670227,1.5446929931640625,0.6879289746284485,5.108363151550293,92.24313354492188,12.825377464294434,0.9997209906578064,7.544678211212158,3.9519500732421875,0.1503639966249466,2105.14697265625,0.052285999059677124,7.999999979801942e-06,248.18545532226562
2023-08-01 00:00:00+00:00,29675.732421875,1871.7921142578125,247.50502014160156,0.7072110176086426,0.3099510073661804,23.99875259399414,0.07804200053215027,0.07859399914741516,1.528931975364685,0.7013109922409058,5.198036193847656,93.82040405273438,12.875663757324219,1.0008039474487305,7.628017902374268,3.966434955596924,0.1533450037240982,2118.10498046875,0.05181699991226196,7.999999979801942e-06,244.7663116455078
2023-08-02 00:00:00+00:00,29151.958984375,1839.0897216796875,240.49464416503906,0.6851950287818909,0.2993890047073364,23.145721435546875,0.07421299815177917,0.0764549970626831,1.4886640310287476,0.6809149980545044,5.0575408935546875,87.48905944824219,12.53736400604248,0.9996500015258789,7.349018096923828,3.965121030807495,0.14403000473976135,2081.2880859375,0.05260299891233444,7.999999979801942e-06,228.94781494140625
2023-08-03 00:00:00+00:00,29178.6796875,1835.136474609375,241.0615234375,0.6641349792480469,0.29257598519325256,22.636049270629883,0.07361499965190887,0.07709600031375885,1.4764519929885864,0.6680999994277954,4.9790191650390625,82.70779418945312,12.446003913879395,0.999426007270813,7.125888824462891,4.025310039520264,0.13916000723838806,2081.250732421875,0.05334800109267235,7.999999979801942e-06,225.4103240966797
2023-08-04 00:00:00+00:00,29074.091796875,1827.712890625,241.47601318359375,0.6355389952659607,0.2933880090713501,22.79361915588379,0.07341600209474564,0.0767040029168129,1.4502969980239868,0.6640239953994751,4.988202095031738,82.07891082763672,12.397878646850586,0.9995999932289124,7.132810115814209,4.0684309005737305,0.13644500076770782,2071.318603515625,0.05316700041294098,9.000000318337698e-06,227.18479919433594
2023-08-05 00:00:00+00:00,29042.126953125,1834.9879150390625,242.9593505859375,0.6284229755401611,0.293628990650177,22.632204055786133,0.0756860002875328,0.07738299667835236,1.4571609497070312,0.666487991809845,4.969211101531982,83.1055908203125,12.437810897827148,0.9996259808540344,7.220318794250488,4.004055976867676,0.13905000686645508,2084.869384765625,0.05253700166940689,9.999999747378752e-06,226.7115936279297
2023-08-06 00:00:00+00:00,29041.85546875,1827.4620361328125,242.79859924316406,0.6230869889259338,0.2920820116996765,23.18569564819336,0.07426600158214569,0.07684800028800964,1.3587340116500854,0.6666799783706665,4.998167037963867,82.4717025756836,12.572416305541992,0.9994440078735352,7.1017937660217285,3.994554042816162,0.13912999629974365,2078.33837890625,0.057381998747587204,9.000000318337698e-06,222.56349182128906
2023-08-07 00:00:00+00:00,29180.578125,1826.9388427734375,241.79750061035156,0.6219310164451599,0.2902959883213043,23.068756103515625,0.07342199981212616,0.0767429992556572,1.438668966293335,0.6651419997215271,4.960562229156494,82.34452056884766,12.4482421875,1.0001029968261719,7.296730041503906,3.9786250591278076,0.14297699928283691,2071.2724609375,0.05646900087594986,9.000000318337698e-06,237.73924255371094
2023-08-08 00:00:00+00:00,29765.4921875,1855.807373046875,245.14990234375,0.6424059867858887,0.2977449893951416,24.211763381958008,0.07498600333929062,0.07679200172424316,1.4071760177612305,0.6856099963188171,5.0605788230896,83.95689392089844,12.691263198852539,0.9997879862785339,7.450203895568848,4.019924163818359,0.14313499629497528,2103.71435546875,0.06182999908924103,9.999999747378752e-06,239.6984405517578
2023-08-09 00:00:00+00:00,29561.494140625,1854.297607421875,243.89364624023438,0.6433650255203247,0.3011400103569031,24.37852668762207,0.075314000248909,0.0767119973897934,1.3676300048828125,0.6900140047073364,5.054279804229736,84.0372085571289,12.621299743652344,1.0000959634780884,7.694713115692139,4.0077128410339355,0.14149600267410278,2105.66455078125,0.05978599935770035,9.999999747378752e-06,238.32643127441406
2023-08-10 00:00:00+00:00,29429.591796875,1850.75341796875,241.26246643066406,0.6329860091209412,0.2961300015449524,24.613052368164062,0.0758029967546463,0.0772550031542778,1.3816490173339844,0.6849750280380249,4.999231815338135,83.0334701538086,12.480973243713379,0.9999650120735168,7.608376979827881,3.951474905014038,0.13884299993515015,2101.9609375,0.05768999829888344,9.999999747378752e-06,231.9976043701172
2023-08-11 00:00:00+00:00,29397.71484375,1847.1243896484375,239.70689392089844,0.6316750049591064,0.2934499979019165,24.582860946655273,0.07566600292921066,0.07715599983930588,1.3824570178985596,0.6807039976119995,5.003921985626221,83.49586486816406,12.441793441772461,0.9997119903564453,7.484983921051025,3.954119920730591,0.13948999345302582,2097.6484375,0.05655999854207039,9.999999747378752e-06,228.98910522460938
2023-08-12 00:00:00+00:00,29415.96484375,1848.889892578125,240.27362060546875,0.6272050142288208,0.29183700680732727,24.90673065185547,0.07674200087785721,0.0774490013718605,1.4048739671707153,0.6817169785499573,5.0349860191345215,83.44852447509766,12.389760971069336,0.9998859763145447,7.439908027648926,3.9727420806884766,0.13785000145435333,2098.93798828125,0.05632299929857254,1.1000000085914508e-05,228.5760498046875
2023-08-13 00:00:00+00:00,29282.9140625,1839.2801513671875,240.03334045410156,0.6261019706726074,0.28953099250793457,24.24288558959961,0.07478299736976624,0.0771080031991005,1.41183602809906,0.6773269772529602,4.986302852630615,81.97803497314453,12.274397850036621,0.9995080232620239,7.369263172149658,3.991692066192627,0.1378989964723587,2088.25927734375,0.05694499984383583,9.999999747378752e-06,228.3480682373047
2023-08-14 00:00:00+00:00,29408.443359375,1844.185791015625,240.33924865722656,0.6342819929122925,0.29061099886894226,25.142822265625,0.0747309997677803,0.07743500173091888,1.4156780242919922,0.6793490052223206,4.988302230834961,82.0685806274414,12.353681564331055,1.000180959701538,7.414638042449951,3.985450029373169,0.1360740065574646,2092.737060546875,0.0655210018157959,9.999999747378752e-06,230.12991333007812
2023-08-15 00:00:00+00:00,29170.34765625,1826.9327392578125,236.67958068847656,0.6095989942550659,0.2818169891834259,23.89658546447754,0.07086300104856491,0.0762770026922226,1.4087090492248535,0.6386299729347229,4.812483787536621,79.27375030517578,11.806095123291016,0.99965500831604,7.039225101470947,3.943639039993286,0.13025900721549988,2073.46533203125,0.0674699991941452,9.999999747378752e-06,228.54771423339844
2023-08-16 00:00:00+00:00,28701.779296875,1805.6590576171875,231.86874389648438,0.5883280038833618,0.2745319902896881,22.811975479125977,0.0671830028295517,0.07460100203752518,1.336050033569336,0.6232420206069946,4.666007041931152,74.4788589477539,11.368606567382812,0.9995499849319458,6.753678798675537,3.9715049266815186,0.126583993434906,2054.314208984375,0.06271500140428543,9.000000318337698e-06,207.95086669921875
2023-08-17 00:00:00+00:00,26664.55078125,1684.9334716796875,218.5358428955078,0.5071420073509216,0.2559579908847809,21.70997428894043,0.061184998601675034,0.07274200022220612,1.2618600130081177,0.5740789771080017,4.437963962554932,65.08576202392578,10.590560913085938,0.9994029998779297,6.209252834320068,3.9322829246520996,0.11342199891805649,1908.6180419921875,0.057728998363018036,7.999999979801942e-06,184.4539794921875
2023-08-18 00:00:00+00:00,26049.556640625,1660.945068359375,216.112548828125,0.5060999989509583,0.2638919949531555,21.335493087768555,0.06323400139808655,0.0729990005493164,1.2587610483169556,0.5778149962425232,4.511816024780273,64.08291625976562,10.799485206604004,0.9996839761734009,6.170827865600586,3.9345550537109375,0.1167600005865097,1891.441162109375,0.059073999524116516,9.000000318337698e-06,187.28445434570312
2023-08-19 00:00:00+00:00,26096.205078125,1669.471923828125,216.99945068359375,0.5196290016174316,0.26837798953056335,21.879037857055664,0.0637580007314682,0.07407599687576294,1.3019930124282837,0.57676100730896,4.517584800720215,64.10386657714844,10.80682373046875,0.9998589754104614,6.172726154327393,3.8770499229431152,0.12363100051879883,1898.904541015625,0.06526000052690506,7.999999979801942e-06,186.96714782714844
2023-08-20 00:00:00+00:00,26189.583984375,1684.85205078125,216.63580322265625,0.5395470261573792,0.27070900797843933,21.77327537536621,0.06383000314235687,0.07590200006961823,1.2722710371017456,0.580223023891449,4.519974231719971,65.25251007080078,10.873089790344238,0.9997940063476562,6.216061115264893,3.876863956451416,0.12983499467372894,1914.399169921875,0.061448000371456146,7.999999979801942e-06,188.9172821044922
2023-08-21 00:00:00+00:00,26124.140625,1667.26904296875,210.63894653320312,0.524537980556488,0.2631790041923523,21.20825958251953,0.06252899765968323,0.07512299716472626,1.123764991760254,0.5579749941825867,4.433642864227295,66.95868682861328,10.361355781555176,0.9992989897727966,6.179046154022217,3.802345037460327,0.12480200082063675,1896.887451171875,0.06125999987125397,7.999999979801942e-06,186.077392578125
2023-08-22 00:00:00+00:00,26031.65625,1633.892578125,210.8343505859375,0.5209299921989441,0.2583659887313843,20.546541213989258,0.06259900331497192,0.07543099671602249,1.287284016609192,0.5483030080795288,4.420719146728516,64.7702865600586,10.130790710449219,0.9999579787254333,6.108273029327393,3.81394100189209,0.12073499709367752,1858.7525634765625,0.05890300124883652,7.999999979801942e-06,184.73858642578125
2023-08-23 00:00:00+00:00,26431.640625,1679.2744140625,216.3992919921875,0.5299019813537598,0.2679649889469147,21.703624725341797,0.06377799808979034,0.07759799808263779,1.2087310552597046,0.556896984577179,4.488097190856934,65.61077880859375,10.336661338806152,1.000033974647522,6.345688819885254,3.880064010620117,0.1273760050535202,1906.9005126953125,0.06179400160908699,7.999999979801942e-06,193.66152954101562
2023-08-24 00:00:00+00:00,26162.373046875,1659.944580078125,218.64639282226562,0.5184130072593689,0.26588401198387146,21.033031463623047,0.0630360022187233,0.0765409991145134,1.203678011894226,0.5471140146255493,4.421586990356445,64.8792724609375,10.113130569458008,1.0002189874649048,6.077850818634033,3.8271219730377197,0.12376599758863449,1884.8865966796875,0.059230998158454895,7.999999979801942e-06,194.4614715576172
2023-08-25 00:00:00+00:00,26047.66796875,1652.93505859375,218.3310546875,0.5262460112571716,0.2610799968242645,20.392719268798828,0.06308399885892868,0.07720199972391129,1.3146330118179321,0.5461940169334412,4.486454010009766,65.1119155883789,10.053031921386719,0.9999880194664001,6.007421016693115,3.8363609313964844,0.12385900318622589,1879.3441162109375,0.05886000022292137,7.999999979801942e-06,192.05203247070312
2023-08-26 00:00:00+00:00,26008.462890625,1646.3067626953125,216.36424255371094,0.5234699845314026,0.26095300912857056,20.280424118041992,0.06286799907684326,0.07743199914693832,1.2744139432907104,0.5481119751930237,4.504439830780029,65.0107192993164,10.09171199798584,0.9996600151062012,6.002890110015869,3.8311779499053955,0.1211479976773262,1870.4600830078125,0.05793699994683266,7.999999979801942e-06,190.15110778808594
2023-08-27 00:00:00+00:00,26089.693359375,1657.5130615234375,218.35800170898438,0.5238440036773682,0.26344600319862366,20.78683853149414,0.06317099928855896,0.07751499861478806,1.3340569734573364,0.5559629797935486,4.4923930168151855,65.36711120605469,10.19877815246582,0.9999489784240723,6.023508071899414,3.827299118041992,0.12089899927377701,1883.89599609375,0.05820399895310402,7.999999979801942e-06,198.01083374023438
2023-08-28 00:00:00+00:00,26106.150390625,1652.4573974609375,218.71856689453125,0.523248016834259,0.2674340009689331,20.557100296020508,0.06343799829483032,0.07638300210237503,1.2263180017471313,0.5620250105857849,4.606011867523193,65.5425033569336,10.367795944213867,1.0000040531158447,5.978857040405273,3.7983269691467285,0.11986800283193588,1881.2659912109375,0.05611699819564819,7.999999979801942e-06,190.41270446777344
2023-08-29 00:00:00+00:00,27727.392578125,1729.7257080078125,226.86288452148438,0.5400649905204773,0.27244898676872253,21.780763626098633,0.06639000028371811,0.077333003282547,1.2153940200805664,0.5933740139007568,4.672861099243164,68.89247131347656,10.81059741973877,1.0000920295715332,6.192354202270508,3.927903890609741,0.1243090033531189,1965.225341796875,0.05632299929857254,7.999999979801942e-06,224.17674255371094
2023-08-30 00:00:00+00:00,27297.265625,1705.1121826171875,223.7994384765625,0.528194010257721,0.2656539976596832,20.834903717041016,0.06583800166845322,0.07562699913978577,1.3983319997787476,0.575082004070282,4.536325931549072,67.65953063964844,10.411699295043945,1.0000419616699219,5.937586784362793,3.8914520740509033,0.12041600048542023,1935.9490966796875,0.05368499830365181,7.999999979801942e-06,215.93649291992188
2023-08-31 00:00:00+00:00,25931.47265625,1645.63916015625,216.59779357910156,0.510798990726471,0.2553730010986328,19.735092163085938,0.06378500163555145,0.07671400159597397,1.2285150289535522,0.5494040250778198,4.2694501876831055,63.951377868652344,9.987269401550293,0.9997180104255676,5.875496864318848,3.877656936645508,0.11498499661684036,1870.3048095703125,0.05241899937391281,7.999999979801942e-06,207.48777770996094
2023-09-01 00:00:00+00:00,25800.724609375,1628.4912109375,213.63055419921875,0.498075008392334,0.25518500804901123,19.327844619750977,0.06384900212287903,0.07609300315380096,1.2140820026397705,0.5405499935150146,4.215832233428955,63.00745391845703,9.92474365234375,1.0000250339508057,5.933749198913574,3.8756320476531982,0.11403799802064896,1851.9720458984375,0.049959998577833176,7.999999979801942e-06,199.63319396972656
2023-09-02 00:00:00+00:00,25868.798828125,1637.025390625,214.44854736328125,0.4990909993648529,0.2562299966812134,19.493743896484375,0.0634939968585968,0.07703199982643127,1.1304960250854492,0.5408200025558472,4.261870861053467,64.56063079833984,9.91187858581543,1.0002360343933105,5.966878890991211,3.865341901779175,0.11350499838590622,1861.731201171875,0.04971100017428398,7.999999979801942e-06,195.1054229736328
2023-09-03 00:00:00+00:00,25969.56640625,1636.11767578125,214.3999481201172,0.5050489902496338,0.2557930052280426,19.578746795654297,0.06317300349473953,0.07704100012779236,1.2324550151824951,0.5421730279922485,4.261632919311523,63.93811798095703,9.884934425354004,1.0000449419021606,6.025086879730225,3.681122064590454,0.11906199902296066,1861.100341796875,0.048638999462127686,7.999999979801942e-06,196.30442810058594
2023-09-04 00:00:00+00:00,25812.416015625,1629.6552734375,215.197509765625,0.5083749890327454,0.25614601373672485,19.499408721923828,0.06318499892950058,0.07743000239133835,1.1233550310134888,0.5536659955978394,4.253158092498779,63.70868682861328,9.801345825195312,1.0000159740447998,6.0111541748046875,3.681473970413208,0.12437400221824646,1853.0518798828125,0.04839299991726875,7.000000096013537e-06,193.5686492919922
2023-09-05 00:00:00+00:00,25779.982421875,1633.62939453125,214.47813415527344,0.5054110288619995,0.25761398673057556,20.272384643554688,0.06399200111627579,0.0774179995059967,1.196416974067688,0.5582370162010193,4.25672721862793,63.123634338378906,9.91453742980957,1.0000070333480835,6.135129928588867,3.689523935317993,0.12241599708795547,1858.27587890625,0.04940199851989746,7.999999979801942e-06,192.0220489501953
2023-09-06 00:00:00+00:00,25753.236328125,1632.2523193359375,215.13465881347656,0.5032430291175842,0.25766700506210327,19.62002944946289,0.06361299753189087,0.07885999977588654,1.2165919542312622,0.5586599707603455,4.2693891525268555,62.84352493286133,9.938821792602539,0.9999510049819946,6.293778896331787,3.757572889328003,0.12393300235271454,1857.9541015625,0.04924299940466881,7.999999979801942e-06,193.0559844970703
2023-09-07 00:00:00+00:00,26240.1953125,1647.5982666015625,216.88717651367188,0.5048570036888123,0.2577199935913086,19.890499114990234,0.0635790005326271,0.0790409967303276,1.2190239429473877,0.5549799799919128,4.286739826202393,63.62236785888672,10.070907592773438,0.999970018863678,6.384524822235107,3.7592151165008545,0.12548500299453735,1874.545654296875,0.049908000975847244,7.999999979801942e-06,193.3433074951172
2023-09-08 00:00:00+00:00,25905.654296875,1636.1378173828125,214.56202697753906,0.5048499703407288,0.2543700039386749,19.599044799804688,0.0636489987373352,0.07912500202655792,1.1998649835586548,0.5434659719467163,4.249898910522461,62.57698059082031,9.921845436096191,1.0001300573349,6.27710485458374,3.8183629512786865,0.12687699496746063,1864.281982421875,0.04988500103354454,7.999999979801942e-06,193.10623168945312
2023-09-09 00:00:00+00:00,25895.677734375,1635.162353515625,214.2229461669922,0.5038549900054932,0.25349199771881104,19.44607162475586,0.06340499967336655,0.07914900034666061,1.2403980493545532,0.5402200222015381,4.239696025848389,63.08150863647461,9.84569263458252,1.0001089572906494,6.16731595993042,3.8205549716949463,0.13164299726486206,1860.4267578125,0.049063000828027725,7.999999979801942e-06,193.10830688476562
2023-09-10 00:00:00+00:00,25832.2265625,1616.828857421875,212.31802368164062,0.49781399965286255,0.2490520030260086,18.248830795288086,0.061326999217271805,0.07832799851894379,1.1908570528030396,0.5234670042991638,4.151950836181641,61.12152862548828,9.474143028259277,0.999360978603363,6.017714023590088,3.8426249027252197,0.13372300565242767,1845.379150390625,0.047860998660326004,7.000000096013537e-06,190.58035278320312
2023-09-11 00:00:00+00:00,25162.654296875,1551.6376953125,206.03421020507812,0.474373996257782,0.24187299609184265,17.739166259765625,0.06046200171113014,0.07750499993562698,1.1371300220489502,0.5034430027008057,3.9871199131011963,58.837158203125,9.230627059936523,1.0002059936523438,5.823768138885498,3.659740924835205,0.12840600311756134,1767.132568359375,0.0464010015130043,7.000000096013537e-06,183.90966796875
2023-09-12 00:00:00+00:00,25833.34375,1592.429443359375,210.99436950683594,0.4807380139827728,0.24586999416351318,17.929826736450195,0.06095099821686745,0.08078400045633316,1.1506060361862183,0.5067049860954285,3.9869279861450195,60.01279067993164,9.216546058654785,0.9996399879455566,5.9593892097473145,3.663022041320801,0.12134800106287003,1814.3621826171875,0.04704200103878975,7.000000096013537e-06,198.82443237304688
2023-09-13 00:00:00+00:00,26228.32421875,1607.988525390625,212.64259338378906,0.48377498984336853,0.24888400733470917,18.402999877929688,0.06128000095486641,0.08118300139904022,1.2179700136184692,0.5139170289039612,4.002867221832275,62.00352096557617,9.299893379211426,1.0001709461212158,6.021813869476318,3.666533946990967,0.12080699950456619,1829.978271484375,0.04967699944972992,7.000000096013537e-06,199.8748779296875
2023-09-14 00:00:00+00:00,26539.673828125,1626.974365234375,212.2828369140625,0.48945701122283936,0.2511810064315796,18.838306427001953,0.06207200139760971,0.08369400352239609,1.2657029628753662,0.5221379995346069,4.058725833892822,62.808536529541016,9.395648002624512,0.9996790289878845,6.153502941131592,3.658953905105591,0.12020599842071533,1854.2930908203125,0.05157700181007385,7.000000096013537e-06,207.90626525878906
2023-09-15 00:00:00+00:00,26608.693359375,1641.640380859375,214.17552185058594,0.5008749961853027,0.2506429851055145,19.16884422302246,0.06255300343036652,0.08404099941253662,1.264794945716858,0.5299040079116821,4.141959190368652,65.99552917480469,9.429611206054688,1.0000519752502441,6.36220121383667,3.6706490516662598,0.12034899741411209,1874.4254150390625,0.05196300148963928,7.000000096013537e-06,217.23646545410156
2023-09-16 00:00:00+00:00,26568.28125,1635.2216796875,214.96054077148438,0.49987998604774475,0.250436007976532,19.140369415283203,0.06214800104498863,0.08351899683475494,1.2863099575042725,0.5287209749221802,4.185608863830566,65.33952331542969,9.388934135437012,1.0000560283660889,6.283411979675293,3.650067090988159,0.11935999989509583,1863.0716552734375,0.051683999598026276,7.000000096013537e-06,215.16744995117188
2023-09-17 00:00:00+00:00,26534.1875,1622.896728515625,216.4657745361328,0.4930410087108612,0.24731600284576416,18.831628799438477,0.06151700019836426,0.08337999880313873,1.2439860105514526,0.5174720287322998,4.0745978355407715,63.57822799682617,9.106959342956543,1.0004719495773315,6.143582820892334,3.646754026412964,0.11617700010538101,1850.5247802734375,0.04962100088596344,7.000000096013537e-06,209.76336669921875
2023-09-18 00:00:00+00:00,26754.28125,1637.3470458984375,216.00392150878906,0.5032029747962952,0.25174298882484436,19.657245635986328,0.06201599910855293,0.08404500037431717,1.247238039970398,0.5264970064163208,4.108242988586426,65.89459991455078,9.113308906555176,0.9998490214347839,6.5657548904418945,3.657896041870117,0.11805299669504166,1866.6124267578125,0.050126999616622925,7.000000096013537e-06,217.423828125
2023-09-19 00:00:00+00:00,27211.1171875,1643.544677734375,217.21095275878906,0.5141509771347046,0.25525999069213867,20.03618812561035,0.06270900368690491,0.08458799868822098,1.2711620330810547,0.544655978679657,4.1562418937683105,67.33423614501953,9.218695640563965,1.0000519752502441,6.863012790679932,3.7496678829193115,0.118477001786232,1874.6939697265625,0.0509909987449646,7.000000096013537e-06,219.08657836914062
2023-09-20 00:00:00+00:00,27132.0078125,1622.890625,214.3633270263672,0.5213549733161926,0.2516300082206726,20.3049373626709,0.06262999773025513,0.0845090001821518,1.3095999956130981,0.541487991809845,4.1399030685424805,64.56434631347656,9.047985076904297,0.9996820092201233,6.910942077636719,3.8366739749908447,0.11697199940681458,1851.7889404296875,0.05055699869990349,7.000000096013537e-06,215.49688720703125
2023-09-21 00:00:00+00:00,26567.6328125,1584.3070068359375,210.7939453125,0.5071790218353271,0.24545499682426453,19.47907066345215,0.06134599819779396,0.0830719992518425,1.2723939418792725,0.5201519727706909,4.013978958129883,64.69098663330078,8.826976776123047,0.9993759989738464,6.682000160217285,3.866636037826538,0.1138480007648468,1804.671630859375,0.05042500048875809,7.000000096013537e-06,208.66839599609375
2023-09-22 00:00:00+00:00,26579.568359375,1593.268310546875,211.15086364746094,0.5125100016593933,0.2449219971895218,19.43814468383789,0.06153099983930588,0.08337300270795822,1.3044250011444092,0.520995020866394,4.019402027130127,64.33540344238281,8.86332893371582,0.9998829960823059,6.939219951629639,3.8751978874206543,0.11445900052785873,1818.2220458984375,0.05047199875116348,7.000000096013537e-06,207.82501220703125
2023-09-23 00:00:00+00:00,26579.390625,1593.8577880859375,210.56060791015625,0.5080339908599854,0.2461329996585846,19.47390365600586,0.061507001519203186,0.08363500237464905,1.6921559572219849,0.5207509994506836,4.0325398445129395,65.08039093017578,8.90028190612793,1.000180959701538,7.1928229331970215,3.868612051010132,0.11421199887990952,1817.2781982421875,0.0519150011241436,7.999999979801942e-06,208.16177368164062
2023-09-24 00:00:00+00:00,26256.826171875,1580.8533935546875,208.28289794921875,0.5023880004882812,0.243026003241539,19.374290466308594,0.060743000358343124,0.08361200243234634,1.1638339757919312,0.5135890245437622,3.9901950359344482,63.58713912963867,8.787721633911133,0.9999129772186279,6.989484786987305,3.6994760036468506,0.11226200312376022,1802.4736328125,0.049862999469041824,7.000000096013537e-06,204.7707061767578
2023-09-25 00:00:00+00:00,26298.48046875,1588.3228759765625,210.0738067626953,0.5054609775543213,0.24588100612163544,19.40414047241211,0.06095900014042854,0.08460800349712372,1.1321970224380493,0.5193650126457214,4.064115047454834,64.33724212646484,8.943991661071777,1.000038981437683,7.484897136688232,3.7856290340423584,0.11299599707126617,1811.42529296875,0.05052600055932999,7.000000096013537e-06,210.32069396972656
2023-09-26 00:00:00+00:00,26217.25,1593.417236328125,212.37844848632812,0.5017079710960388,0.2453950047492981,19.023286819458008,0.06059899926185608,0.084647998213768,1.2313319444656372,0.5100600123405457,4.014101028442383,63.75851058959961,9.043546676635742,1.000141978263855,7.363938808441162,3.641554117202759,0.111845001578331,1815.684814453125,0.04941299930214882,7.000000096013537e-06,214.23219299316406
2023-09-27 00:00:00+00:00,26352.716796875,1597.4912109375,211.98541259765625,0.4995970129966736,0.24479100108146667,19.130022048950195,0.060504000633955,0.08541499823331833,1.240563988685608,0.5034360289573669,3.990726947784424,63.486812591552734,8.922224044799805,0.9999549984931946,7.642251014709473,3.6532320976257324,0.11248400062322617,1822.9259033203125,0.0494530014693737,7.000000096013537e-06,228.83692932128906
2023-09-28 00:00:00+00:00,27021.546875,1652.8826904296875,215.07598876953125,0.5095250010490417,0.24911999702453613,19.957616806030273,0.06148400157690048,0.08672399818897247,1.3064769506454468,0.5195900201797485,4.074660778045654,65.23880767822266,9.262673377990723,1.0002880096435547,7.822662830352783,3.635585069656372,0.11419100314378738,1882.37060546875,0.049880001693964005,7.000000096013537e-06,239.1876983642578
2023-09-29 00:00:00+00:00,26911.720703125,1667.94384765625,215.2794189453125,0.5217189788818359,0.24953599274158478,20.300655364990234,0.062178000807762146,0.08913999795913696,1.2926429510116577,0.5257589817047119,4.077261924743652,65.63209533691406,9.175294876098633,1.0003069639205933,7.954563140869141,3.649646043777466,0.11283999681472778,1903.761474609375,0.04951599985361099,7.000000096013537e-06,235.29722595214844
2023-09-30 00:00:00+00:00,26967.916015625,1671.161865234375,214.82130432128906,0.515404999256134,0.2540470063686371,21.3951473236084,0.06214100122451782,0.08868400007486343,1.2503080368041992,0.5332810282707214,4.105618000030518,66.06964874267578,9.243800163269043,0.9996740221977234,8.180992126464844,3.65474009513855,0.11233100295066833,1905.637939453125,0.049747999757528305,7.000000096013537e-06,234.35104370117188
2023-10-01 00:00:00+00:00,27983.75,1733.8104248046875,218.04713439941406,0.5242040157318115,0.2658950090408325,23.83648681640625,0.06319300085306168,0.09011799842119217,1.1365289688110352,0.5685319900512695,4.261009216308594,68.23331451416016,9.739897727966309,1.0001790523529053,8.047098159790039,3.6550679206848145,0.11438799649477005,1977.4764404296875,0.05078100040555,7.999999979801942e-06,242.1915283203125
2023-10-02 00:00:00+00:00,27530.78515625,1663.6275634765625,214.7579345703125,0.51283198595047,0.2595129907131195,23.371700286865234,0.062059998512268066,0.08756600320339203,1.1617649793624878,0.5475130081176758,4.123762130737305,66.01112365722656,9.327079772949219,0.9997010231018066,7.471463203430176,3.6749579906463623,0.11172500252723694,1899.8233642578125,0.049922000616788864,7.000000096013537e-06,246.634033203125
2023-10-03 00:00:00+00:00,27429.978515625,1656.6856689453125,213.43594360351562,0.5383870005607605,0.261027991771698,23.55269432067871,0.061386000365018845,0.09085799753665924,1.6125210523605347,0.5663080215454102,4.074246883392334,65.49351501464844,9.403885841369629,0.9995080232620239,7.419229030609131,3.725728988647461,0.11443299800157547,1889.6807861328125,0.04936600103974342,7.000000096013537e-06,230.07504272460938
2023-10-04 00:00:00+00:00,27799.39453125,1647.838134765625,213.4130859375,0.5329310297966003,0.25931501388549805,23.144786834716797,0.06148799881339073,0.08899900317192078,1.4683129787445068,0.5633689761161804,4.047316074371338,64.45206451416016,10.09360408782959,1.0002000331878662,7.679328918457031,3.764496088027954,0.11255499720573425,1880.42529296875,0.048861000686883926,7.000000096013537e-06,233.37852478027344
2023-10-05 00:00:00+00:00,27415.912109375,1611.4764404296875,210.67967224121094,0.5233659744262695,0.2601490020751953,22.694141387939453,0.06092299893498421,0.08827599883079529,1.4826710224151611,0.5460180044174194,4.022737979888916,64.8587646484375,10.132204055786133,0.9993270039558411,7.474690914154053,3.766407012939453,0.11072500050067902,1841.2994384765625,0.048106998205184937,7.000000096013537e-06,231.29092407226562
2023-10-06 00:00:00+00:00,27946.59765625,1645.83154296875,213.55552673339844,0.5261930227279663,0.2648720145225525,23.424453735351562,0.06142599880695343,0.0872659981250763,1.5820300579071045,0.5641890168190002,4.07214879989624,65.53318786621094,10.65694808959961,0.9998940229415894,7.652021884918213,3.8481268882751465,0.11178400367498398,1876.0860595703125,0.04843999817967415,7.000000096013537e-06,230.99559020996094
2023-10-07 00:00:00+00:00,27968.83984375,1634.51123046875,212.36447143554688,0.5219060182571411,0.2587350010871887,23.287302017211914,0.061455000191926956,0.08812899887561798,1.3245739936828613,0.5638049840927124,4.0564470291137695,65.48564147949219,10.363143920898438,0.9997889995574951,7.532812118530273,3.8344500064849854,0.11116699874401093,1865.16552734375,0.048225998878479004,7.000000096013537e-06,230.31724548339844
2023-10-08 00:00:00+00:00,27935.08984375,1633.548583984375,211.51998901367188,0.5179610252380371,0.25662899017333984,23.24642562866211,0.06100799888372421,0.08802399784326553,1.3502609729766846,0.5611850023269653,4.014286041259766,65.36454772949219,10.096406936645508,0.9999759793281555,7.69350004196167,3.725182056427002,0.11075499653816223,1864.1971435546875,0.04805900156497955,7.000000096013537e-06,228.08560180664062
2023-10-09 00:00:00+00:00,27583.677734375,1579.806640625,205.75096130371094,0.5032269954681396,0.25164198875427246,22.118396759033203,0.058779001235961914,0.08619900047779083,1.1548060178756714,0.529774010181427,3.8772189617156982,63.11105728149414,9.538162231445312,0.9997079968452454,7.283275127410889,3.6762468814849854,0.1060200035572052,1803.4652099609375,0.04648900032043457,7.000000096013537e-06,218.43971252441406
2023-10-10 00:00:00+00:00,27391.01953125,1567.7130126953125,208.57687377929688,0.497435986995697,0.24914099276065826,22.10511589050293,0.05902500078082085,0.08627499639987946,1.301237940788269,0.5175589919090271,3.812432050704956,63.621070861816406,9.53337574005127,0.9997159838676453,7.266600131988525,3.7041099071502686,0.10432200133800507,1789.8245849609375,0.04694199934601784,7.000000096013537e-06,212.49974060058594
2023-10-11 00:00:00+00:00,26873.3203125,1566.2547607421875,206.53341674804688,0.48883798718452454,0.24800099432468414,22.00741958618164,0.058469999581575394,0.08602599799633026,1.436985969543457,0.5141540169715881,3.738058090209961,61.499820709228516,9.304060935974121,0.9997239708900452,7.393107891082764,3.697314977645874,0.10329300165176392,1782.9345703125,0.04662099853157997,7.000000096013537e-06,214.02792358398438
2023-10-12 00:00:00+00:00,26756.798828125,1539.6124267578125,205.2294158935547,0.48304998874664307,0.2459219992160797,21.300268173217773,0.05789700150489807,0.08486700057983398,1.3112200498580933,0.5076640248298645,3.6735970973968506,61.12781524658203,9.117600440979004,0.9999979734420776,7.201082229614258,3.7042291164398193,0.1024319976568222,1757.071044921875,0.04562399908900261,7.000000096013537e-06,213.98365783691406
2023-10-13 00:00:00+00:00,26862.375,1552.0894775390625,206.03611755371094,0.48569899797439575,0.24614599347114563,21.834917068481445,0.05839800089597702,0.08548100292682648,1.414397954940796,0.5149070024490356,3.721198081970215,61.574058532714844,9.156827926635742,1.0,7.259515762329102,3.7263050079345703,0.10292500257492065,1771.1971435546875,0.04667000100016594,7.000000096013537e-06,217.254150390625
2023-10-14 00:00:00+00:00,26861.70703125,1555.2568359375,206.60189819335938,0.4867750108242035,0.2470110058784485,22.01171875,0.05985900014638901,0.08505900204181671,1.4969110488891602,0.5175639986991882,3.7362759113311768,61.665157318115234,9.150793075561523,1.0000829696655273,7.322572231292725,3.747044086456299,0.10430099815130234,1776.971435546875,0.04682299867272377,7.000000096013537e-06,214.63487243652344
2023-10-15 00:00:00+00:00,27159.65234375,1558.06982421875,209.7425079345703,0.4878459870815277,0.24735599756240845,21.922027587890625,0.05934999883174896,0.0866829976439476,1.520346999168396,0.5154209733009338,3.7549779415130615,61.65643310546875,9.17321491241455,1.000012993812561,7.422249794006348,3.807008981704712,0.10629399865865707,1780.7276611328125,0.04678799957036972,7.000000096013537e-06,215.15821838378906
2023-10-16 00:00:00+00:00,28519.466796875,1600.5343017578125,214.82395935058594,0.49797698855400085,0.25156301259994507,23.98295783996582,0.060113999992609024,0.08891399949789047,1.0450509786605835,0.5341209769248962,3.7862110137939453,63.337162017822266,9.422463417053223,1.0002989768981934,7.539670944213867,3.684108018875122,0.10766100138425827,1827.9625244140625,0.04751500114798546,7.000000096013537e-06,231.42636108398438
2023-10-17 00:00:00+00:00,28415.748046875,1565.4395751953125,211.6432342529297,0.49169400334358215,0.24711500108242035,23.959318161010742,0.059119999408721924,0.08856400102376938,1.3299119472503662,0.5194709897041321,3.6750569343566895,62.16300964355469,9.112850189208984,1.0000139474868774,7.332848072052002,3.69576096534729,0.10310699790716171,1788.8900146484375,0.04669199883937836,7.000000096013537e-06,226.79425048828125
2023-10-18 00:00:00+00:00,28328.341796875,1563.7498779296875,210.50103759765625,0.4883190095424652,0.2434529960155487,23.432138442993164,0.05867300182580948,0.08921299874782562,1.3037879467010498,0.5113149881362915,3.6565489768981934,60.276973724365234,8.915651321411133,0.9999560117721558,7.3619208335876465,3.7485129833221436,0.10327599942684174,1783.6646728515625,0.04745600000023842,7.000000096013537e-06,227.14825439453125
2023-10-19 00:00:00+00:00,28719.806640625,1567.45703125,211.1441650390625,0.52012699842453,0.24692299962043762,24.93791961669922,0.058883000165224075,0.08996900171041489,1.2634999752044678,0.5176290273666382,3.6488780975341797,61.786651611328125,9.065718650817871,1.0000510215759277,7.3109822273254395,3.939697027206421,0.10735899955034256,1789.8016357421875,0.045816000550985336,7.000000096013537e-06,227.4677276611328
2023-10-20 00:00:00+00:00,29682.94921875,1604.6668701171875,212.30084228515625,0.5160040259361267,0.25113800168037415,27.033674240112305,0.05996499955654144,0.09076099842786789,1.3316489458084106,0.5360550284385681,3.7212750911712646,63.41781997680664,9.221672058105469,0.9999819993972778,7.581277847290039,3.8585150241851807,0.10759399831295013,1834.5401611328125,0.04743000119924545,7.000000096013537e-06,240.6028289794922
2023-10-21 00:00:00+00:00,29918.412109375,1629.304443359375,214.3056640625,0.5212429761886597,0.25858500599861145,29.386228561401367,0.061188001185655594,0.0915990024805069,1.3639600276947021,0.5727159976959229,3.904405117034912,64.73554229736328,9.639253616333008,1.000054955482483,8.90384578704834,3.875761032104492,0.11070699989795685,1864.6312255859375,0.049031998962163925,7.000000096013537e-06,243.60321044921875
2023-10-22 00:00:00+00:00,29993.896484375,1663.429931640625,217.74737548828125,0.5224869847297668,0.2635729908943176,29.03668212890625,0.06159599870443344,0.09038099646568298,1.4314969778060913,0.609129011631012,3.9647159576416016,65.19058227539062,10.063459396362305,1.0004630088806152,10.132683753967285,3.896562099456787,0.11068899929523468,1900.0294189453125,0.04992600157856941,7.000000096013537e-06,243.489501953125
2023-10-23 00:00:00+00:00,33086.234375,1765.3826904296875,228.35276794433594,0.5468699932098389,0.2799539864063263,31.850984573364258,0.06708499789237976,0.09223800152540207,1.371561050415039,0.6356239914894104,4.348272800445557,68.99109649658203,10.565308570861816,1.0006389617919922,10.546121597290039,3.8606419563293457,0.11586599797010422,2017.1710205078125,0.05180000141263008,7.000000096013537e-06,260.6100769042969
2023-10-24 00:00:00+00:00,33901.52734375,1784.4375,225.14295959472656,0.5585319995880127,0.27899301052093506,30.15153694152832,0.06655599921941757,0.09235300123691559,1.440871000289917,0.6245350241661072,4.186614036560059,69.0318603515625,10.314806938171387,0.999638020992279,10.394031524658203,3.877976894378662,0.11432100087404251,2039.019287109375,0.05136600136756897,7.000000096013537e-06,251.6548309326172
2023-10-25 00:00:00+00:00,34502.8203125,1787.3975830078125,222.179931640625,0.5553060173988342,0.28055599331855774,32.46306610107422,0.06836099922657013,0.09348999708890915,1.4707930088043213,0.6303070187568665,4.2850542068481445,68.6949234008789,10.510028839111328,0.999970018863678,11.026677131652832,4.0687408447265625,0.11430700123310089,2047.408447265625,0.052083998918533325,7.999999979801942e-06,254.08761596679688
2023-10-26 00:00:00+00:00,34156.6484375,1804.039306640625,223.2360382080078,0.5536829829216003,0.2872920036315918,32.77549362182617,0.07186699658632278,0.0928419977426529,1.4306919574737549,0.6322050094604492,4.236405849456787,68.85438537597656,11.052852630615234,0.9999809861183167,10.929611206054688,3.9508230686187744,0.1131410002708435,2062.742431640625,0.052946001291275024,7.999999979801942e-06,247.45997619628906
2023-10-27 00:00:00+00:00,33909.80078125,1780.0452880859375,224.4759063720703,0.5461069941520691,0.289467990398407,31.73969841003418,0.06788100302219391,0.09362799674272537,1.4457550048828125,0.6097339987754822,4.139359951019287,67.05579376220703,10.598812103271484,1.0001469850540161,11.204940795898438,4.006318092346191,0.11209999769926071,2038.447021484375,0.050992999225854874,7.999999979801942e-06,239.43643188476562
2023-10-28 00:00:00+00:00,34089.57421875,1776.6181640625,225.77407836914062,0.5453910231590271,0.29124999046325684,31.653318405151367,0.06900099664926529,0.0943320021033287,1.666856050491333,0.6206390261650085,4.180108070373535,67.78277587890625,10.973055839538574,0.99993497133255,10.925374031066895,3.941051959991455,0.11401999741792679,2032.1021728515625,0.05195999890565872,7.999999979801942e-06,244.94923400878906
2023-10-29 00:00:00+00:00,34538.48046875,1795.5460205078125,227.14845275878906,0.5563939809799194,0.2952829897403717,32.822608947753906,0.06935899704694748,0.09487900137901306,1.21711003780365,0.63823002576828,4.3125457763671875,68.80084228515625,11.361387252807617,0.9999250173568726,11.103344917297363,3.977013111114502,0.11578600108623505,2056.200927734375,0.0524899996817112,7.999999979801942e-06,246.32803344726562
2023-10-30 00:00:00+00:00,34502.36328125,1810.088623046875,228.2874298095703,0.5789440274238586,0.30273398756980896,34.962337493896484,0.06965000182390213,0.09561099857091904,1.3924930095672607,0.6499279737472534,4.527799129486084,69.25083923339844,11.45251178741455,1.0002210140228271,11.237469673156738,3.943356990814209,0.11904600262641907,2071.77197265625,0.053707998245954514,7.999999979801942e-06,246.09274291992188
2023-10-31 00:00:00+00:00,34667.78125,1816.458984375,226.43994140625,0.6002820134162903,0.2931070029735565,38.51951599121094,0.06827700138092041,0.09717299789190292,1.4351470470428467,0.635981023311615,4.4511799812316895,68.9495620727539,11.32440185546875,1.0007810592651367,11.37502670288086,3.9550321102142334,0.12127800285816193,2081.6162109375,0.052487000823020935,7.999999979801942e-06,244.8642578125
2023-11-01 00:00:00+00:00,35437.25390625,1847.0897216796875,228.00010681152344,0.6095380187034607,0.3074589967727661,41.461544036865234,0.06884100288152695,0.10025600343942642,1.5158590078353882,0.6681029796600342,4.730909824371338,69.93502044677734,12.209151268005371,1.0003060102462769,11.624006271362305,3.9000120162963867,0.12246199697256088,2115.197265625,0.053603000938892365,7.999999979801942e-06,245.07037353515625
2023-11-02 00:00:00+00:00,34938.2421875,1800.6209716796875,231.7230224609375,0.6064389944076538,0.32314199209213257,40.20756912231445,0.06793399900197983,0.0992949977517128,1.5823090076446533,0.6610869765281677,4.635324001312256,69.39419555664062,11.889124870300293,1.000180959701538,11.004575729370117,3.9293529987335205,0.11978700011968613,2064.812255859375,0.055486999452114105,7.999999979801942e-06,235.52210998535156
2023-11-03 00:00:00+00:00,34732.32421875,1832.795166015625,230.60597229003906,0.6130020022392273,0.32902100682258606,39.51976013183594,0.06814400106668472,0.09731300175189972,1.5929460525512695,0.6719430088996887,4.6154937744140625,69.49114227294922,12.111170768737793,1.0004069805145264,11.484772682189941,3.960361957550049,0.12253600358963013,2096.73388671875,0.05477999895811081,7.999999979801942e-06,237.716064453125
2023-11-04 00:00:00+00:00,35082.1953125,1857.6986083984375,237.45460510253906,0.6161839962005615,0.32854199409484863,42.346595764160156,0.06907899677753448,0.09777799993753433,2.226746082305908,0.6778730154037476,4.691026210784912,70.47209930419922,12.2177734375,0.9997649788856506,11.49703598022461,3.972548007965088,0.12359999865293503,2125.49853515625,0.055697001516819,7.999999979801942e-06,240.33096313476562
2023-11-05 00:00:00+00:00,35049.35546875,1894.15771484375,244.32247924804688,0.6611469984054565,0.34286999702453613,41.23860168457031,0.07122399657964706,0.09821999818086624,2.224864959716797,0.6933330297470093,4.773220062255859,71.66265106201172,12.366694450378418,0.9997529983520508,12.227702140808105,3.95500111579895,0.12589800357818604,2170.51123046875,0.05589500069618225,7.999999979801942e-06,238.23455810546875
2023-11-06 00:00:00+00:00,35037.37109375,1899.83740234375,254.63479614257812,0.715516984462738,0.36340799927711487,42.12858963012695,0.07638099789619446,0.09772200137376785,2.3373138904571533,0.7354069948196411,4.968372821807861,74.48286437988281,13.081212997436523,1.0002000331878662,13.009284019470215,3.9682021141052246,0.13103799521923065,2176.443359375,0.058580998331308365,7.999999979801942e-06,242.87181091308594
2023-11-07 00:00:00+00:00,35443.5625,1888.124267578125,246.39529418945312,0.6864020228385925,0.3515709936618805,43.09254455566406,0.07351800054311752,0.09667100012302399,2.485701084136963,0.7420859932899475,4.931488037109375,73.56438446044922,12.823539733886719,1.000148057937622,13.068292617797852,3.960076093673706,0.12669500708580017,2164.15185546875,0.05758700147271156,7.999999979801942e-06,244.0255889892578
2023-11-08 00:00:00+00:00,35655.27734375,1889.3223876953125,247.123291015625,0.6880760192871094,0.35835000872612,43.18988800048828,0.07548099756240845,0.09841199964284897,2.519479990005493,0.7894780039787292,5.053585052490234,73.17993927001953,13.021961212158203,0.9996579885482788,14.93785572052002,4.05592679977417,0.12791000306606293,2165.8232421875,0.06060799956321716,7.999999979801942e-06,245.68943786621094
2023-11-09 00:00:00+00:00,36693.125,2120.56103515625,251.51084899902344,0.6674749851226807,0.3683350086212158,45.444828033447266,0.07346100360155106,0.09890300035476685,2.5285449028015137,0.8565099835395813,5.087355136871338,73.75221252441406,12.972375869750977,1.0004099607467651,14.635876655578613,4.072109222412109,0.12295900285243988,2427.780029296875,0.059773001819849014,7.999999979801942e-06,239.7634735107422
2023-11-10 00:00:00+00:00,37313.96875,2078.289794921875,251.08236694335938,0.6605749726295471,0.38620999455451965,56.64385223388672,0.07544399797916412,0.1062380000948906,2.84306001663208,0.8443509936332703,5.300800800323486,73.30500030517578,14.748550415039062,0.9996770024299622,15.509591102600098,4.061893939971924,0.12387300282716751,2384.2744140625,0.06282900273799896,9.000000318337698e-06,239.92774963378906
2023-11-11 00:00:00+00:00,37138.05078125,2052.7138671875,251.42161560058594,0.6627349853515625,0.38456401228904724,56.1026611328125,0.07840599864721298,0.10798899829387665,2.5099680423736572,0.8028860092163086,5.553164958953857,75.17430877685547,16.78807258605957,0.9998059868812561,16.422510147094727,4.094483852386475,0.1249219998717308,2346.996826171875,0.06190099939703941,9.000000318337698e-06,236.4889678955078
2023-11-12 00:00:00+00:00,37054.51953125,2045.18701171875,247.6400146484375,0.6615359783172607,0.38338300585746765,56.15409851074219,0.07798100262880325,0.10841099917888641,2.4365389347076416,0.8975120186805725,5.707890033721924,74.89127349853516,18.845966339111328,0.9994710087776184,16.001081466674805,4.153459072113037,0.1242000013589859,2340.1455078125,0.062144000083208084,9.000000318337698e-06,236.5060272216797
2023-11-13 00:00:00+00:00,36502.35546875,2055.265380859375,241.33506774902344,0.6715239882469177,0.35841500759124756,51.90705108642578,0.07478199899196625,0.10715200006961823,2.3069839477539062,0.8839769959449768,5.368368148803711,71.49154663085938,16.219932556152344,0.9987229704856873,14.407805442810059,4.086493968963623,0.12240699678659439,2358.434326171875,0.05917299911379814,9.000000318337698e-06,234.7109832763672
2023-11-14 00:00:00+00:00,35537.640625,1979.0526123046875,242.263671875,0.6296730041503906,0.3578700125217438,56.838375091552734,0.07245700061321259,0.10227499902248383,2.1896770000457764,0.9155840277671814,5.2027268409729,70.63526153564453,17.090946197509766,0.9995359778404236,13.968098640441895,4.067758083343506,0.11795400083065033,2269.99853515625,0.05849999934434891,7.999999979801942e-06,231.65615844726562
2023-11-15 00:00:00+00:00,37880.58203125,2060.408447265625,253.75534057617188,0.6496480107307434,0.37929201126098633,65.5344009399414,0.07635600119829178,0.10410500317811966,2.274625062942505,0.922012984752655,5.566057205200195,74.080322265625,20.73465347290039,1.0006849765777588,15.017497062683105,4.075830936431885,0.12167199701070786,2360.112060546875,0.06182600185275078,9.000000318337698e-06,238.07025146484375
2023-11-16 00:00:00+00:00,36154.76953125,1960.881591796875,242.75888061523438,0.61216801404953,0.37176600098609924,57.871402740478516,0.07927700132131577,0.10239599645137787,2.2229700088500977,0.8464900255203247,5.358421802520752,71.1790542602539,21.760902404785156,0.9998909831047058,13.88802433013916,4.040247917175293,0.11854200065135956,2249.310302734375,0.06080299988389015,7.999999979801942e-06,234.1369171142578
2023-11-17 00:00:00+00:00,36596.68359375,1961.28076171875,244.745361328125,0.6137170195579529,0.36660900712013245,58.41593551635742,0.08630400151014328,0.10367400199174881,2.2407829761505127,0.830731987953186,5.242203235626221,70.18233489990234,21.940824508666992,1.0004199743270874,13.68433952331543,4.087057113647461,0.11816100031137466,2244.294921875,0.06382700055837631,9.000000318337698e-06,229.26284790039062
2023-11-18 00:00:00+00:00,36585.703125,1963.2850341796875,244.9507598876953,0.6111890077590942,0.3776940107345581,58.512725830078125,0.08038300275802612,0.10300599783658981,2.2201950550079346,0.8319600224494934,5.291220188140869,69.89380645751953,21.995351791381836,1.0003520250320435,13.74829387664795,4.07195520401001,0.11921899765729904,2251.3984375,0.0616689994931221,9.000000318337698e-06,227.48513793945312
2023-11-19 00:00:00+00:00,37386.546875,2013.2044677734375,246.58778381347656,0.627498984336853,0.38452500104904175,61.393558502197266,0.08057600259780884,0.10349900275468826,2.2741570472717285,0.8531460165977478,5.444248199462891,70.64031219482422,22.85964584350586,1.0005830526351929,14.939276695251465,4.038247108459473,0.12115699797868729,2306.20849609375,0.06258399784564972,9.000000318337698e-06,230.48040771484375
2023-11-20 00:00:00+00:00,37476.95703125,2022.2391357421875,253.6350860595703,0.6128420233726501,0.38068199157714844,56.53383255004883,0.07787899672985077,0.10112100094556808,2.2418038845062256,0.8115180134773254,5.304597854614258,69.51773834228516,20.86159896850586,0.9995710253715515,14.465622901916504,3.9663379192352295,0.1197659969329834,2320.60107421875,0.06608500331640244,7.999999979801942e-06,226.49826049804688
2023-11-21 00:00:00+00:00,35813.8125,1937.0667724609375,226.4864044189453,0.5804619789123535,0.3586310148239136,52.00047302246094,0.07211899757385254,0.09624599665403366,2.118488073348999,0.732545018196106,4.8893890380859375,66.45738220214844,19.04480743408203,0.9979209899902344,13.5319185256958,3.9396450519561768,0.11382400244474411,2225.747314453125,0.058775000274181366,7.999999979801942e-06,217.1041717529297
2023-11-22 00:00:00+00:00,37432.33984375,2064.42529296875,236.1365966796875,0.6118990182876587,0.3806599974632263,57.588558197021484,0.07578399777412415,0.10123699903488159,2.2715420722961426,0.7735329866409302,5.17286491394043,68.7055892944336,20.7967586517334,0.9998940229415894,14.236408233642578,4.058052062988281,0.11813099682331085,2369.298828125,0.06250400096178055,7.999999979801942e-06,224.07984924316406
2023-11-23 00:00:00+00:00,37289.62109375,2062.210693359375,233.76580810546875,0.6202419996261597,0.38667500019073486,56.599369049072266,0.07620000094175339,0.10208400338888168,2.38584303855896,0.772936999797821,5.13363790512085,69.512451171875,20.672449111938477,0.9996860027313232,14.402031898498535,4.089418888092041,0.11723999679088593,2365.984130859375,0.061599001288414,7.999999979801942e-06,225.28274536132812
2023-11-24 00:00:00+00:00,37720.28125,2081.152099609375,232.9009552001953,0.6218810081481934,0.3862130045890808,56.86643981933594,0.07821699976921082,0.10472100228071213,2.3834149837493896,0.7599689960479736,5.24334192276001,70.73595428466797,20.88572883605957,1.0000280141830444,14.46033000946045,4.090913772583008,0.11800999939441681,2384.57763671875,0.06231699883937836,7.999999979801942e-06,226.50843811035156
2023-11-25 00:00:00+00:00,37796.79296875,2084.4130859375,234.43994140625,0.6234440207481384,0.3948110044002533,58.84648895263672,0.07895500212907791,0.10881099849939346,2.331305980682373,0.7792900204658508,5.3300862312316895,71.83336639404297,21.32732391357422,1.0001009702682495,14.756277084350586,3.9725890159606934,0.12095800042152405,2393.24658203125,0.06353799998760223,7.999999979801942e-06,227.51412963867188
2023-11-26 00:00:00+00:00,37479.12109375,2063.2861328125,232.0471954345703,0.6168190240859985,0.3881849944591522,57.6427001953125,0.07870399951934814,0.10785400122404099,2.3943159580230713,0.7630159854888916,5.32512903213501,70.05899047851562,21.110458374023438,0.9996740221977234,14.789013862609863,3.9928700923919678,0.1200060024857521,2369.162353515625,0.06292100250720978,7.999999979801942e-06,226.91014099121094
2023-11-27 00:00:00+00:00,37254.16796875,2027.4173583984375,227.42147827148438,0.6041529774665833,0.37835898995399475,55.06462097167969,0.07878799736499786,0.10209900140762329,2.2779529094696045,0.7430959939956665,5.161478042602539,69.2423324584961,20.358753204345703,1.000161051750183,14.20132827758789,3.9804320335388184,0.11651899665594101,2324.359375,0.06155800074338913,7.999999979801942e-06,223.3904266357422
2023-11-28 00:00:00+00:00,37831.0859375,2049.338134765625,229.69296264648438,0.6114220023155212,0.3856239914894104,58.19437026977539,0.08100900053977966,0.10304299741983414,2.229132890701294,0.7482619881629944,5.2706780433654785,69.73725128173828,20.653627395629883,0.9995530247688293,14.519681930541992,3.902647018432617,0.1184149980545044,2350.863037109375,0.061177000403404236,7.999999979801942e-06,223.45953369140625
2023-11-29 00:00:00+00:00,37858.4921875,2029.92919921875,227.34275817871094,0.609358012676239,0.38177600502967834,59.25012969970703,0.08059299737215042,0.10354399681091309,2.2761049270629883,0.7576969861984253,5.168088912963867,69.98934936523438,21.086414337158203,0.9997169971466064,14.511725425720215,3.975188970565796,0.11858200281858444,2330.66455078125,0.060141999274492264,7.999999979801942e-06,223.29359436035156
2023-11-30 00:00:00+00:00,37712.74609375,2052.55615234375,227.68380737304688,0.606357991695404,0.3758949935436249,59.24162292480469,0.08341699838638306,0.10351499915122986,2.138401985168457,0.7625160217285156,5.465794086456299,69.4455795288086,21.38686180114746,1.0000629425048828,14.404431343078613,3.980276107788086,0.11831200122833252,2352.408203125,0.0602400004863739,7.999999979801942e-06,221.5819091796875
2023-12-01 00:00:00+00:00,38688.75,2087.139892578125,228.54563903808594,0.6129149794578552,0.3842020034790039,59.80399703979492,0.08385699987411499,0.10317700356245041,2.3679590225219727,0.7994959950447083,5.475039958953857,71.54496765136719,21.861373901367188,0.9997529983520508,14.98322868347168,3.9730288982391357,0.11979400366544724,2397.42333984375,0.060878001153469086,7.999999979801942e-06,225.21685791015625
2023-12-02 00:00:00+00:00,39476.33203125,2165.7041015625,229.30084228515625,0.6209759712219238,0.39779800176620483,63.83285903930664,0.08627899736166,0.10328599810600281,2.3378078937530518,0.816215991973877,5.573881149291992,72.27222442626953,22.241073608398438,1.0000050067901611,15.994240760803223,3.882498025894165,0.12163300067186356,2482.642333984375,0.06248199939727783,9.000000318337698e-06,228.1851348876953
2023-12-03 00:00:00+00:00,39978.390625,2193.691650390625,228.09820556640625,0.6237229704856873,0.39515501260757446,63.03996658325195,0.08561500161886215,0.1031619980931282,2.331402063369751,0.8141859769821167,5.54657506942749,72.25643157958984,21.968658447265625,0.9996500015258789,15.7426118850708,3.688209056854248,0.12203200161457062,2516.99462890625,0.06228699907660484,9.000000318337698e-06,230.08058166503906
2023-12-04 00:00:00+00:00,41980.09765625,2243.2158203125,233.29530334472656,0.6243739724159241,0.406810998916626,61.526615142822266,0.0919400006532669,0.10384800285100937,2.300266981124878,0.8097010254859924,5.626327037811279,72.82166290283203,22.632719039916992,1.0005520582199097,15.764348983764648,3.7429730892181396,0.12222699820995331,2573.69580078125,0.06383100152015686,9.000000318337698e-06,251.2904815673828
2023-12-05 00:00:00+00:00,44080.6484375,2293.841796875,231.2613525390625,0.6219969987869263,0.4256579875946045,60.99483108520508,0.0942469984292984,0.10364499688148499,2.2983779907226562,0.8134660124778748,5.911571979522705,74.29119873046875,24.484773635864258,1.000419020652771,15.720780372619629,3.7218170166015625,0.12244600057601929,2631.681396484375,0.06591600179672241,9.000000318337698e-06,251.51113891601562
2023-12-06 00:00:00+00:00,43746.4453125,2231.661376953125,229.42440795898438,0.6403329968452454,0.4424059987068176,61.902957916259766,0.09486400336027145,0.10479799658060074,2.274538040161133,0.8188530206680298,6.043325901031494,72.41529083251953,26.217491149902344,0.9991880059242249,15.29030704498291,3.7963790893554688,0.12544000148773193,2563.495361328125,0.06855099648237228,9.999999747378752e-06,244.5463104248047
2023-12-07 00:00:00+00:00,43292.6640625,2357.57958984375,232.97743225097656,0.6436319947242737,0.4564320147037506,67.83782958984375,0.09591999650001526,0.1042260006070137,2.249880075454712,0.8423529863357544,6.246665954589844,74.05846405029297,26.30372428894043,1.0000619888305664,15.712053298950195,3.8265740871429443,0.12617400288581848,2707.825927734375,0.06921800225973129,9.999999747378752e-06,246.98426818847656
2023-12-08 00:00:00+00:00,44166.6015625,2358.73193359375,238.91598510742188,0.6731380224227905,0.5459210276603699,75.00243377685547,0.10147000104188919,0.10671599954366684,2.410818099975586,0.9064239859580994,6.839678764343262,78.39876556396484,30.636808395385742,0.9999229907989502,16.942026138305664,3.7708399295806885,0.13232499361038208,2712.583740234375,0.07425600290298462,9.999999747378752e-06,253.6110076904297
2023-12-09 00:00:00+00:00,43725.984375,2341.17529296875,237.7686004638672,0.658814013004303,0.5785999894142151,72.25760650634766,0.0985419973731041,0.10667499899864197,2.3710339069366455,0.884913980960846,7.11761999130249,76.27754974365234,31.817724227905273,0.9996730089187622,16.218416213989258,3.7930328845977783,0.13369199633598328,2686.947509765625,0.07438100129365921,9.999999747378752e-06,252.7654571533203
2023-12-10 00:00:00+00:00,43779.69921875,2352.462646484375,239.733154296875,0.6615779995918274,0.5941550135612488,74.70588684082031,0.10180100053548813,0.10782299935817719,2.355236053466797,0.9219549894332886,7.3415751457214355,77.14188385009766,37.07502746582031,0.9998949766159058,16.333545684814453,3.804814100265503,0.13298599421977997,2699.8515625,0.07505899667739868,9.999999747378752e-06,250.95263671875
2023-12-11 00:00:00+00:00,41243.83203125,2224.578857421875,246.42086791992188,0.6202110052108765,0.5510209798812866,70.36717224121094,0.09438399970531464,0.10378699749708176,2.210263967514038,0.8418499827384949,6.7066969871521,72.65074920654297,38.1399040222168,1.000195026397705,14.765364646911621,3.938270092010498,0.1234930008649826,2551.682373046875,0.07096599787473679,9.999999747378752e-06,230.49122619628906
2023-12-12 00:00:00+00:00,41450.22265625,2202.0380859375,254.49497985839844,0.6195489764213562,0.5764070153236389,68.54067993164062,0.0938350036740303,0.10362599790096283,2.1671600341796875,0.8860960006713867,7.123778820037842,72.4129867553711,37.430912017822266,1.0003679990768433,14.521307945251465,3.7330150604248047,0.12308099865913391,2531.238525390625,0.07548700273036957,9.999999747378752e-06,232.0464324951172
2023-12-13 00:00:00+00:00,42890.7421875,2260.648681640625,252.42332458496094,0.6284859776496887,0.6652439832687378,70.76778411865234,0.09642799943685532,0.10429999977350235,2.381800889968872,0.8876349925994873,7.610177993774414,73.1978530883789,39.053768157958984,1.0001349449157715,14.778791427612305,3.6772871017456055,0.12489599734544754,2599.032958984375,0.07682699710130692,9.999999747378752e-06,235.4631805419922
2023-12-14 00:00:00+00:00,43023.97265625,2316.5791015625,253.5412139892578,0.6324319839477539,0.6434779763221741,75.62033081054688,0.09825500100851059,0.10598500072956085,2.242727041244507,0.8840870261192322,7.521094799041748,72.96341705322266,39.30565643310547,1.0001649856567383,15.393107414245605,3.6557469367980957,0.12750400602817535,2660.005615234375,0.08384300023317337,9.999999747378752e-06,237.323974609375
2023-12-15 00:00:00+00:00,41929.7578125,2219.33740234375,244.8984375,0.6154919862747192,0.6014080047607422,72.36898803710938,0.0930040031671524,0.1015629991889,2.2020530700683594,0.8395299911499023,6.956742763519287,70.95587921142578,39.812110900878906,0.9982370138168335,14.327272415161133,3.708527088165283,0.12293899804353714,2549.314453125,0.07996699959039688,9.999999747378752e-06,226.94537353515625
2023-12-16 00:00:00+00:00,42240.1171875,2226.926513671875,244.35096740722656,0.6198350191116333,0.60760897397995,73.47350311279297,0.09705600142478943,0.10275600105524063,2.222033977508545,0.8499109745025635,7.085906982421875,72.13298034667969,42.081905364990234,0.9992920160293579,14.318156242370605,3.749277114868164,0.12470100075006485,2556.669189453125,0.07990100234746933,1.2000000424450263e-05,229.6128692626953
2023-12-17 00:00:00+00:00,41364.6640625,2196.481201171875,239.30828857421875,0.6104180216789246,0.5803139805793762,71.00051879882812,0.09309700131416321,0.10211099684238434,2.1828150749206543,0.8189219832420349,6.792212963104248,71.23487091064453,40.662322998046875,0.9991379976272583,14.020898818969727,3.7648580074310303,0.12223300337791443,2527.171142578125,0.07854200154542923,9.999999747378752e-06,225.9416961669922
2023-12-18 00:00:00+00:00,42623.5390625,2217.2734375,241.3484344482422,0.612529993057251,0.6010329723358154,74.34716033935547,0.09203600138425827,0.10091199725866318,2.1395390033721924,0.8002930283546448,6.875728130340576,70.80284118652344,41.06120300292969,1.000203013420105,14.645723342895508,3.7718610763549805,0.12116199731826782,2543.944580078125,0.07949499785900116,9.999999747378752e-06,227.93328857421875
2023-12-19 00:00:00+00:00,42270.52734375,2177.87255859375,252.63719177246094,0.6054559946060181,0.5766000151634216,72.9897689819336,0.09029699862003326,0.10057400166988373,2.130747079849243,0.7653589844703674,6.715219020843506,70.61455535888672,39.82133483886719,0.9997569918632507,14.095596313476562,3.835252046585083,0.11956000328063965,2501.9033203125,0.08154799789190292,9.999999747378752e-06,225.1953125
2023-12-20 00:00:00+00:00,43652.25,2201.911376953125,260.10736083984375,0.6173189878463745,0.5893290042877197,82.19123077392578,0.09141699969768524,0.10269799828529358,2.196820020675659,0.775102972984314,6.942695140838623,69.80497741699219,43.42633819580078,1.0000419616699219,14.225022315979004,3.9017059803009033,0.12174200266599655,2523.544677734375,0.08699999749660492,9.999999747378752e-06,229.5563507080078
2023-12-21 00:00:00+00:00,43869.15234375,2239.54248046875,271.24658203125,0.6239100098609924,0.6365990042686462,93.85481262207031,0.09500399976968765,0.10467000305652618,2.2097599506378174,0.8172140121459961,8.361507415771484,70.92453002929688,45.96164321899414,1.0001660585403442,15.286552429199219,3.872431993484497,0.12438700348138809,2573.209228515625,0.09124100208282471,9.999999747378752e-06,233.1860809326172
2023-12-22 00:00:00+00:00,43997.90234375,2326.52490234375,271.3764953613281,0.6254019737243652,0.6242160201072693,98.00369262695312,0.09519799798727036,0.10512900352478027,2.2158539295196533,0.876596987247467,7.969131946563721,73.7297134399414,45.44339370727539,1.0003260374069214,15.497312545776367,3.9365859031677246,0.12664499878883362,2672.470947265625,0.09091100096702576,1.1000000085914508e-05,238.72718811035156
2023-12-23 00:00:00+00:00,43739.54296875,2309.04638671875,271.3909606933594,0.6202049851417542,0.6145480275154114,107.59423065185547,0.09356199949979782,0.10677599906921387,2.204746961593628,0.8592190146446228,8.34211540222168,72.5406265258789,48.06705856323242,0.9999750256538391,15.687339782714844,3.9725680351257324,0.12668900191783905,2651.845458984375,0.09123100340366364,1.1000000085914508e-05,233.23106384277344
2023-12-24 00:00:00+00:00,43016.1171875,2265.692138671875,264.71710205078125,0.6135179996490479,0.5939549803733826,112.48521423339844,0.09189499914646149,0.10638999938964844,2.1847100257873535,0.8510230183601379,8.647969245910645,71.17471313476562,47.711238861083984,0.9995089769363403,15.31032657623291,3.9343628883361816,0.12612900137901306,2604.555419921875,0.09031300246715546,1.1000000085914508e-05,229.19573974609375
2023-12-25 00:00:00+00:00,43613.140625,2272.561767578125,267.0733642578125,0.6463369727134705,0.6257209777832031,121.1464614868164,0.0944489985704422,0.10593300312757492,2.2314350605010986,0.9119579792022705,9.228659629821777,72.27528381347656,48.3452033996582,0.9996160268783569,15.608394622802734,3.9524130821228027,0.13103599846363068,2614.778564453125,0.09249900281429291,1.1000000085914508e-05,234.9774627685547
2023-12-26 00:00:00+00:00,42520.40234375,2231.46533203125,297.6932373046875,0.6223689913749695,0.6087989807128906,112.6767349243164,0.09135600179433823,0.1030689999461174,2.2381370067596436,1.0154169797897339,8.819256782531738,73.15052032470703,44.426029205322266,1.000383973121643,15.090892791748047,3.946165084838867,0.1260019987821579,2563.5791015625,0.08979800343513489,1.1000000085914508e-05,229.1773223876953
2023-12-27 00:00:00+00:00,43442.85546875,2378.739990234375,323.6773376464844,0.6348559856414795,0.6335350275039673,107.02379608154297,0.09357900172472,0.10540899634361267,2.2169439792633057,1.0396239757537842,8.703069686889648,75.85030364990234,42.41041564941406,1.0003130435943604,16.672073364257812,3.963284969329834,0.13085299730300903,2732.90966796875,0.0922119989991188,1.1000000085914508e-05,264.08685302734375
2023-12-28 00:00:00+00:00,42627.85546875,2347.566162109375,323.5989990234375,0.6349980235099792,0.6174219846725464,102.10456848144531,0.09188400208950043,0.10559999942779541,2.174854040145874,1.0034129619598389,8.450114250183105,76.72232818603516,39.90686798095703,0.999737024307251,16.051332473754883,3.9499709606170654,0.1323619931936264,2699.8779296875,0.08954799920320511,1.1000000085914508e-05,262.49664306640625
2023-12-29 00:00:00+00:00,42099.40234375,2300.690673828125,313.8787536621094,0.6234019994735718,0.608493983745575,106.31151580810547,0.09103800356388092,0.10568899661302567,2.2972071170806885,0.9733650088310242,8.292625427246094,73.40414428710938,40.21108627319336,1.000419020652771,15.533926010131836,3.94963002204895,0.12961900234222412,2641.50927734375,0.08904699981212616,9.999999747378752e-06,254.51272583007812
2023-12-30 00:00:00+00:00,42156.90234375,2292.0654296875,317.16619873046875,0.6218439936637878,0.601963996887207,101.84508514404297,0.09014800190925598,0.10598500072956085,2.300276041030884,0.9530869722366333,8.37086296081543,73.31273651123047,39.39484786987305,0.9994549751281738,15.19324779510498,3.9521899223327637,0.1326110064983368,2636.317626953125,0.0871260017156601,9.999999747378752e-06,271.1043395996094
2023-12-31 00:00:00+00:00,42265.1875,2281.47119140625,312.4356994628906,0.6149410009384155,0.5942050218582153,101.50582122802734,0.08947200328111649,0.10767299681901932,2.242357015609741,0.9706079959869385,8.193986892700195,72.7984390258789,38.5449104309082,0.999413013458252,14.946123123168945,3.974224090576172,0.12895900011062622,2620.879638671875,0.08591599762439728,9.999999747378752e-06,259.262939453125
2024-01-01 00:00:00+00:00,44167.33203125,2352.327880859375,314.4082946777344,0.6300820112228394,0.6231099963188171,109.50868225097656,0.09202399849891663,0.10781200230121613,2.259896993637085,1.0156519412994385,8.59892463684082,74.73192596435547,41.864463806152344,1.0005600452423096,15.535808563232422,3.972346067428589,0.13190500438213348,2699.93017578125,0.09161599725484848,1.1000000085914508e-05,266.6159362792969
2024-01-02 00:00:00+00:00,44957.96875,2355.83642578125,312.10382080078125,0.6253629922866821,0.605666995048523,106.61122131347656,0.09120400249958038,0.10836400091648102,2.297621965408325,0.9697179794311523,8.41269588470459,72.98407745361328,40.64521026611328,0.9997339844703674,15.165292739868164,3.970196008682251,0.1292870044708252,2711.393310546875,0.09699299931526184,1.1000000085914508e-05,256.9635009765625
2024-01-03 00:00:00+00:00,42848.17578125,2210.761962890625,316.6612854003906,0.5825799703598022,0.5572860240936279,98.59443664550781,0.08204200118780136,0.10682599991559982,2.2849791049957275,0.8554210066795349,7.641822814941406,65.30164337158203,36.7952766418457,0.9996640086174011,14.150558471679688,4.025112152099609,0.12055200338363647,2544.400146484375,0.08830200135707855,9.999999747378752e-06,233.9602508544922
2024-01-04 00:00:00+00:00,44179.921875,2269.0380859375,323.6000061035156,0.5882260203361511,0.5705670118331909,105.0775375366211,0.08413100242614746,0.10708499699831009,2.1495699882507324,0.8834369778633118,7.881475925445557,66.49139404296875,38.73783493041992,0.9998540282249451,14.5540189743042,4.046992778778076,0.12164399772882462,2619.5263671875,0.08812099695205688,9.999999747378752e-06,239.56756591796875
2024-01-05 00:00:00+00:00,44162.69140625,2268.647216796875,317.4502868652344,0.5764859914779663,0.5412420034408569,99.97879028320312,0.08277300000190735,0.10446000099182129,2.094036102294922,0.8520190119743347,7.44556188583374,66.02114868164062,36.43484878540039,1.0002670288085938,14.065112113952637,4.05832576751709,0.1191290020942688,2594.958984375,0.08477699756622314,9.999999747378752e-06,239.58287048339844
2024-01-06 00:00:00+00:00,43989.1953125,2241.624755859375,307.79449462890625,0.5685120224952698,0.5231029987335205,93.85771942138672,0.0806640014052391,0.10391700267791748,2.4398701190948486,0.8282399773597717,7.13883113861084,65.67607879638672,34.62417984008789,0.9997640252113342,13.42838191986084,4.017106056213379,0.12014199793338776,2580.201416015625,0.07952400296926498,9.999999747378752e-06,236.0817413330078
2024-01-07 00:00:00+00:00,43943.09765625,2222.865966796875,302.8905334472656,0.5517410039901733,0.4941740036010742,89.2763442993164,0.07822500169277191,0.1028980016708374,2.093216896057129,0.8007410168647766,6.8958330154418945,64.2574691772461,33.62965393066406,0.999563992023468,13.140296936035156,3.995150089263916,0.1152309998869896,2557.502197265625,0.07520700246095657,9.000000318337698e-06,232.1685028076172
2024-01-08 00:00:00+00:00,46970.50390625,2333.03271484375,304.5003967285156,0.5779229998588562,0.5409359931945801,97.79044342041016,0.08137000352144241,0.10428500175476074,2.153069019317627,0.8426330089569092,7.477948188781738,67.80654907226562,36.08260726928711,0.9997900128364563,14.156993865966797,4.0128350257873535,0.11961600184440613,2689.700927734375,0.0815730020403862,9.999999747378752e-06,253.89999389648438
2024-01-09 00:00:00+00:00,46139.73046875,2344.8271484375,300.9761047363281,0.5666329860687256,0.5115270018577576,99.40918731689453,0.07926300168037415,0.10276799649000168,1.9943749904632568,0.8060579895973206,7.1172099113464355,66.94928741455078,34.695011138916016,0.9999390244483948,13.705975532531738,4.036122798919678,0.11632999777793884,2659.14208984375,0.07750000059604645,9.999999747378752e-06,245.189453125
2024-01-10 00:00:00+00:00,46627.77734375,2582.103515625,305.0968322753906,0.5999889969825745,0.5666469931602478,102.03302001953125,0.08294200152158737,0.10529100149869919,2.078134059906006,0.8978859782218933,7.9710612297058105,69.89013671875,38.472389221191406,0.9999780058860779,15.031819343566895,4.07758903503418,0.12060599774122238,2953.135009765625,0.08333499729633331,9.999999747378752e-06,254.23910522460938
2024-01-11 00:00:00+00:00,46368.5859375,2619.619140625,308.7015075683594,0.6020950078964233,0.5821790099143982,99.90943908691406,0.0846249982714653,0.10622700303792953,2.294301986694336,0.9273399710655212,8.170188903808594,71.9844741821289,39.445777893066406,0.9999439716339111,15.032686233520508,4.060653209686279,0.12361100316047668,3004.68017578125,0.08427800238132477,9.999999747378752e-06,276.5281066894531
2024-01-12 00:00:00+00:00,42853.16796875,2524.460205078125,296.6304626464844,0.5702990293502808,0.5473330020904541,91.72090911865234,0.08004599809646606,0.10692299902439117,2.192897081375122,0.8642119765281677,7.569273948669434,72.90021514892578,35.87169647216797,1.000143051147461,14.134305000305176,4.043649196624756,0.11910700052976608,2917.802734375,0.08006200194358826,9.999999747378752e-06,259.45550537109375
2024-01-13 00:00:00+00:00,42842.3828125,2576.597900390625,302.227294921875,0.575078010559082,0.5493360161781311,95.73004913330078,0.08092299848794937,0.11414899677038193,2.18322491645813,0.8819109797477722,7.612985134124756,71.98751068115234,36.45083999633789,1.0000070333480835,14.364034652709961,4.05170202255249,0.12018299847841263,2966.132080078125,0.0811619982123375,9.999999747378752e-06,254.2232208251953
2024-01-14 00:00:00+00:00,41796.26953125,2472.2412109375,299.05133056640625,0.5762330293655396,0.5259810090065002,94.13314056396484,0.07997799664735794,0.11115500330924988,2.169508934020996,0.8379290103912354,7.327098846435547,69.81559753417969,35.33799743652344,0.9997609853744507,14.79709243774414,4.053048133850098,0.11811500042676926,2873.678466796875,0.07706499844789505,9.999999747378752e-06,246.0057830810547
2024-01-15 00:00:00+00:00,42511.96875,2511.36376953125,317.5672607421875,0.5759199857711792,0.5281609892845154,94.49022674560547,0.08112499862909317,0.10873199999332428,2.2139859199523926,0.8449479937553406,7.517786979675293,69.255615234375,35.66428756713867,1.0000070333480835,15.195074081420898,3.9909799098968506,0.11820100247859955,2907.377685546875,0.07778999954462051,9.999999747378752e-06,250.4188995361328
2024-01-16 00:00:00+00:00,43154.9453125,2587.691162109375,315.22625732421875,0.5759469866752625,0.5356760025024414,97.62691497802734,0.08130999654531479,0.10807199776172638,2.201724052429199,0.8451740145683289,7.490059852600098,69.47465515136719,35.59072494506836,1.0000170469284058,15.261761665344238,3.9876999855041504,0.11853999644517899,2988.54052734375,0.0805559977889061,9.999999747378752e-06,251.1593017578125
2024-01-17 00:00:00+00:00,42742.65234375,2528.369384765625,309.08538818359375,0.5679730176925659,0.5270289778709412,102.0635986328125,0.08050499856472015,0.10830499976873398,2.163243055343628,0.8095009922981262,7.33296012878418,69.38614654541016,36.00657653808594,0.9999150037765503,15.730317115783691,3.993048906326294,0.1187480017542839,2915.439208984375,0.07900100201368332,9.999999747378752e-06,244.05238342285156
2024-01-18 00:00:00+00:00,41262.05859375,2467.018798828125,313.2928771972656,0.5519070029258728,0.5018740296363831,94.2509536743164,0.07798700034618378,0.10797999799251556,2.1782920360565186,0.7847049832344055,7.007637023925781,67.99267578125,33.52815246582031,0.999904990196228,14.649992942810059,4.003529071807861,0.11417800188064575,2840.3095703125,0.07521499693393707,9.000000318337698e-06,237.42599487304688
2024-01-19 00:00:00+00:00,41618.40625,2489.49853515625,314.3004455566406,0.5442559719085693,0.503150999546051,93.38616943359375,0.07853599637746811,0.11035799980163574,2.110585927963257,0.7609930038452148,6.874605178833008,71.1841812133789,32.643001556396484,1.000115990638733,16.04130744934082,3.972321033477783,0.11390700191259384,2867.996826171875,0.07555100321769714,9.000000318337698e-06,236.43170166015625
2024-01-20 00:00:00+00:00,41665.5859375,2469.589111328125,316.96038818359375,0.5531259775161743,0.5150049924850464,92.56983947753906,0.08788800239562988,0.10990100353956223,2.1508688926696777,0.7851189970970154,6.898894786834717,71.29741668701172,32.80842590332031,1.000012993812561,15.742375373840332,4.002406120300293,0.1153699979186058,2848.508544921875,0.07635200023651123,9.999999747378752e-06,238.890869140625
2024-01-21 00:00:00+00:00,41545.78515625,2453.9130859375,318.3186950683594,0.546110987663269,0.5031049847602844,90.84843444824219,0.08527299761772156,0.1088699996471405,2.126862049102783,0.7823240160942078,6.807318210601807,71.60008239746094,32.473045349121094,1.000035047531128,15.391012191772461,3.989690065383911,0.11551299691200256,2840.390625,0.07542700320482254,9.000000318337698e-06,236.9248504638672
2024-01-22 00:00:00+00:00,39507.3671875,2310.826416015625,305.43701171875,0.5267159938812256,0.4785020053386688,83.62281036376953,0.08034099638462067,0.10916999727487564,1.9593440294265747,0.7456870079040527,6.332924842834473,67.28827667236328,29.48309326171875,0.9997959733009338,14.544947624206543,3.9900550842285156,0.11253699660301208,2682.2099609375,0.07120800018310547,9.000000318337698e-06,235.01434326171875
2024-01-23 00:00:00+00:00,39845.55078125,2240.68603515625,298.4039001464844,0.5177369713783264,0.4767490029335022,84.27450561523438,0.07815399765968323,0.10715799778699875,1.9715039730072021,0.724141001701355,6.35443115234375,65.44943237304688,30.59178352355957,1.0000760555267334,14.274681091308594,4.001646995544434,0.11157599836587906,2573.829345703125,0.07062599807977676,9.000000318337698e-06,229.54351806640625
2024-01-24 00:00:00+00:00,40077.07421875,2233.561767578125,293.0914306640625,0.5179880261421204,0.47629600763320923,88.73200988769531,0.07901600003242493,0.10871899873018265,2.065390110015869,0.7383360266685486,6.459842205047607,66.14016723632812,31.217866897583008,1.0002119541168213,14.23513412475586,4.060026168823242,0.11264099925756454,2569.9296875,0.07224400341510773,9.000000318337698e-06,236.37936401367188
2024-01-25 00:00:00+00:00,39933.80859375,2217.710205078125,291.9192810058594,0.5136060118675232,0.46647900342941284,86.88921356201172,0.07793299853801727,0.11207800358533859,2.025283098220825,0.73225998878479,6.434463024139404,65.49899291992188,30.48063850402832,1.0004030466079712,13.757712364196777,4.07562780380249,0.11175999790430069,2558.73974609375,0.07133500277996063,9.000000318337698e-06,236.7863311767578
2024-01-26 00:00:00+00:00,41816.87109375,2267.19970703125,302.3179931640625,0.5321890115737915,0.48529401421546936,92.44236755371094,0.07990100234746933,0.11452200263738632,2.0791499614715576,0.7590199708938599,6.672458171844482,67.03406524658203,32.27981948852539,1.0002299547195435,14.195534706115723,4.044443130493164,0.11579299718141556,2610.435791015625,0.0745370015501976,9.000000318337698e-06,242.0111083984375
2024-01-27 00:00:00+00:00,42120.0546875,2267.885986328125,305.8248291015625,0.5302600264549255,0.48632100224494934,94.16321563720703,0.08014199882745743,0.112466000020504,2.0836830139160156,0.7880309820175171,6.6702470779418945,68.08456420898438,33.261962890625,1.000133991241455,14.34029769897461,4.012842178344727,0.11625400185585022,2617.14208984375,0.07443699985742569,9.000000318337698e-06,243.7912139892578
2024-01-28 00:00:00+00:00,42035.59375,2257.208740234375,304.9756164550781,0.5240939855575562,0.4897190034389496,95.93798065185547,0.07881300151348114,0.11220599710941315,2.0682051181793213,0.7892820239067078,6.839127063751221,68.39750671386719,34.79377365112305,1.0001269578933716,14.517561912536621,4.015732765197754,0.11375799775123596,2600.34912109375,0.07335600256919861,9.000000318337698e-06,236.90118408203125
2024-01-29 00:00:00+00:00,43288.24609375,2317.064208984375,310.7080078125,0.5350900292396545,0.5252749919891357,101.56666564941406,0.08128900080919266,0.11304599791765213,2.092813014984131,0.8131729960441589,7.030881881713867,68.45301055908203,36.073768615722656,1.000128984451294,14.988256454467773,3.9841229915618896,0.11644600331783295,2667.009521484375,0.07440999895334244,9.000000318337698e-06,241.2978515625
2024-01-30 00:00:00+00:00,42952.609375,2344.49365234375,307.4627380371094,0.5106980204582214,0.5141649842262268,101.47297668457031,0.07972300052642822,0.11204700171947479,2.0511980056762695,0.7998849749565125,6.8419671058654785,67.51202392578125,35.144779205322266,1.0001330375671387,15.467368125915527,3.8682239055633545,0.11274100095033646,2721.58349609375,0.07293599843978882,9.000000318337698e-06,237.38525390625
2024-01-31 00:00:00+00:00,42582.60546875,2282.54443359375,300.35107421875,0.5031930208206177,0.49825599789619446,97.0287094116211,0.07876399904489517,0.11224000155925751,2.0152649879455566,0.7864369750022888,6.655735969543457,66.75304412841797,33.16189956665039,0.9998369812965393,15.39860725402832,3.9569880962371826,0.10988999903202057,2645.65869140625,0.06954099982976913,9.000000318337698e-06,234.25437927246094
2024-02-01 00:00:00+00:00,43075.7734375,2303.82470703125,300.1759033203125,0.5058590173721313,0.5070229768753052,97.84669494628906,0.07932700216770172,0.11556699872016907,2.033950090408325,0.8110769987106323,6.791077136993408,67.51658630371094,33.82854080200195,1.0001800060272217,17.184246063232422,3.9905428886413574,0.10986799746751785,2654.5205078125,0.07022900134325027,9.000000318337698e-06,236.6152801513672
2024-02-02 00:00:00+00:00,43185.859375,2308.0380859375,301.15496826171875,0.5104119777679443,0.5139579772949219,100.44052124023438,0.07923299819231033,0.11627999693155289,2.0166220664978027,0.7983400225639343,6.936224937438965,68.0035171508789,36.707916259765625,1.000012993812561,17.791160583496094,4.015247821807861,0.11035999655723572,2661.02099609375,0.06919199973344803,9.000000318337698e-06,236.2069091796875
2024-02-03 00:00:00+00:00,42992.25,2296.038330078125,299.7367248535156,0.5189390182495117,0.5128610134124756,97.8799819946289,0.07865100353956223,0.11721699684858322,2.0175371170043945,0.7844619750976562,6.8314900398254395,68.83683776855469,35.91640090942383,1.0000489950180054,17.661924362182617,4.010505199432373,0.11098899692296982,2656.4814453125,0.06929200142621994,9.000000318337698e-06,240.6577911376953
2024-02-04 00:00:00+00:00,42583.58203125,2289.546142578125,304.7341613769531,0.5032879710197449,0.49425598978996277,95.47695922851562,0.07823800295591354,0.11838799715042114,2.006870985031128,0.7739139795303345,6.6672282218933105,66.93138885498047,34.844993591308594,0.9999759793281555,18.17605972290039,4.010682106018066,0.10931199789047241,2648.878173828125,0.06841100007295609,9.000000318337698e-06,235.22705078125
2024-02-05 00:00:00+00:00,42658.66796875,2298.888916015625,300.8540344238281,0.5062440037727356,0.49333998560905457,95.54866027832031,0.07822000235319138,0.1189040020108223,1.991866946220398,0.7793200016021729,6.726913928985596,67.61941528320312,34.50077438354492,0.9999380111694336,19.131561279296875,4.060276031494141,0.10841699689626694,2653.73486328125,0.06942900270223618,9.000000318337698e-06,235.43984985351562
2024-02-06 00:00:00+00:00,43084.671875,2372.201904296875,302.71014404296875,0.5051530003547668,0.4984630048274994,96.86107635498047,0.07846599817276001,0.12089700251817703,2.002232074737549,0.8057799935340881,6.805706977844238,68.29098510742188,34.1414680480957,1.000128984451294,18.29801368713379,4.056146144866943,0.10815100371837616,2747.02001953125,0.0749329999089241,9.000000318337698e-06,235.18617248535156
2024-02-07 00:00:00+00:00,44318.22265625,2423.7451171875,307.63458251953125,0.5137889981269836,0.5017729997634888,100.97927856445312,0.08010400086641312,0.12351500242948532,1.9910939931869507,0.8335319757461548,6.939929962158203,68.5560302734375,35.27924728393555,0.9999780058860779,18.85492515563965,4.05079984664917,0.10909000039100647,2799.220458984375,0.07588600367307663,9.000000318337698e-06,240.5064697265625
2024-02-08 00:00:00+00:00,45301.56640625,2419.906494140625,318.87188720703125,0.5145289897918701,0.5292689800262451,102.78563690185547,0.07987099885940552,0.12192399799823761,2.0150270462036133,0.8343909978866577,7.0146660804748535,70.5627670288086,35.427764892578125,1.0000410079956055,18.231304168701172,4.0747480392456055,0.10986900329589844,2804.811767578125,0.0760129988193512,9.000000318337698e-06,244.4889373779297
2024-02-09 00:00:00+00:00,47147.19921875,2487.515625,323.84228515625,0.5260310173034668,0.5407919883728027,106.93333435058594,0.08157899975776672,0.12377600371837616,2.035989999771118,0.8530579805374146,7.19149112701416,70.67704772949219,38.01095962524414,1.0003119707107544,18.46788215637207,4.0790300369262695,0.11203400045633316,2880.625732421875,0.0794610008597374,9.000000318337698e-06,250.30352783203125
2024-02-10 00:00:00+00:00,47771.27734375,2501.228271484375,323.1338806152344,0.5241119861602783,0.5514119863510132,109.1314697265625,0.08144800364971161,0.1244100034236908,2.028170108795166,0.848924994468689,7.208862781524658,70.80987548828125,40.2883186340332,1.0001929998397827,19.091100692749023,4.145177841186523,0.11163599789142609,2885.860107421875,0.0789399966597557,9.000000318337698e-06,247.73220825195312
2024-02-11 00:00:00+00:00,48293.91796875,2507.570556640625,320.78753662109375,0.5260840058326721,0.5414100289344788,107.49528503417969,0.0811930000782013,0.1242780014872551,2.0539400577545166,0.834954023361206,7.096012115478516,71.54000091552734,39.732269287109375,1.0000200271606445,20.12895965576172,4.110307216644287,0.11115200072526932,2896.8671875,0.07829199731349945,9.000000318337698e-06,276.5019226074219
2024-02-12 00:00:00+00:00,49958.22265625,2658.115966796875,327.9446105957031,0.5318970084190369,0.560030996799469,111.99275207519531,0.08234500139951706,0.12505799531936646,2.0678799152374268,0.881026029586792,7.346063137054443,72.93286895751953,41.08818817138672,0.999891996383667,20.491962432861328,4.150815010070801,0.11322599649429321,3051.88525390625,0.0797479972243309,9.999999747378752e-06,280.8579406738281
2024-02-13 00:00:00+00:00,49742.44140625,2642.185302734375,324.86822509765625,0.5248349905014038,0.5449960231781006,112.57930755615234,0.08108899742364883,0.1269419938325882,2.0459799766540527,0.8536790013313293,7.362933158874512,69.00106048583984,39.765350341796875,1.0001150369644165,19.88628387451172,4.14982795715332,0.1110529974102974,3045.23193359375,0.08151400089263916,9.000000318337698e-06,270.8520812988281
2024-02-14 00:00:00+00:00,51826.6953125,2777.90234375,334.2459716796875,0.5384010076522827,0.5773019790649414,116.97632598876953,0.08554299920797348,0.12968400120735168,2.092255115509033,0.8908730149269104,7.658267021179199,69.89627838134766,42.26839065551758,1.000080943107605,20.277942657470703,4.151826858520508,0.11441600322723389,3202.522705078125,0.08250600099563599,9.999999747378752e-06,281.26165771484375
2024-02-15 00:00:00+00:00,51938.5546875,2824.37890625,354.7108154296875,0.5627549886703491,0.6083629727363586,113.69940948486328,0.08535599708557129,0.13116900622844696,2.13529109954834,0.8899279832839966,7.778054237365723,69.81148529052734,41.596004486083984,1.0000879764556885,19.94938087463379,4.176232814788818,0.11674699932336807,3264.74267578125,0.08286699652671814,9.999999747378752e-06,270.6659240722656
2024-02-16 00:00:00+00:00,52160.203125,2803.69140625,360.890380859375,0.5649600028991699,0.5988720059394836,110.44591522216797,0.08601299673318863,0.13292300701141357,2.1602909564971924,0.9527379870414734,7.657581806182861,70.6171646118164,40.312129974365234,1.0000410079956055,19.57235336303711,4.093221187591553,0.11552800238132477,3228.717041015625,0.0856499969959259,9.999999747378752e-06,274.8199768066406
2024-02-17 00:00:00+00:00,51662.99609375,2786.672607421875,352.9081115722656,0.5498859882354736,0.6083459854125977,108.98401641845703,0.08359300345182419,0.13589100539684296,2.5870859622955322,0.928708016872406,7.7043538093566895,69.9896240234375,39.762489318847656,0.9998779892921448,20.03460693359375,4.142324924468994,0.11419499665498734,3211.062255859375,0.08349700272083282,9.999999747378752e-06,267.4199523925781
2024-02-18 00:00:00+00:00,52122.546875,2878.998046875,349.6799621582031,0.5569030046463013,0.6187340021133423,112.17467498779297,0.08516599982976913,0.13518600165843964,2.539669990539551,0.9989640116691589,7.8500590324401855,70.7302474975586,40.254661560058594,0.9998930096626282,20.096508026123047,4.134267807006836,0.1158669963479042,3321.4541015625,0.08974699676036835,9.999999747378752e-06,270.41644287109375
2024-02-19 00:00:00+00:00,51779.14453125,2943.57470703125,351.8070983886719,0.5625969767570496,0.6310629844665527,111.4853286743164,0.08947700262069702,0.1363680064678192,2.4258649349212646,0.9964349865913391,8.029154777526855,71.31204223632812,39.482234954833984,0.9996669888496399,19.820606231689453,4.113778114318848,0.11848500370979309,3397.0439453125,0.11199399828910828,9.999999747378752e-06,273.10345458984375
2024-02-20 00:00:00+00:00,52284.875,3013.503662109375,354.8639221191406,0.5629220008850098,0.6221650242805481,108.45964050292969,0.08614300191402435,0.13927499949932098,2.344989061355591,1.0261470079421997,7.733205795288086,69.65516662597656,38.52740478515625,0.999888002872467,19.295194625854492,4.2731428146362305,0.11768999695777893,3471.112060546875,0.10745900124311447,9.999999747378752e-06,265.4651794433594
2024-02-21 00:00:00+00:00,51839.1796875,2970.35546875,378.5373229980469,0.5490040183067322,0.5984579920768738,105.1252212524414,0.08461499959230423,0.1397320032119751,2.3231139183044434,0.9508240222930908,7.468303203582764,68.93756103515625,37.63543701171875,1.0001709461212158,18.58225440979004,4.110675811767578,0.11434400081634521,3409.475341796875,0.10455799847841263,9.999999747378752e-06,263.1250915527344
2024-02-22 00:00:00+00:00,51304.97265625,2971.00732421875,382.009765625,0.540913999080658,0.5859019756317139,101.66979217529297,0.0840890035033226,0.13892999291419983,2.3099119663238525,0.991366982460022,7.482891082763672,68.76451873779297,36.75072479248047,0.9997159838676453,18.112953186035156,4.149618148803711,0.11525800079107285,3447.21337890625,0.11610600352287292,9.999999747378752e-06,260.16876220703125
2024-02-23 00:00:00+00:00,50731.94921875,2921.658203125,375.319091796875,0.5345339775085449,0.5832419991493225,99.95469665527344,0.08443400263786316,0.13818900287151337,2.2546939849853516,0.9879630208015442,7.563416004180908,68.82816314697266,35.92631912231445,0.9999030232429504,17.939098358154297,4.125218868255615,0.11486099660396576,3393.30029296875,0.10941000282764435,9.999999747378752e-06,264.54486083984375
2024-02-24 00:00:00+00:00,51571.1015625,2992.385986328125,381.7427978515625,0.545117974281311,0.5966960191726685,104.1335220336914,0.08615600317716599,0.1374479979276657,2.282212018966675,0.9949399828910828,7.809398174285889,70.3870620727539,36.73804473876953,1.0001389980316162,18.52635955810547,4.214317798614502,0.11644700169563293,3459.037109375,0.11009500175714493,9.999999747378752e-06,267.6621398925781
2024-02-25 00:00:00+00:00,51733.23828125,3112.697265625,388.5517272949219,0.5424249768257141,0.5913789868354797,103.4534912109375,0.08609899878501892,0.13761800527572632,2.2357749938964844,0.9982590079307556,7.923061847686768,70.08211517333984,37.44997024536133,1.000025987625122,18.704635620117188,4.245250225067139,0.1164420023560524,3591.39453125,0.10923200100660324,9.999999747378752e-06,267.8255920410156
2024-02-26 00:00:00+00:00,54522.40234375,3178.99365234375,401.6438903808594,0.5514050126075745,0.6197360157966614,109.91853332519531,0.08938899636268616,0.13991999626159668,2.293210029602051,1.0593090057373047,8.10434341430664,71.9378890991211,39.33618927001953,0.999888002872467,19.116256713867188,4.3433661460876465,0.11796700209379196,3677.385986328125,0.11161799728870392,9.999999747378752e-06,274.89813232421875
2024-02-27 00:00:00+00:00,57085.37109375,3244.519287109375,394.9956359863281,0.5862579941749573,0.6242160201072693,108.3880844116211,0.09767100214958191,0.1428849995136261,2.2811899185180664,1.028594970703125,8.371495246887207,74.03375244140625,39.268646240234375,0.9997680187225342,19.036426544189453,4.371693134307861,0.12297199666500092,3760.528076171875,0.10823699831962585,1.1000000085914508e-05,292.5193786621094
2024-02-28 00:00:00+00:00,62504.7890625,3385.703857421875,415.7716064453125,0.5758110284805298,0.6310589909553528,118.05220031738281,0.1165819987654686,0.14223399758338928,2.351996898651123,1.0107159614562988,8.342618942260742,74.59254455566406,40.2947883605957,1.0000619888305664,19.431785583496094,4.248297214508057,0.12108100205659866,3871.669921875,0.11351799964904785,1.2000000424450263e-05,296.7937927246094
2024-02-29 00:00:00+00:00,61198.3828125,3341.919677734375,399.7787170410156,0.5863249897956848,0.655646026134491,125.71151733398438,0.11718499660491943,0.1405780017375946,2.4357569217681885,1.0012329816818237,8.255024909973145,79.9408950805664,40.935386657714844,0.9997749924659729,19.287715911865234,4.7577338218688965,0.12193900346755981,3891.24560546875,0.11448899656534195,1.2999999853491317e-05,298.5623779296875
2024-03-01 00:00:00+00:00,62440.6328125,3435.053955078125,407.8107604980469,0.6018900275230408,0.7190809845924377,129.9904022216797,0.13955700397491455,0.14159899950027466,2.586529016494751,1.0250710248947144,8.674229621887207,85.08411407470703,42.85532760620117,0.9999859929084778,20.0609073638916,4.746003150939941,0.12714900076389313,3975.230712890625,0.11677300184965134,1.700000029813964e-05,316.1250305175781
2024-03-02 00:00:00+00:00,62029.84765625,3422.0498046875,410.9858703613281,0.64485102891922,0.7409279942512512,129.70018005371094,0.14212100207805634,0.14128099381923676,2.634995937347412,1.0944709777832031,9.436100959777832,94.41902923583984,44.33390808105469,0.9998930096626282,21.421598434448242,4.769902229309082,0.1383489966392517,3954.52783203125,0.11544600129127502,2.300000051036477e-05,500.8060607910156
2024-03-03 00:00:00+00:00,63167.37109375,3490.99365234375,414.3810729980469,0.6270719766616821,0.7282379865646362,130.45086669921875,0.15383599698543549,0.14068900048732758,2.5866639614105225,1.0892410278320312,9.797439575195312,90.66835021972656,42.6048583984375,0.999875009059906,20.513017654418945,4.770880222320557,0.1356319934129715,4024.9921875,0.11300300061702728,2.300000051036477e-05,469.36279296875
2024-03-04 00:00:00+00:00,68330.4140625,3630.433837890625,419.0354309082031,0.6501330137252808,0.7712939977645874,133.194580078125,0.1829099953174591,0.14041799306869507,2.744050979614258,1.1472630500793457,9.911170959472656,88.93545532226562,43.08823776245117,1.0002110004425049,20.44875717163086,4.875618934631348,0.1458750069141388,4159.47705078125,0.11735799908638,3.600000127335079e-05,470.42315673828125
2024-03-05 00:00:00+00:00,63801.19921875,3554.964599609375,394.6617431640625,0.5929009914398193,0.6934900283813477,125.70671081542969,0.15393699705600739,0.1360819935798645,2.6354050636291504,1.0340839624404907,9.330388069152832,82.04119873046875,39.50013732910156,0.9999570250511169,19.010520935058594,5.353331089019775,0.13239899277687073,4090.765869140625,0.1117430031299591,3.600000127335079e-05,401.4908447265625
2024-03-06 00:00:00+00:00,66106.8046875,3819.226318359375,429.011962890625,0.6122530102729797,0.7338209748268127,130.7420196533203,0.15779100358486176,0.13776299357414246,2.883855104446411,1.1171560287475586,10.514226913452148,85.82997131347656,41.51433563232422,0.9996700286865234,20.075965881347656,5.4823431968688965,0.13816000521183014,4425.8564453125,0.12581799924373627,3.300000025774352e-05,415.1284484863281
2024-03-07 00:00:00+00:00,66925.484375,3874.34765625,475.2906494140625,0.6286240220069885,0.7447419762611389,143.9778594970703,0.1581210047006607,0.13732199370861053,2.9566309452056885,1.161350965499878,10.422065734863281,88.10804748535156,43.29000473022461,1.0000079870224,20.127426147460938,5.477116107940674,0.14219099283218384,4476.52880859375,0.1339469999074936,3.199999991920777e-05,432.400634765625
2024-03-08 00:00:00+00:00,68300.09375,3892.06103515625,488.09417724609375,0.6219549775123596,0.7248539924621582,145.2400360107422,0.16534699499607086,0.13694800436496735,3.039876937866211,1.1278760433197021,10.665131568908691,88.63076782226562,42.74036407470703,1.0000770092010498,19.741352081298828,5.8034539222717285,0.14196999371051788,4522.48291015625,0.1307159960269928,3.5000000934815034e-05,437.76837158203125
2024-03-09 00:00:00+00:00,68498.8828125,3915.4189453125,489.56182861328125,0.6218050122261047,0.7437130212783813,144.6072540283203,0.17908300459384918,0.13608300685882568,3.0337440967559814,1.1586380004882812,10.522542953491211,90.8468017578125,43.000335693359375,1.000128984451294,20.028526306152344,5.627010822296143,0.14252899587154388,4534.20361328125,0.1307629942893982,3.5000000934815034e-05,433.648193359375
2024-03-10 00:00:00+00:00,69019.7890625,3881.193115234375,529.374755859375,0.6084319949150085,0.7172269821166992,144.5151824951172,0.16991999745368958,0.13387900590896606,2.9803380966186523,1.230849027633667,10.278813362121582,87.50755310058594,42.052711486816406,0.9997609853744507,21.75461196899414,5.673876762390137,0.13984300196170807,4496.9912109375,0.12593799829483032,3.300000025774352e-05,423.9754333496094
2024-03-11 00:00:00+00:00,72123.90625,4066.445068359375,522.718017578125,0.7180359959602356,0.7741900086402893,148.75096130371094,0.18196499347686768,0.13375499844551086,3.2314939498901367,1.2437700033187866,11.036376953125,103.7921142578125,49.007232666015625,0.9998800158500671,21.289613723754883,5.844484806060791,0.1569889932870865,4700.82177734375,0.13268400728702545,3.400000059627928e-05,448.73834228515625
2024-03-12 00:00:00+00:00,71481.2890625,3980.273193359375,537.86572265625,0.6882089972496033,0.7480549812316895,151.01544189453125,0.16814400255680084,0.1314540058374405,3.1816821098327637,1.1817009449005127,10.726625442504883,97.53800201416016,55.59136962890625,1.0000230073928833,20.66677474975586,5.8997979164123535,0.1493930071592331,4593.42431640625,0.1331769973039627,3.199999991920777e-05,434.3209533691406
2024-03-13 00:00:00+00:00,73083.5,4006.45703125,630.5613403320312,0.6909499764442444,0.7645800113677979,163.83981323242188,0.1691579967737198,0.13199299573898315,3.185148000717163,1.2714049816131592,11.32108211517334,97.32198333740234,54.948246002197266,0.9999799728393555,20.7681884765625,5.9412760734558105,0.15086500346660614,4633.53515625,0.13261500000953674,3.199999991920777e-05,442.5234069824219
2024-03-14 00:00:00+00:00,71396.59375,3883.140380859375,602.9887084960938,0.669966995716095,0.7504739761352539,176.67974853515625,0.17733000218868256,0.12911200523376465,3.1193270683288574,1.2218940258026123,11.542901992797852,94.11614227294922,54.05936813354492,0.9998220205307007,20.906293869018555,5.999156951904297,0.1445470005273819,4485.3271484375,0.12697400152683258,3.199999991920777e-05,441.2276916503906
2024-03-15 00:00:00+00:00,69403.7734375,3735.22021484375,632.8027954101562,0.6337370276451111,0.7264410257339478,182.96469116210938,0.1632310003042221,0.12637099623680115,2.963160991668701,1.1406630277633667,10.838363647460938,89.71339416503906,58.48988723754883,1.0001039505004883,19.60538673400879,6.058913230895996,0.1368190050125122,4292.9306640625,0.12026199698448181,2.9999999242136255e-05,416.3032531738281
2024-03-16 00:00:00+00:00,65315.1171875,3522.860107421875,576.7752075195312,0.6030600070953369,0.6595349907875061,181.88034057617188,0.14236800372600555,0.1252020001411438,2.7354929447174072,1.0434010028839111,9.696842193603516,84.13844299316406,53.49980545043945,1.0000790357589722,18.12628936767578,6.073085784912109,0.129271999001503,4085.8154296875,0.1108120009303093,2.499999936844688e-05,388.6847839355469
2024-03-17 00:00:00+00:00,68390.625,3642.4130859375,571.0855712890625,0.6192319989204407,0.681098997592926,202.12356567382812,0.15433000028133392,0.12619799375534058,2.813554048538208,1.0887809991836548,10.115609169006348,85.85752868652344,58.115814208984375,0.9996849894523621,18.674497604370117,6.130970001220703,0.13215599954128265,4214.39013671875,0.11636500060558319,2.9999999242136255e-05,402.6595153808594
2024-03-18 00:00:00+00:00,67548.59375,3517.985107421875,554.55712890625,0.6475650072097778,0.6612579822540283,195.9927520751953,0.14367300271987915,0.12409599870443344,2.663918972015381,1.030447006225586,9.907398223876953,87.1122055053711,60.689945220947266,1.000120997428894,18.32435417175293,6.164196014404297,0.13531899452209473,4077.546142578125,0.11187300086021423,2.700000004551839e-05,401.5744934082031
2024-03-19 00:00:00+00:00,61912.7734375,3157.6181640625,507.0765686035156,0.5844410061836243,0.5869140028953552,170.0162811279297,0.1287280023097992,0.11238200217485428,2.456866979598999,0.9320589900016785,8.764359474182129,78.58637237548828,53.52589416503906,0.999888002872467,16.809295654296875,6.150207996368408,0.12077199667692184,3725.8125,0.1013059988617897,2.499999936844688e-05,359.23968505859375
2024-03-20 00:00:00+00:00,67913.671875,3513.39306640625,556.7005004882812,0.6121619939804077,0.6394810080528259,191.54962158203125,0.15218600630760193,0.12092199921607971,2.7689640522003174,1.0091029405593872,9.491859436035156,84.78901672363281,57.03071975708008,1.000201940536499,18.406482696533203,6.168458938598633,0.13091599941253662,4035.57568359375,0.11138100177049637,2.8000000384054147e-05,409.9807434082031
2024-03-21 00:00:00+00:00,65491.390625,3492.9912109375,553.2482299804688,0.6406909823417664,0.6318680047988892,179.2207489013672,0.15529200434684753,0.12112600356340408,2.7227609157562256,0.9947720170021057,9.172893524169922,85.70162200927734,53.86556625366211,1.0001740455627441,18.43138313293457,6.07822322845459,0.13321299850940704,4043.640380859375,0.10998599976301193,2.700000004551839e-05,414.4288024902344
2024-03-22 00:00:00+00:00,63778.76171875,3333.68798828125,551.778564453125,0.6109489798545837,0.6132630109786987,174.36370849609375,0.15270300209522247,0.11722800135612488,2.7733240127563477,0.9701550006866455,8.919258117675781,83.31150817871094,53.267066955566406,1.000277042388916,18.290664672851562,6.0348591804504395,0.12807199358940125,3832.034423828125,0.10640499740839005,2.5999999706982635e-05,431.5363464355469
2024-03-23 00:00:00+00:00,64062.203125,3336.593994140625,551.8795166015625,0.6175959706306458,0.6258620023727417,172.90225219726562,0.16176800429821014,0.11833000183105469,2.6931509971618652,0.9805579781532288,8.982089042663574,85.42414093017578,53.412357330322266,1.000251054763794,18.07221794128418,6.030868053436279,0.13284499943256378,3911.8984375,0.10661999881267548,2.700000004551839e-05,456.816650390625
2024-03-24 00:00:00+00:00,67234.171875,3454.636474609375,567.9948120117188,0.6329500079154968,0.6461570262908936,183.57345581054688,0.17645299434661865,0.12018799781799316,2.8341140747070312,1.0111030340194702,9.369309425354004,89.69075012207031,55.6641960144043,1.0002379417419434,18.532669067382812,6.069461822509766,0.13500499725341797,3976.968994140625,0.10986299812793732,2.8000000384054147e-05,484.7536315917969
2024-03-25 00:00:00+00:00,69958.8125,3590.8837890625,587.4276123046875,0.6410340070724487,0.656948983669281,189.0835418701172,0.17536699771881104,0.12046899646520615,3.0970420837402344,1.0454180240631104,9.737619400024414,90.72403717041016,57.823333740234375,1.0000079870224,19.359712600708008,6.079522132873535,0.13668300211429596,4179.240234375,0.11714699864387512,2.9000000722589903e-05,488.04595947265625
2024-03-26 00:00:00+00:00,69987.8359375,3587.5048828125,580.1505126953125,0.6322529911994934,0.6650339961051941,190.69985961914062,0.18248599767684937,0.12077800184488297,3.0799849033355713,1.0458710193634033,9.690574645996094,95.86446380615234,55.81808853149414,0.999904990196228,20.01067543029785,6.060995101928711,0.13818299770355225,4163.58740234375,0.12032999843358994,3.099999958067201e-05,480.10736083984375
2024-03-27 00:00:00+00:00,69455.34375,3500.115234375,574.5115966796875,0.6119639873504639,0.6484829783439636,186.36146545410156,0.19032999873161316,0.11948499828577042,2.9343340396881104,1.0088469982147217,9.443778038024902,93.6755142211914,54.114627838134766,1.00005304813385,19.302181243896484,6.063422203063965,0.13377000391483307,4058.99267578125,0.11373399943113327,2.9999999242136255e-05,539.7933349609375
2024-03-28 00:00:00+00:00,70744.953125,3561.2939453125,583.2708740234375,0.6245539784431458,0.6507940292358398,189.6216278076172,0.22005599737167358,0.12039899826049805,3.0063390731811523,1.00205397605896,9.516780853271484,94.2191162109375,54.621883392333984,1.0001269578933716,19.16071319580078,6.052371025085449,0.1380539983510971,4131.154296875,0.11619599908590317,3.199999991920777e-05,569.156982421875
2024-03-29 00:00:00+00:00,69892.828125,3511.80615234375,612.657958984375,0.6307500004768372,0.6644030213356018,192.2279510498047,0.21349099278450012,0.11998499929904938,2.9975318908691406,0.9914469718933105,9.596235275268555,109.25897216796875,53.4062385559082,1.000025987625122,18.993438720703125,6.090208053588867,0.14286300539970398,4067.616455078125,0.11609899997711182,3.099999958067201e-05,621.78271484375
2024-03-30 00:00:00+00:00,69645.3046875,3507.9443359375,601.016357421875,0.6218360066413879,0.6443660259246826,194.3855438232422,0.19943399727344513,0.12259899824857712,2.9470419883728027,0.9805189967155457,9.433736801147461,102.86311340332031,53.00242614746094,1.0002080202102661,18.943042755126953,6.061412811279297,0.13927599787712097,4063.94189453125,0.11361899971961975,2.9999999242136255e-05,597.110107421875
2024-03-31 00:00:00+00:00,71333.6484375,3647.8564453125,606.9086303710938,0.6292250156402588,0.650426983833313,202.87413024902344,0.22006399929523468,0.12298700213432312,3.0637409687042236,1.003391981124878,9.64262580871582,105.18340301513672,54.11042785644531,1.0001009702682495,19.137727737426758,6.003818035125732,0.14111800491809845,4210.57861328125,0.115727998316288,3.099999958067201e-05,680.4213256835938
2024-04-01 00:00:00+00:00,69702.1484375,3505.030029296875,576.3966674804688,0.6112579703330994,0.6216840147972107,192.5678253173828,0.20556999742984772,0.12059099972248077,2.9781200885772705,0.9512689709663391,9.16106128692627,99.3753433227539,51.45050048828125,1.0002319812774658,18.38026237487793,6.082192897796631,0.13570000231266022,4063.40673828125,0.10998699814081192,2.9000000722589903e-05,649.0584106445312
2024-04-02 00:00:00+00:00,65446.97265625,3277.234619140625,550.6814575195312,0.5854660272598267,0.5809869766235352,181.17225646972656,0.1823039948940277,0.1166829988360405,2.6009440422058105,0.8998749852180481,8.57861328125,106.81754302978516,46.820255279541016,0.9999650120735168,17.963333129882812,6.048721790313721,0.12866100668907166,3806.5537109375,0.10360199958086014,2.5999999706982635e-05,639.1395263671875
2024-04-03 00:00:00+00:00,65980.8125,3311.44189453125,562.0196533203125,0.5749170184135437,0.5712779760360718,185.2486114501953,0.17554700374603271,0.11726099997758865,2.755702018737793,0.8955680131912231,8.433554649353027,98.57223510742188,45.94569778442383,1.0000239610671997,17.706615447998047,5.819371223449707,0.12640100717544556,3846.466552734375,0.10271699726581573,2.5999999706982635e-05,594.6307983398438
2024-04-04 00:00:00+00:00,68508.84375,3330.04052734375,585.4415283203125,0.5936560034751892,0.582955002784729,183.95811462402344,0.17992599308490753,0.1191760003566742,2.991586923599243,0.9054459929466248,8.490893363952637,98.40848541259766,46.506927490234375,1.0000319480895996,17.793916702270508,5.580773830413818,0.12888799607753754,3856.53466796875,0.10518600046634674,2.8000000384054147e-05,668.4983520507812
2024-04-05 00:00:00+00:00,67837.640625,3318.88525390625,578.9669189453125,0.5875229835510254,0.5748339891433716,174.5015106201172,0.17751799523830414,0.11796600371599197,3.0839169025421143,0.884896993637085,8.38903522491455,98.04344940185547,45.38042449951172,1.0000449419021606,17.347497940063477,5.761575222015381,0.1275320053100586,3856.486572265625,0.10462299734354019,2.700000004551839e-05,657.8128662109375
2024-04-06 00:00:00+00:00,68896.109375,3354.183837890625,585.966796875,0.5933399796485901,0.5843380093574524,178.91534423828125,0.18595099449157715,0.11965300142765045,3.1078059673309326,0.8976100087165833,8.494186401367188,101.50172424316406,48.19573974609375,0.9998800158500671,17.57422637939453,5.754439830780029,0.1292410045862198,3897.355712890625,0.10600700229406357,2.700000004551839e-05,695.160400390625
2024-04-07 00:00:00+00:00,69362.5546875,3453.49462890625,584.1021728515625,0.59483402967453,0.5894740223884583,179.6498565673828,0.19910800457000732,0.12054400146007538,3.5425620079040527,0.9115790128707886,8.70672607421875,101.17562866210938,49.387210845947266,0.9998540282249451,17.922143936157227,5.788168907165527,0.12933899462223053,3969.8271484375,0.10585799813270569,2.8000000384054147e-05,684.9078369140625
2024-04-08 00:00:00+00:00,71631.359375,3695.292724609375,586.9009399414062,0.6154900193214417,0.6141589879989624,180.78477478027344,0.20263999700546265,0.12301500141620636,3.717133045196533,0.9461529850959778,9.044649124145508,103.3110580444336,49.883567810058594,0.9999819993972778,18.100648880004883,5.845358848571777,0.1333550065755844,4287.15576171875,0.10948999971151352,2.9000000722589903e-05,680.6610107421875
2024-04-09 00:00:00+00:00,69139.015625,3505.163330078125,580.830322265625,0.6138169765472412,0.5918930172920227,172.4136199951172,0.18900099396705627,0.1210779994726181,3.8432741165161133,0.8975229859352112,8.660052299499512,97.49812316894531,46.47019577026367,0.9998980164527893,17.36273765563965,5.824787139892578,0.13216300308704376,4068.378662109375,0.10341499745845795,2.700000004551839e-05,672.5899047851562
2024-04-10 00:00:00+00:00,70587.8828125,3543.737060546875,610.0839233398438,0.6175609827041626,0.5862550139427185,173.43736267089844,0.19998399913311005,0.11920599639415741,2.860625982284546,0.8872600197792053,8.418901443481445,96.69976043701172,47.31169509887695,1.0001100301742554,17.42534637451172,5.966844081878662,0.12965300679206848,4099.22314453125,0.10231699794530869,2.8000000384054147e-05,629.482421875
2024-04-11 00:00:00+00:00,70060.609375,3505.247802734375,604.893798828125,0.6088799834251404,0.5861909985542297,172.5763702392578,0.19401100277900696,0.1204029992222786,3.3329410552978516,0.8783450126647949,8.379441261291504,98.68910217285156,46.05759811401367,1.000087022781372,17.550020217895508,5.809366226196289,0.13030000030994415,4072.497802734375,0.09991499781608582,2.8000000384054147e-05,614.3172607421875
2024-04-12 00:00:00+00:00,67195.8671875,3243.034912109375,596.380126953125,0.5484139919281006,0.5035750269889832,153.63546752929688,0.17459699511528015,0.11488000303506851,2.8018200397491455,0.7666569948196411,7.2410888671875,86.26956939697266,39.41774368286133,0.9998990297317505,15.157100677490234,5.790128231048584,0.11529900133609772,3747.402099609375,0.08771099895238876,2.499999936844688e-05,534.7660522460938
2024-04-13 00:00:00+00:00,63821.47265625,3004.900390625,554.2998046875,0.4808189868927002,0.4479080140590668,139.34169006347656,0.1531679928302765,0.11030299961566925,2.643760919570923,0.6551060080528259,6.417977809906006,77.60658264160156,34.07841110229492,1.000100016593933,13.3458251953125,5.8074798583984375,0.1056860014796257,3509.793701171875,0.07886400073766708,2.099999983329326e-05,481.4837646484375
2024-04-14 00:00:00+00:00,65738.7265625,3156.94189453125,567.2184448242188,0.5042579770088196,0.46891099214553833,151.28494262695312,0.1622850000858307,0.11259199678897858,2.465029001235962,0.7121890187263489,6.8693461418151855,79.9143295288086,37.316444396972656,1.000249981880188,14.119750022888184,6.002523899078369,0.11076299846172333,3665.946044921875,0.08361099660396576,2.300000051036477e-05,527.90087890625
2024-04-15 00:00:00+00:00,63426.2109375,3101.600341796875,552.87451171875,0.4977310001850128,0.46079498529434204,138.5086212158203,0.16136899590492249,0.11152999848127365,2.3672969341278076,0.7077500224113464,6.712531089782715,78.07315063476562,35.157203674316406,0.9999330043792725,13.582572937011719,5.920841217041016,0.10762500017881393,3605.697021484375,0.07953000068664551,2.2000000171829015e-05,507.9172058105469
2024-04-16 00:00:00+00:00,63811.86328125,3084.920166015625,537.829345703125,0.49669501185417175,0.45860499143600464,136.27932739257812,0.15598900616168976,0.11182499676942825,2.525378942489624,0.7031580209732056,6.700047016143799,79.92219543457031,34.76621627807617,1.000040054321289,13.488032341003418,5.883297920227051,0.10960599780082703,3584.171630859375,0.07988999783992767,2.300000051036477e-05,487.4125671386719
2024-04-17 00:00:00+00:00,61276.69140625,2984.7275390625,534.416015625,0.4948410093784332,0.4442949891090393,131.86618041992188,0.14760500192642212,0.10973700135946274,2.2453830242156982,0.66805100440979,6.57962703704834,80.16748046875,33.54623794555664,0.9999729990959167,13.135204315185547,5.844476222991943,0.10755299776792526,3477.0546875,0.07811299711465836,2.2000000171829015e-05,463.61480712890625
2024-04-18 00:00:00+00:00,63512.75390625,3066.027587890625,552.172119140625,0.5029829740524292,0.45814400911331177,142.0823974609375,0.15244799852371216,0.10932900011539459,2.3586349487304688,0.6764140129089355,6.785522937774658,80.79938507080078,34.85084533691406,1.0000289678573608,13.89305305480957,5.854694843292236,0.11050999909639359,3562.7763671875,0.08230199664831161,2.300000051036477e-05,483.3103332519531
2024-04-19 00:00:00+00:00,63843.5703125,3059.278564453125,554.8892822265625,0.503786027431488,0.46878400444984436,142.6804962158203,0.15626800060272217,0.10994800180196762,2.433100938796997,0.6736869812011719,6.687657833099365,80.9097900390625,34.72248077392578,1.0001519918441772,13.966599464416504,5.835432052612305,0.11185599863529205,3553.547607421875,0.08050400018692017,2.300000051036477e-05,477.1127624511719
2024-04-20 00:00:00+00:00,64994.44140625,3157.627197265625,570.9605102539062,0.5292930006980896,0.5059080123901367,151.13356018066406,0.1628270000219345,0.11112000048160553,2.3323609828948975,0.7381590008735657,7.234262943267822,85.092041015625,38.301055908203125,1.0002059936523438,14.964591979980469,5.7627081871032715,0.11590699851512909,3666.546875,0.08689799904823303,2.5999999706982635e-05,515.57373046875
2024-04-21 00:00:00+00:00,64926.64453125,3147.28857421875,579.6199340820312,0.5246800184249878,0.4992919862270355,148.60931396484375,0.15826000273227692,0.11134699732065201,2.3329319953918457,0.7133960127830505,7.135028839111328,84.16567993164062,37.11705017089844,1.000169038772583,15.080411911010742,5.761652946472168,0.11385499686002731,3662.97607421875,0.08877699822187424,2.5999999706982635e-05,502.52093505859375
2024-04-22 00:00:00+00:00,66837.6796875,3201.652099609375,605.5755004882812,0.556833028793335,0.516884982585907,157.03121948242188,0.16119399666786194,0.11229000240564346,2.327054977416992,0.7430099844932556,7.477910995483398,85.4677963256836,39.22599411010742,1.0001360177993774,15.465097427368164,5.757693767547607,0.1182280033826828,3723.74462890625,0.09041199833154678,2.700000004551839e-05,522.2345581054688
2024-04-23 00:00:00+00:00,66407.2734375,3219.91162109375,606.8406372070312,0.5451589822769165,0.5001959800720215,154.70130920410156,0.15994399785995483,0.1132730022072792,2.4179160594940186,0.7284430265426636,7.244586944580078,85.10800170898438,38.2866096496582,0.9999899864196777,15.196627616882324,5.761991024017334,0.11740899831056595,3737.920166015625,0.15649199485778809,2.700000004551839e-05,505.4361267089844
2024-04-24 00:00:00+00:00,64276.8984375,3139.80517578125,608.0861206054688,0.5274040102958679,0.4749099910259247,147.74514770507812,0.15135399997234344,0.11322399973869324,2.4015400409698486,0.7047240138053894,6.930154800415039,83.16317749023438,36.368186950683594,0.9999780058860779,14.537848472595215,5.76961612701416,0.11446800082921982,3646.669677734375,0.12461300194263458,2.5999999706982635e-05,479.0196533203125
2024-04-25 00:00:00+00:00,64481.70703125,3156.509521484375,614.0050048828125,0.5255119800567627,0.47102001309394836,144.89212036132812,0.15139399468898773,0.11722800135612488,2.202578067779541,0.7205119729042053,6.862369060516357,83.79810333251953,35.58365249633789,0.999966025352478,14.599360466003418,5.839910984039307,0.11374899744987488,3675.96044921875,0.1196729987859726,2.5999999706982635e-05,478.7244567871094
2024-04-26 00:00:00+00:00,63755.3203125,3130.164794921875,597.7054443359375,0.5261120200157166,0.46272900700569153,139.10433959960938,0.14783699810504913,0.12005499750375748,2.5543479919433594,0.7026849985122681,6.758216857910156,87.99208068847656,34.40515899658203,0.9999250173568726,14.480972290039062,5.765367031097412,0.11400599777698517,3643.348388671875,0.11091899871826172,2.499999936844688e-05,482.4371032714844
2024-04-27 00:00:00+00:00,63419.140625,3252.168212890625,595.7205200195312,0.5177749991416931,0.46703198552131653,141.28916931152344,0.1477160006761551,0.11977600306272507,2.244874954223633,0.7321799993515015,6.798635005950928,83.88262939453125,34.43024826049805,0.9997959733009338,14.252129554748535,5.814377784729004,0.1143919974565506,3775.05908203125,0.10648100078105927,2.499999936844688e-05,477.4198303222656
2024-04-28 00:00:00+00:00,63113.23046875,3262.774658203125,600.0711669921875,0.5103769898414612,0.46047401428222656,137.85641479492188,0.146698996424675,0.12134400010108948,2.2237749099731445,0.7214099764823914,6.723606109619141,83.95203399658203,33.93898010253906,1.000054955482483,13.808069229125977,5.76855993270874,0.11228600144386292,3821.5732421875,0.10352800041437149,2.4000000848900527e-05,470.62127685546875
2024-04-29 00:00:00+00:00,63841.12109375,3215.428955078125,592.8312377929688,0.5154320001602173,0.4573650062084198,137.7766571044922,0.14349199831485748,0.1190359964966774,2.3314669132232666,0.7048190236091614,6.591732978820801,83.51525115966797,35.364253997802734,1.0002130270004272,14.073784828186035,5.857888221740723,0.11208800226449966,3724.08251953125,0.10325399786233902,2.4000000848900527e-05,465.6100158691406
2024-04-30 00:00:00+00:00,60636.85546875,3012.286865234375,578.488037109375,0.50006502866745,0.44081199169158936,126.96270751953125,0.13332700729370117,0.11946699768304825,2.1855239868164062,0.6670529842376709,6.422237873077393,79.49531555175781,32.706424713134766,0.9998909831047058,13.13352108001709,5.8299689292907715,0.10771500319242477,3492.162109375,0.09366399794816971,2.2000000171829015e-05,434.15716552734375
2024-05-01 00:00:00+00:00,58254.01171875,2969.78466796875,561.408203125,0.5170000195503235,0.44986599683761597,134.6279754638672,0.1301340013742447,0.12032999843358994,2.1568500995635986,0.6917039752006531,6.883042812347412,80.09586334228516,33.28810119628906,0.9997550249099731,13.344388008117676,5.859118938446045,0.11103499680757523,3448.018798828125,0.09975799918174744,2.300000051036477e-05,424.03863525390625
2024-05-02 00:00:00+00:00,59123.43359375,2988.16845703125,560.5267333984375,0.5183290243148804,0.4582819938659668,137.81448364257812,0.1321060061454773,0.12229199707508087,2.377465009689331,0.720395028591156,7.285116195678711,80.12277221679688,33.61256408691406,1.0001399517059326,13.59581470489502,5.946628093719482,0.11035999655723572,3484.9716796875,0.10040199756622314,2.300000051036477e-05,429.9698486328125
2024-05-03 00:00:00+00:00,62889.8359375,3103.5419921875,587.0104370117188,0.5318940281867981,0.46754398941993713,143.77255249023438,0.1461459994316101,0.12276600301265717,2.2419519424438477,0.7328510284423828,7.255101203918457,81.93013763427734,35.584896087646484,1.0004839897155762,14.109475135803223,5.857168197631836,0.1117819994688034,3618.671875,0.11143700033426285,2.4000000848900527e-05,453.3455505371094
2024-05-04 00:00:00+00:00,63891.47265625,3117.576416015625,585.8465576171875,0.5304049849510193,0.463577002286911,146.1350555419922,0.1601569950580597,0.12232200056314468,2.2123379707336426,0.7292919754981995,7.1270599365234375,81.6870346069336,37.36183166503906,1.000080943107605,14.31827163696289,5.819320201873779,0.11100800335407257,3633.56640625,0.10888099670410156,2.499999936844688e-05,463.5088195800781
2024-05-05 00:00:00+00:00,64031.1328125,3137.2490234375,592.140380859375,0.5297840237617493,0.4583339989185333,145.71302795410156,0.16106800734996796,0.12111099809408188,2.219665050506592,0.7341780066490173,7.306784152984619,81.37557220458984,37.401939392089844,1.0001300573349,14.375481605529785,5.832393169403076,0.11096200346946716,3654.896240234375,0.1103219985961914,2.499999936844688e-05,469.2642822265625
2024-05-06 00:00:00+00:00,63161.94921875,3062.728759765625,588.4759521484375,0.5405470132827759,0.4542880058288574,152.80239868164062,0.1566080003976822,0.11867400258779526,2.3614230155944824,0.7105969786643982,7.122262001037598,80.78765106201172,37.138362884521484,1.00006902217865,14.50192928314209,5.819262981414795,0.1098489984869957,3579.996337890625,0.1140419989824295,2.4000000848900527e-05,473.3588562011719
2024-05-07 00:00:00+00:00,62334.81640625,3006.5771484375,577.4862060546875,0.5247439742088318,0.4418730139732361,148.1343231201172,0.15018999576568604,0.12062299996614456,2.191622018814087,0.6935549974441528,6.996738910675049,80.81792449951172,35.341732025146484,1.0000890493392944,14.01184368133545,5.8616838455200195,0.10808700323104858,3532.712158203125,0.10789000242948532,2.300000051036477e-05,471.1045837402344
2024-05-08 00:00:00+00:00,61187.94140625,2973.6572265625,588.1974487304688,0.5172299742698669,0.45255300402641296,142.29473876953125,0.14329400658607483,0.12287800014019012,2.129302978515625,0.6815400123596191,6.990118980407715,81.6363525390625,34.04719924926758,0.999871015548706,13.899291038513184,5.912898063659668,0.10739299654960632,3460.035888671875,0.10610499978065491,2.300000051036477e-05,448.20367431640625
2024-05-09 00:00:00+00:00,63049.9609375,3036.0205078125,596.031982421875,0.521028995513916,0.4635010063648224,152.84994506835938,0.15211699903011322,0.12619300186634064,2.407396078109741,0.6945729851722717,7.050119876861572,83.05622100830078,35.08065414428711,1.0000629425048828,14.23800277709961,5.84215784072876,0.10845000296831131,3533.891357421875,0.1106489971280098,2.300000051036477e-05,454.960693359375
2024-05-10 00:00:00+00:00,60792.77734375,2909.791259765625,585.6221923828125,0.5023379921913147,0.4482499957084656,146.21690368652344,0.14403100311756134,0.12736600637435913,2.1135799884796143,0.6718149781227112,6.749961853027344,80.2269287109375,33.71251678466797,0.9999030232429504,13.568572998046875,5.930592060089111,0.10634700208902359,3383.5419921875,0.1057479977607727,2.2000000171829015e-05,426.7308654785156
2024-05-11 00:00:00+00:00,60793.7109375,2911.60205078125,592.0278930664062,0.5059750080108643,0.4388760030269623,145.3143768310547,0.1429239958524704,0.12639200687408447,2.2390100955963135,0.6755610108375549,6.6592278480529785,81.34529876708984,33.479148864746094,0.9999110102653503,13.301305770874023,5.943505764007568,0.10582900047302246,3399.405517578125,0.10662700235843658,2.2000000171829015e-05,429.4651794433594
2024-05-12 00:00:00+00:00,61448.39453125,2928.701904296875,594.424560546875,0.49947500228881836,0.4376530051231384,143.52081298828125,0.1412310004234314,0.12731699645519257,2.3016180992126465,0.6709929704666138,6.6203789710998535,81.38278198242188,33.167240142822266,0.9998080134391785,13.546971321105957,5.89762020111084,0.10465600341558456,3413.48681640625,0.10856900364160538,2.2000000171829015e-05,433.1579284667969
2024-05-13 00:00:00+00:00,62901.44921875,2949.359619140625,591.60693359375,0.5049020051956177,0.43654000759124756,147.28233337402344,0.14843399822711945,0.12566199898719788,2.421734094619751,0.663112998008728,6.665497779846191,80.6013412475586,32.421722412109375,0.9999960064888,13.378436088562012,5.906760215759277,0.10394000262022018,3438.044189453125,0.10754100233316422,2.300000051036477e-05,437.3409423828125
2024-05-14 00:00:00+00:00,61552.7890625,2881.157958984375,566.70703125,0.49988698959350586,0.42806899547576904,142.0303955078125,0.14541900157928467,0.1253879964351654,2.0233969688415527,0.6490949988365173,6.4789018630981445,78.73124694824219,31.568510055541992,0.9998840093612671,12.975332260131836,5.935337066650391,0.1018500030040741,3367.268310546875,0.10521499812602997,2.300000051036477e-05,428.7911071777344
2024-05-15 00:00:00+00:00,66267.4921875,3037.056640625,582.0743408203125,0.5190039873123169,0.45298799872398376,158.18682861328125,0.15552599728107452,0.12640699744224548,2.107635974884033,0.6867009997367859,6.963479995727539,82.5345230102539,34.67960739135742,0.9999390244483948,13.888160705566406,5.971559047698975,0.10679999738931656,3525.10009765625,0.11099199950695038,2.499999936844688e-05,464.11572265625
2024-05-16 00:00:00+00:00,65231.58203125,2945.131103515625,569.1902465820312,0.5156980156898499,0.4596950113773346,159.116455078125,0.14963699877262115,0.1250230073928833,2.0940349102020264,0.6943410038948059,7.029125213623047,82.45768737792969,34.46154022216797,0.9999079704284668,15.509692192077637,5.905004978179932,0.10669299960136414,3427.347412109375,0.11233499646186829,2.499999936844688e-05,444.84912109375
2024-05-17 00:00:00+00:00,67051.875,3094.11865234375,581.1783447265625,0.5238040089607239,0.4819999933242798,169.53054809570312,0.15556299686431885,0.12441100180149078,2.133765935897827,0.7137770056724548,7.196755886077881,84.18548583984375,36.423484802246094,1.0000540018081665,16.252931594848633,5.912810802459717,0.10881000012159348,3599.86474609375,0.11492999643087387,2.499999936844688e-05,466.2641296386719
2024-05-18 00:00:00+00:00,66940.8046875,3122.948974609375,580.4811401367188,0.5213900208473206,0.48240798711776733,172.5391387939453,0.15307700634002686,0.12307099997997284,2.1182849407196045,0.7095249891281128,7.161952972412109,83.86661529541016,37.268310546875,1.0000280141830444,16.31100845336914,5.885889053344727,0.10812000185251236,3636.71337890625,0.11465000361204147,2.499999936844688e-05,475.79290771484375
2024-05-19 00:00:00+00:00,66278.3671875,3071.843017578125,574.6316528320312,0.5096610188484192,0.467602014541626,170.0913543701172,0.14910699427127838,0.12119600176811218,2.0577540397644043,0.6833130121231079,6.937534809112549,82.2212142944336,35.621829986572266,0.9998859763145447,16.581558227539062,5.907751083374023,0.10559800267219543,3585.01708984375,0.11096300184726715,2.4000000848900527e-05,484.9183044433594
2024-05-20 00:00:00+00:00,71448.1953125,3663.85546875,600.6163330078125,0.5373330116271973,0.5017579793930054,186.52049255371094,0.16568799316883087,0.12444700300693512,2.1318719387054443,0.7504410147666931,7.5750298500061035,88.60094451904297,40.13941955566406,0.9999150037765503,17.277952194213867,5.982669830322266,0.1122720018029213,4248.64453125,0.11757399886846542,2.5999999706982635e-05,516.750732421875
2024-05-21 00:00:00+00:00,70136.53125,3789.312744140625,618.4204711914062,0.5369830131530762,0.4947740137577057,178.11614990234375,0.17047399282455444,0.12364300340414047,2.1342389583587646,0.7291880249977112,7.613661766052246,88.21318054199219,41.16374206542969,0.9999099969863892,16.735185623168945,5.995335102081299,0.11223699897527695,4401.74462890625,0.11507300287485123,2.5999999706982635e-05,515.1150512695312
2024-05-22 00:00:00+00:00,69122.3359375,3737.2177734375,614.671875,0.5265100002288818,0.48312699794769287,176.86077880859375,0.16616299748420715,0.12009599804878235,2.0953869819641113,0.7229470014572144,7.454471111297607,85.71488189697266,39.992427825927734,0.9998549818992615,16.347694396972656,5.9813737869262695,0.11061199754476547,4368.62255859375,0.11324799805879593,2.499999936844688e-05,498.79437255859375
2024-05-23 00:00:00+00:00,67929.5625,3776.92724609375,598.6708374023438,0.5282859802246094,0.46533000469207764,175.98577880859375,0.1596129983663559,0.11522500216960907,2.085089921951294,0.7421929836273193,7.200774192810059,85.41560363769531,38.508544921875,0.9998229742050171,16.605215072631836,5.99184513092041,0.1090800017118454,4400.1396484375,0.10881400108337402,2.499999936844688e-05,490.9042053222656
2024-05-24 00:00:00+00:00,68526.1015625,3726.9345703125,600.2258911132812,0.5357530117034912,0.4594939947128296,167.7969207763672,0.16380299627780914,0.1154559999704361,2.083034038543701,0.7232660055160522,7.244290828704834,84.98160552978516,37.99346923828125,0.9998670220375061,17.247709274291992,5.990190029144287,0.11021599918603897,4355.759765625,0.10794799774885178,2.4000000848900527e-05,494.8669128417969
2024-05-25 00:00:00+00:00,69265.9453125,3749.236572265625,602.1944580078125,0.5418090224266052,0.4620720148086548,168.43763732910156,0.17396000027656555,0.11378300189971924,2.1182169914245605,0.7296890020370483,7.42813777923584,84.9808578491211,38.287784576416016,1.0000059604644775,17.441204071044922,5.972702980041504,0.11091200262308121,4372.80126953125,0.10852599889039993,2.499999936844688e-05,493.4154052734375
2024-05-26 00:00:00+00:00,68518.09375,3825.8974609375,599.825927734375,0.5282109975814819,0.4583750069141388,163.3509063720703,0.16621999442577362,0.11308900266885757,2.100651979446411,0.7160710096359253,7.547234058380127,83.8999252319336,36.752044677734375,0.9998819828033447,17.046470642089844,5.9491119384765625,0.10868600010871887,4477.130859375,0.10676699876785278,2.4000000848900527e-05,483.971435546875
2024-05-27 00:00:00+00:00,69394.5546875,3892.0068359375,603.5264282226562,0.5337719917297363,0.46796301007270813,169.9961395263672,0.16909000277519226,0.112466000020504,2.133791923522949,0.7436180114746094,7.628291130065918,85.2121810913086,38.234317779541016,0.9997900128364563,18.778060913085938,5.947266101837158,0.11044999957084656,4550.50634765625,0.10674300044775009,2.5999999706982635e-05,489.1649169921875
2024-05-28 00:00:00+00:00,68296.21875,3840.25634765625,601.2132568359375,0.5282350182533264,0.45699000358581543,168.65084838867188,0.16496199369430542,0.11110199987888336,2.0897810459136963,0.7316550016403198,7.367073059082031,83.3997802734375,36.99539566040039,0.9997590184211731,18.52767562866211,5.977283000946045,0.10778599977493286,4488.49072265625,0.10434100031852722,2.700000004551839e-05,470.170166015625
2024-05-29 00:00:00+00:00,67578.09375,3763.196533203125,594.9720458984375,0.523248016834259,0.45099499821662903,168.0726776123047,0.16369499266147614,0.11194799840450287,2.06358003616333,0.7139800190925598,7.172421932220459,83.48149871826172,36.136924743652344,0.9997659921646118,18.452091217041016,5.949834823608398,0.10659199953079224,4395.7138671875,0.10309399664402008,2.8000000384054147e-05,465.5042724609375
2024-05-30 00:00:00+00:00,68364.9921875,3746.849609375,595.0267944335938,0.5188609957695007,0.44658100605010986,166.97653198242188,0.15954400599002838,0.11201299726963043,2.005268096923828,0.6964349746704102,6.997859954833984,84.41934967041016,35.98757553100586,1.000108003616333,17.944950103759766,5.9537858963012695,0.10677800327539444,4379.435546875,0.10064300149679184,2.5999999706982635e-05,465.2304992675781
2024-05-31 00:00:00+00:00,67491.4140625,3760.026611328125,593.5223388671875,0.517799973487854,0.44746100902557373,165.63771057128906,0.15913599729537964,0.11207299679517746,1.9861780405044556,0.6946210265159607,6.987146854400635,83.23851776123047,36.05586242675781,0.999875009059906,18.422332763671875,5.940389156341553,0.10636299848556519,4397.51708984375,0.10017900168895721,2.499999936844688e-05,454.9013671875
2024-06-01 00:00:00+00:00,67706.9375,3813.198974609375,601.30419921875,0.5183129906654358,0.44997501373291016,166.03067016601562,0.16019999980926514,0.11247800290584564,1.9911140203475952,0.6983609795570374,7.058611869812012,83.43401336669922,35.76011276245117,0.9999650120735168,18.41452407836914,5.939795017242432,0.10631799697875977,4447.99853515625,0.09991999715566635,2.499999936844688e-05,463.0711975097656
2024-06-02 00:00:00+00:00,67751.6015625,3780.89599609375,603.026611328125,0.5134819746017456,0.4464940130710602,163.24990844726562,0.15720100700855255,0.11472199857234955,1.9622340202331543,0.6899340152740479,6.989039897918701,83.05375671386719,34.932491302490234,0.9998570084571838,18.148576736450195,5.9295501708984375,0.10519800335168839,4415.73291015625,0.09919700026512146,2.499999936844688e-05,458.3445739746094
2024-06-03 00:00:00+00:00,68804.78125,3766.38916015625,626.4329833984375,0.5200999975204468,0.45703598856925964,164.9234619140625,0.15828199684619904,0.11343400180339813,1.871994972229004,0.7044399976730347,7.010249137878418,82.7983627319336,35.04046630859375,1.0000460147857666,17.613609313964844,5.95606803894043,0.10532700270414352,4403.34033203125,0.10135900229215622,2.4000000848900527e-05,464.8462829589844
2024-06-04 00:00:00+00:00,70567.765625,3812.515869140625,686.201416015625,0.5257650017738342,0.46148499846458435,171.8019256591797,0.16144999861717224,0.11447300016880035,1.8917230367660522,0.7151550054550171,7.187405109405518,83.65545654296875,36.07328796386719,1.0003269910812378,17.72248077392578,5.9479780197143555,0.10642900317907333,4453.1748046875,0.10246499627828598,2.499999936844688e-05,477.09332275390625
2024-06-05 00:00:00+00:00,71082.8203125,3864.260986328125,698.889404296875,0.5257109999656677,0.46117499470710754,173.48291015625,0.16323499381542206,0.11463599652051926,1.9039419889450073,0.7246729731559753,7.248727798461914,85.41313171386719,36.52158737182617,1.0000829696655273,17.738054275512695,6.027651786804199,0.10697200149297714,4491.501953125,0.10445400327444077,2.5999999706982635e-05,495.13134765625
2024-06-06 00:00:00+00:00,70757.1640625,3811.60595703125,710.4640502929688,0.5215780138969421,0.4581019878387451,170.01622009277344,0.16015900671482086,0.11474800109863281,1.8715169429779053,0.7255949974060059,7.142014026641846,84.18112182617188,35.91181564331055,0.9997439980506897,17.268896102905273,6.004745960235596,0.1052820011973381,4450.5947265625,0.10141599923372269,2.499999936844688e-05,495.8234558105469
2024-06-07 00:00:00+00:00,69342.5859375,3678.629150390625,683.3609619140625,0.4989509880542755,0.44964298605918884,162.50704956054688,0.14830300211906433,0.11271099746227264,1.8260300159454346,0.6670889854431152,6.657766819000244,80.08868408203125,33.507789611816406,0.999983012676239,16.32770347595215,6.0162577629089355,0.10026100277900696,4304.828125,0.09400700032711029,2.4000000848900527e-05,478.025146484375
2024-06-08 00:00:00+00:00,69305.7734375,3680.949951171875,682.6651611328125,0.4931449890136719,0.43657100200653076,157.96890258789062,0.14605900645256042,0.11475600302219391,1.7193119525909424,0.6498820185661316,6.388423919677734,79.99410247802734,32.29003143310547,0.9998689889907837,15.944519996643066,5.790297031402588,0.09827399998903275,4297.62744140625,0.0903329998254776,2.300000051036477e-05,469.8932189941406
2024-06-09 00:00:00+00:00,69647.9921875,3705.90380859375,673.3153076171875,0.49858298897743225,0.44410601258277893,162.08360290527344,0.14677399396896362,0.11688199639320374,1.7064690589904785,0.6550769805908203,6.522762775421143,80.51000213623047,32.96836853027344,0.9998949766159058,16.357593536376953,5.8229451179504395,0.0998150035738945,4321.37548828125,0.09144199639558792,2.300000051036477e-05,474.4519348144531
2024-06-10 00:00:00+00:00,69512.28125,3666.717529296875,624.3868408203125,0.4966279864311218,0.44046100974082947,158.9280242919922,0.1447400003671646,0.11760800331830978,1.7630540132522583,0.6498000025749207,6.507446765899658,79.60232543945312,32.274227142333984,0.9998499751091003,15.89479923248291,5.852809906005859,0.09996899962425232,4286.728515625,0.08911299705505371,2.300000051036477e-05,468.92254638671875
2024-06-11 00:00:00+00:00,67332.03125,3498.33056640625,602.55810546875,0.480320006608963,0.4218910038471222,149.42898559570312,0.13810400664806366,0.11653400212526321,1.6764529943466187,0.6175389885902405,6.379897117614746,77.28195190429688,31.541475296020508,1.0000109672546387,14.996339797973633,5.915126800537109,0.09674900025129318,4083.625,0.08735600113868713,2.2000000171829015e-05,446.39678955078125
2024-06-12 00:00:00+00:00,68241.1875,3559.61767578125,619.19482421875,0.49154001474380493,0.4377959966659546,155.1775665283203,0.14619599282741547,0.1164499968290329,1.6913930177688599,0.6441259980201721,6.7417168617248535,78.46941375732422,33.27341079711914,1.0000189542770386,16.001293182373047,5.921640872955322,0.10010900348424911,4158.79248046875,0.09174399822950363,2.2000000171829015e-05,454.10943603515625
2024-06-13 00:00:00+00:00,66756.3984375,3469.28125,599.5150756835938,0.4770050048828125,0.4211849868297577,147.31442260742188,0.1410599946975708,0.11687500029802322,1.659891963005066,0.6045659780502319,6.360072135925293,79.14324188232422,30.98321533203125,0.9998360276222229,15.136268615722656,5.587964057922363,0.09748099744319916,4056.41064453125,0.08831699937582016,2.099999983329326e-05,431.5286560058594
2024-06-14 00:00:00+00:00,66011.09375,3480.27197265625,603.1805419921875,0.47427499294281006,0.41168299317359924,143.0944366455078,0.13496999442577362,0.11641199886798859,1.6005510091781616,0.5912389755249023,6.162761211395264,77.54237365722656,30.291038513183594,0.9998559951782227,14.741475105285645,5.541446208953857,0.09677399694919586,4067.946044921875,0.08632899820804596,1.9999999494757503e-05,422.8840637207031
2024-06-15 00:00:00+00:00,66191.0,3565.549560546875,607.8029174804688,0.49069100618362427,0.41369500756263733,145.41221618652344,0.13656599819660187,0.11524699628353119,1.596904993057251,0.6171119809150696,6.221013069152832,79.19642639160156,29.987537384033203,0.9998630285263062,14.858819961547852,5.747426986694336,0.09823700040578842,4161.822265625,0.08480700105428696,2.099999983329326e-05,429.7106628417969
2024-06-16 00:00:00+00:00,66639.046875,3620.5634765625,610.0540161132812,0.4888319969177246,0.41637900471687317,151.12550354003906,0.1369370073080063,0.11724500358104706,1.4617400169372559,0.6190469861030579,6.388068199157715,78.90593719482422,30.038869857788086,1.0000269412994385,15.126066207885742,5.890728950500488,0.09899500012397766,4222.64990234375,0.08633600175380707,2.099999983329326e-05,428.1529846191406
2024-06-17 00:00:00+00:00,66490.296875,3511.37890625,604.4673461914062,0.5051599740982056,0.40175798535346985,143.3342742919922,0.12888899445533752,0.11680500209331512,1.231958031654358,0.5842499732971191,6.073915004730225,76.62609100341797,28.480154037475586,1.0000009536743164,14.534425735473633,5.72913122177124,0.09691199660301208,4123.26123046875,0.08019699901342392,1.8999999156221747e-05,420.2284851074219
2024-06-18 00:00:00+00:00,65140.74609375,3483.681396484375,588.7020874023438,0.49094799160957336,0.3835799992084503,137.50399780273438,0.12229599803686142,0.11538700014352798,1.144516944885254,0.5571900010108948,5.775650978088379,72.61646270751953,26.618864059448242,0.9999449849128723,13.96777057647705,5.735969066619873,0.09137199819087982,4063.096435546875,0.07772199809551239,1.8000000636675395e-05,389.31488037109375
2024-06-19 00:00:00+00:00,64960.296875,3559.347412109375,598.771728515625,0.49324101209640503,0.3837909996509552,135.60960388183594,0.12234099954366684,0.1157900020480156,1.1689950227737427,0.5761989951133728,5.7942118644714355,73.7035140991211,26.89194107055664,1.0000660419464111,14.334752082824707,5.726990222930908,0.09330499917268753,4163.71923828125,0.08047699928283691,1.8000000636675395e-05,388.6602783203125
2024-06-20 00:00:00+00:00,64828.65625,3511.0869140625,587.107177734375,0.4887160062789917,0.38424399495124817,133.47296142578125,0.12441900372505188,0.11670699715614319,1.1726640462875366,0.5734109878540039,5.640769004821777,74.7087631225586,27.544408798217773,0.9999690055847168,14.259183883666992,5.702874183654785,0.0939129963517189,4113.7978515625,0.08032400161027908,1.8000000636675395e-05,389.8619384765625
2024-06-21 00:00:00+00:00,64096.19921875,3516.07568359375,585.9119262695312,0.4889560043811798,0.37605199217796326,134.5883026123047,0.1240290030837059,0.11826500296592712,1.1479790210723877,0.5684509873390198,5.611062049865723,74.11437225341797,27.450439453125,1.0001200437545776,13.862212181091309,5.732471942901611,0.09203100204467773,4114.365234375,0.07869499921798706,1.8000000636675395e-05,382.8753356933594
2024-06-22 00:00:00+00:00,64252.578125,3494.8134765625,590.7633666992188,0.4866209924221039,0.38481199741363525,133.6702423095703,0.1237889975309372,0.1196030005812645,1.192605972290039,0.5710170269012451,5.747869968414307,74.54924774169922,25.6173152923584,1.0001239776611328,13.48008918762207,5.749390125274658,0.09084100276231766,4091.072021484375,0.07785499840974808,1.8000000636675395e-05,392.1610412597656
2024-06-23 00:00:00+00:00,63180.796875,3418.61181640625,577.2108764648438,0.4794889986515045,0.3803029954433441,128.59042358398438,0.12225700169801712,0.119159996509552,1.1436680555343628,0.5612980127334595,5.64489221572876,73.380126953125,25.05120277404785,0.9998990297317505,13.177005767822266,5.7477850914001465,0.08954700082540512,4033.463134765625,0.07621099799871445,1.8000000636675395e-05,381.1669616699219
2024-06-24 00:00:00+00:00,60277.4140625,3350.25634765625,567.578125,0.47414299845695496,0.3777649998664856,132.24139404296875,0.11904300004243851,0.11902400106191635,1.1270020008087158,0.5610669851303101,5.724685192108154,69.6898193359375,24.831315994262695,0.9999110102653503,13.614714622497559,5.764366149902344,0.08923599869012833,3904.3642578125,0.07753700017929077,1.700000029813964e-05,363.9482727050781
2024-06-25 00:00:00+00:00,61804.640625,3395.029052734375,578.1034545898438,0.4756850004196167,0.3918589949607849,136.5592041015625,0.12615300714969635,0.12186399847269058,1.1991549730300903,0.5674930214881897,5.842494964599609,71.36486053466797,25.399450302124023,1.0000660419464111,14.195656776428223,5.750801086425781,0.09183800220489502,3979.301025390625,0.07874699681997299,1.8000000636675395e-05,388.6441650390625
2024-06-26 00:00:00+00:00,60811.27734375,3369.477294921875,572.4017944335938,0.46959999203681946,0.38475000858306885,136.60914611816406,0.12267900258302689,0.12249699980020523,1.1555780172348022,0.5512290000915527,5.793276786804199,70.9636001586914,25.803598403930664,0.9999240040779114,13.904292106628418,5.730030059814453,0.0901390016078949,3949.112060546875,0.07611200213432312,1.700000029813964e-05,373.6109924316406
2024-06-27 00:00:00+00:00,61604.80078125,3444.800537109375,580.7982788085938,0.47465500235557556,0.3907009959220886,149.44837951660156,0.126910999417305,0.12185300141572952,1.2070720195770264,0.5662580132484436,6.281444072723389,73.12354278564453,27.89529800415039,0.9997490048408508,14.387674331665039,5.767918109893799,0.09137500077486038,4030.78515625,0.07861900329589844,1.8000000636675395e-05,388.74249267578125
2024-06-28 00:00:00+00:00,60320.13671875,3373.635986328125,566.4644775390625,0.4708850085735321,0.38542601466178894,139.70339965820312,0.12278900295495987,0.1229730024933815,1.1945439577102661,0.551895022392273,6.174601078033447,72.76513671875,27.89578628540039,0.9998199939727783,13.75875473022461,5.728813171386719,0.0909150019288063,3949.6025390625,0.07679399847984314,1.700000029813964e-05,385.3994140625
2024-06-29 00:00:00+00:00,60887.37890625,3372.9677734375,569.127685546875,0.471994012594223,0.38396498560905457,140.01014709472656,0.12169899791479111,0.12533800303936005,1.216994047164917,0.5469800233840942,6.07234001159668,74.92382049560547,27.725507736206055,0.999779999256134,13.511537551879883,5.807672023773193,0.0900140032172203,3951.86376953125,0.07611600309610367,1.700000029813964e-05,380.4427185058594
2024-06-30 00:00:00+00:00,62678.29296875,3432.88916015625,581.7711181640625,0.4754830002784729,0.392192006111145,146.49249267578125,0.12430500239133835,0.12452699989080429,1.2115960121154785,0.559997022151947,6.208572864532471,75.27999877929688,29.360876083374023,0.9998189806938171,14.260198593139648,5.836853981018066,0.09108799695968628,4018.111328125,0.07652100175619125,1.700000029813964e-05,393.6454162597656
2024-07-01 00:00:00+00:00,62851.98046875,3440.341552734375,576.6869506835938,0.4766409993171692,0.40290701389312744,146.59506225585938,0.12344200164079666,0.12769700586795807,1.1797080039978027,0.5577690005302429,6.330221176147461,74.34024810791016,28.816137313842773,0.9999920129776001,14.327778816223145,5.780961036682129,0.091450996696949,4038.764404296875,0.0767040029168129,1.700000029813964e-05,384.1968994140625
2024-07-02 00:00:00+00:00,62029.015625,3416.354736328125,578.9810791015625,0.48451998829841614,0.4177750051021576,153.7004852294922,0.1250160038471222,0.1289830058813095,1.1834490299224854,0.5706369876861572,6.5148210525512695,75.86390686035156,28.642642974853516,0.9998040199279785,14.404244422912598,5.785345077514648,0.09350600093603134,4004.573974609375,0.0780239999294281,1.700000029813964e-05,381.79339599609375
2024-07-03 00:00:00+00:00,60173.921875,3292.916748046875,556.5777587890625,0.4667600095272064,0.4067380130290985,140.73141479492188,0.11847099661827087,0.1285579949617386,1.1457250118255615,0.5306130051612854,6.069333076477051,72.0750503540039,26.491296768188477,0.9999679923057556,13.620819091796875,5.7967400550842285,0.09031900018453598,3859.605224609375,0.07213199883699417,1.5999999959603883e-05,373.1245422363281
2024-07-04 00:00:00+00:00,56977.703125,3054.52197265625,513.9945068359375,0.43357399106025696,0.36285901069641113,127.55081939697266,0.10488700121641159,0.12719599902629852,1.050542950630188,0.4948830008506775,5.559063911437988,65.3156967163086,24.446414947509766,1.00006103515625,12.553675651550293,5.761198043823242,0.0871329978108406,3635.18017578125,0.06630799919366837,1.4999999621068127e-05,331.47320556640625
2024-07-05 00:00:00+00:00,56662.375,2981.5986328125,497.9958190917969,0.42549198865890503,0.3498849868774414,134.3693389892578,0.10559400171041489,0.12690100073814392,1.035133957862854,0.46775299310684204,5.665740966796875,61.88725662231445,25.134418487548828,1.000216007232666,12.305855751037598,5.721890926361084,0.08552200347185135,3490.321044921875,0.06711100041866302,1.4999999621068127e-05,325.8738098144531
2024-07-06 00:00:00+00:00,58303.5390625,3069.3779296875,527.6743774414062,0.44905298948287964,0.37122100591659546,143.24118041992188,0.1136149987578392,0.12992900609970093,1.0736329555511475,0.5066879987716675,6.241476058959961,65.43029022216797,27.44342613220215,1.0001150369644165,13.201163291931152,5.75053596496582,0.09057199954986572,3590.188232421875,0.07006599754095078,1.700000029813964e-05,343.05389404296875
2024-07-07 00:00:00+00:00,55849.109375,2929.38720703125,490.6131286621094,0.4198229908943176,0.34661799669265747,131.7740936279297,0.10423199832439423,0.12466699630022049,1.0300910472869873,0.47747400403022766,5.9062628746032715,62.062255859375,25.705129623413086,0.9997249841690063,12.351334571838379,5.774054050445557,0.08388999849557877,3445.62353515625,0.06456699967384338,1.5999999959603883e-05,312.7734680175781
2024-07-08 00:00:00+00:00,56705.09765625,3018.73193359375,510.6142578125,0.4314799904823303,0.3690069913864136,139.4636993408203,0.1075809970498085,0.12618300318717957,1.0537840127944946,0.501662015914917,5.9447550773620605,64.86933135986328,25.222187042236328,0.999845027923584,13.114887237548828,5.767477035522461,0.08549600094556808,3538.98193359375,0.06634700298309326,1.5999999959603883e-05,333.3305969238281
2024-07-09 00:00:00+00:00,58009.2265625,3064.032958984375,516.568115234375,0.435916006565094,0.375328004360199,141.34844970703125,0.10751300305128098,0.129940003156662,1.0963939428329468,0.5009179711341858,6.11407995223999,65.31686401367188,26.421600341796875,1.0000629425048828,12.820453643798828,5.858926773071289,0.08795499801635742,3590.563720703125,0.06778000295162201,1.5999999959603883e-05,331.0573425292969
2024-07-10 00:00:00+00:00,57742.49609375,3102.21875,524.5165405273438,0.4390380084514618,0.38883501291275024,141.97479248046875,0.10802199691534042,0.1314540058374405,1.1445180177688599,0.5129939913749695,6.098880767822266,66.93814849853516,25.76766586303711,0.9999690055847168,12.796518325805664,5.794167995452881,0.0875369980931282,3634.512939453125,0.06642799824476242,1.5999999959603883e-05,340.7474365234375
2024-07-11 00:00:00+00:00,57344.9140625,3100.330810546875,525.1380615234375,0.4490410089492798,0.39581701159477234,135.8832244873047,0.10666699707508087,0.1343899965286255,1.1076589822769165,0.49816399812698364,5.904892921447754,67.43598175048828,25.22551918029785,0.9999480247497559,12.350228309631348,5.848154067993164,0.08877500146627426,3634.645263671875,0.0656450018286705,1.5999999959603883e-05,347.4631042480469
2024-07-12 00:00:00+00:00,57899.46484375,3134.15869140625,533.75732421875,0.4747300148010254,0.4165239930152893,139.52801513671875,0.10768499970436096,0.1372770071029663,1.1744619607925415,0.5071679949760437,6.099207878112793,69.27572631835938,25.974353790283203,1.0002470016479492,12.738323211669922,5.675394058227539,0.09135899692773819,3663.20703125,0.0673229992389679,1.5999999959603883e-05,368.7078552246094
2024-07-13 00:00:00+00:00,59231.953125,3177.19873046875,532.3488159179688,0.526328980922699,0.441415011882782,141.9249725341797,0.11235599964857101,0.1394599974155426,1.171584963798523,0.5314139723777771,6.2440080642700195,69.85125732421875,25.873245239257812,1.0000280141830444,13.021286964416504,5.810534954071045,0.10244400054216385,3717.342529296875,0.07133899629116058,1.700000029813964e-05,375.97796630859375
2024-07-14 00:00:00+00:00,60787.79296875,3244.0791015625,544.8187255859375,0.52286297082901,0.43234801292419434,147.622314453125,0.11544899642467499,0.1376889944076538,1.1591830253601074,0.5307989716529846,6.328077793121338,69.96685791015625,26.36935806274414,1.0000369548797607,13.426870346069336,5.828182220458984,0.10464899986982346,3809.1318359375,0.07210300117731094,1.8000000636675395e-05,376.9600830078125
2024-07-15 00:00:00+00:00,64870.15234375,3489.552734375,586.1410522460938,0.5378779768943787,0.44558200240135193,159.93397521972656,0.12522800266742706,0.13743999600410461,1.1873159408569336,0.5494740009307861,6.498557090759277,72.45584869384766,27.85492706298828,1.0000829696655273,14.422126770019531,5.872650146484375,0.1048789992928505,4073.8037109375,0.07829999923706055,1.8999999156221747e-05,400.71929931640625
2024-07-16 00:00:00+00:00,65097.1484375,3443.513427734375,576.583984375,0.5793759822845459,0.43818899989128113,160.5518798828125,0.12493100017309189,0.13407200574874878,1.1673660278320312,0.5433059930801392,6.3442230224609375,73.20144653320312,28.03032875061035,1.000080943107605,14.221345901489258,5.837217807769775,0.10692799836397171,4046.47216796875,0.07659400254487991,1.8999999156221747e-05,387.09423828125
2024-07-17 00:00:00+00:00,64118.79296875,3388.75244140625,568.9127197265625,0.6264860033988953,0.4367479979991913,155.5841064453125,0.12188400328159332,0.13357000052928925,1.1741770505905151,0.5401250123977661,6.259860992431641,71.42044830322266,27.253253936767578,0.9998739957809448,13.754619598388672,5.695531845092773,0.10994099825620651,3983.551025390625,0.07530800253152847,1.8999999156221747e-05,375.7253112792969
2024-07-18 00:00:00+00:00,63974.06640625,3426.258544921875,571.9515380859375,0.5695739984512329,0.42390599846839905,159.07241821289062,0.11949600279331207,0.13444599509239197,1.1975539922714233,0.5165449976921082,6.093573093414307,71.6102294921875,27.138296127319336,0.9999849796295166,13.600837707519531,5.798680782318115,0.1032010018825531,4009.17822265625,0.07272599637508392,1.700000029813964e-05,382.8452453613281
2024-07-19 00:00:00+00:00,66710.15625,3505.73486328125,593.7021484375,0.5737519860267639,0.43903398513793945,169.1858673095703,0.12547999620437622,0.13476499915122986,1.2376110553741455,0.5334529876708984,6.346135139465332,73.45670318603516,28.1879940032959,1.000141978263855,14.075929641723633,5.84459114074707,0.10538099706172943,4115.6650390625,0.07472400367259979,1.8000000636675395e-05,391.8265380859375
2024-07-20 00:00:00+00:00,67163.6484375,3519.29541015625,593.5722045898438,0.5946509838104248,0.43763700127601624,173.89178466796875,0.13443000614643097,0.1347389966249466,1.2771660089492798,0.5418319702148438,6.337130069732666,73.07349395751953,29.130952835083008,0.9999430179595947,14.26817512512207,5.68590784072876,0.10532599687576294,4120.9345703125,0.07467799633741379,1.8000000636675395e-05,395.6181640625
2024-07-21 00:00:00+00:00,68154.5234375,3536.60546875,601.8511962890625,0.5974670052528381,0.44607698917388916,184.54161071777344,0.14016899466514587,0.13434700667858124,1.267084002494812,0.5480440258979797,6.419742107391357,73.988525390625,32.60565948486328,0.9999330043792725,14.806570053100586,5.669692039489746,0.10530900210142136,4129.30322265625,0.07470499724149704,1.8000000636675395e-05,400.7705383300781
2024-07-22 00:00:00+00:00,67585.25,3440.419921875,587.9177856445312,0.6076369881629944,0.42654699087142944,178.97828674316406,0.13788099586963654,0.1323940008878708,1.2184749841690063,0.5303869843482971,6.107129096984863,71.30793762207031,31.858896255493164,0.9999750256538391,13.929006576538086,5.797534942626953,0.10349299758672714,4050.467529296875,0.07084999978542328,1.8000000636675395e-05,385.781494140625
2024-07-23 00:00:00+00:00,65927.671875,3481.995849609375,582.0995483398438,0.5974569916725159,0.41009700298309326,172.757568359375,0.13039100170135498,0.13411499559879303,1.1862499713897705,0.5328310132026672,5.918869972229004,72.93016052246094,29.841068267822266,0.9998999834060669,13.919931411743164,5.7552080154418945,0.10099499672651291,4079.671630859375,0.0682620033621788,1.700000029813964e-05,366.49761962890625
2024-07-24 00:00:00+00:00,65372.1328125,3336.33935546875,574.5784912109375,0.6188430190086365,0.4068470001220703,178.0323028564453,0.12808799743652344,0.13436999917030334,1.196038007736206,0.5172539949417114,5.748384952545166,71.24752044677734,28.39635467529297,0.9999989867210388,13.395511627197266,5.908699989318848,0.10294999927282333,3921.999755859375,0.06652999669313431,1.700000029813964e-05,362.4208679199219
2024-07-25 00:00:00+00:00,65777.2265625,3174.42724609375,570.71337890625,0.5998160243034363,0.3946709930896759,171.96307373046875,0.12522099912166595,0.13545799255371094,1.1551209688186646,0.49710598587989807,5.75399923324585,68.8547592163086,27.257287979125977,0.9997979998588562,12.946199417114258,5.872552871704102,0.1022069975733757,3723.867431640625,0.0660339966416359,1.5999999959603883e-05,361.60260009765625
2024-07-26 00:00:00+00:00,67912.0625,3275.951416015625,581.0779418945312,0.6040679812431335,0.41774699091911316,183.13671875,0.13431799411773682,0.13756400346755981,1.2029889822006226,0.5147809982299805,5.870021820068359,71.3331069946289,28.708839416503906,0.9999679923057556,13.54045295715332,5.836905002593994,0.1031619980931282,3840.6552734375,0.06828799843788147,1.700000029813964e-05,377.4776306152344
2024-07-27 00:00:00+00:00,67813.3359375,3247.60791015625,581.5888061523438,0.5967950224876404,0.41819798946380615,184.0854034423828,0.1315920054912567,0.13725799322128296,1.2196069955825806,0.5177519917488098,5.83108377456665,71.3629379272461,28.0848331451416,0.9998819828033447,13.567426681518555,5.8132781982421875,0.10153300315141678,3830.001708984375,0.06876199692487717,1.700000029813964e-05,392.1049499511719
2024-07-28 00:00:00+00:00,68255.8671875,3271.464599609375,584.099609375,0.601947009563446,0.40738698840141296,184.88607788085938,0.13007499277591705,0.13866999745368958,1.260032057762146,0.5085240006446838,5.721426010131836,71.1284408569336,27.40057373046875,0.9999409914016724,13.293225288391113,5.866866111755371,0.10024300217628479,3834.0546875,0.0675320029258728,1.700000029813964e-05,416.67303466796875
2024-07-29 00:00:00+00:00,66819.9140625,3320.539306640625,574.642578125,0.6020860075950623,0.404013991355896,182.7805938720703,0.1286740005016327,0.13761299848556519,1.258774995803833,0.5108550190925598,5.654067039489746,73.74948120117188,27.083110809326172,0.9998400211334229,13.543046951293945,5.682386875152588,0.09918700158596039,3903.012451171875,0.06709299981594086,1.700000029813964e-05,439.7582702636719
2024-07-30 00:00:00+00:00,66201.015625,3278.667724609375,587.6651000976562,0.6278769969940186,0.40167999267578125,179.10719299316406,0.12559500336647034,0.13296400010585785,1.2300549745559692,0.5053809881210327,5.522171974182129,71.6852035522461,26.339189529418945,0.9998649954795837,13.140531539916992,5.6752028465271,0.10249000042676926,3844.78662109375,0.06594199687242508,1.5999999959603883e-05,432.6112060546875
2024-07-31 00:00:00+00:00,64619.25,3231.295654296875,576.3681640625,0.6239389777183533,0.38877299427986145,171.82615661621094,0.12201400101184845,0.12880299985408783,1.199442982673645,0.49590298533439636,5.3853302001953125,70.19042205810547,25.71908950805664,0.9997940063476562,12.82884693145752,5.672688961029053,0.10064200311899185,3793.66064453125,0.06297600269317627,1.5999999959603883e-05,414.818115234375
2024-08-01 00:00:00+00:00,65357.5,3201.564453125,575.146728515625,0.5964639782905579,0.3927060067653656,167.672119140625,0.11923599988222122,0.12816700339317322,1.1888999938964844,0.49184298515319824,5.342948913574219,69.56616973876953,25.723108291625977,0.9998289942741394,12.89976692199707,5.843492031097412,0.09934200346469879,3726.099609375,0.06336399912834167,1.5999999959603883e-05,413.147216796875
2024-08-02 00:00:00+00:00,61415.06640625,2986.01318359375,542.9151611328125,0.5607709884643555,0.36382201313972473,152.6382293701172,0.11150799691677094,0.12337499856948853,1.1110589504241943,0.4678640067577362,5.122200012207031,64.99111938476562,23.59450340270996,0.9997529983520508,11.917962074279785,5.670413017272949,0.09550999850034714,3512.0126953125,0.059457000344991684,1.4999999621068127e-05,381.5531005859375
2024-08-03 00:00:00+00:00,60680.09375,2903.3857421875,529.4813232421875,0.5563910007476807,0.364095002412796,142.9219970703125,0.10816899687051773,0.12530599534511566,1.0683549642562866,0.4547629952430725,5.043665885925293,64.6042251586914,22.68356704711914,0.9998210072517395,11.70133113861084,5.666650772094727,0.09341199696063995,3411.03466796875,0.05822499841451645,1.4000000192027073e-05,364.3846130371094
2024-08-04 00:00:00+00:00,58116.9765625,2686.39892578125,497.0390930175781,0.5233960151672363,0.3439379930496216,138.05508422851562,0.10373300313949585,0.12627500295639038,0.9955520033836365,0.42097601294517517,4.683842182159424,62.396121978759766,21.22766876220703,0.9998210072517395,10.871526718139648,5.653327941894531,0.088189996778965,3178.63671875,0.055243998765945435,1.2999999853491317e-05,331.857666015625
2024-08-05 00:00:00+00:00,53991.45703125,2417.206298828125,464.6269226074219,0.48946601152420044,0.31315499544143677,129.8643035888672,0.0945030003786087,0.12159600108861923,0.9339320063591003,0.38508498668670654,4.208274841308594,56.21337890625,19.549341201782227,0.9999060034751892,9.501569747924805,5.673114776611328,0.08808500319719315,2856.220458984375,0.052232999354600906,1.2999999853491317e-05,309.95574951171875
2024-08-06 00:00:00+00:00,56034.31640625,2458.723876953125,484.3238220214844,0.5056970119476318,0.3307819962501526,144.09036254882812,0.09637100249528885,0.12353400141000748,0.9699370265007019,0.4078879952430725,4.506931781768799,58.263362884521484,20.877193450927734,0.9998229742050171,10.0545654296875,5.723268985748291,0.09246399998664856,2885.568603515625,0.055066000670194626,1.2999999853491317e-05,314.6262512207031
2024-08-07 00:00:00+00:00,55027.4609375,2336.58935546875,474.2247619628906,0.6008099913597107,0.3236980140209198,144.63209533691406,0.09551499783992767,0.12479300051927567,0.9975659847259521,0.3916110098361969,4.570662975311279,55.983909606933594,19.829347610473633,0.9997979998588562,9.485442161560059,5.776259899139404,0.10139500349760056,2756.470947265625,0.05131499841809273,1.2999999853491317e-05,312.33428955078125
2024-08-08 00:00:00+00:00,61710.13671875,2683.352783203125,517.3375244140625,0.6175770163536072,0.35181400179862976,162.9307403564453,0.10740400105714798,0.12712299823760986,1.0874860286712646,0.43193700909614563,4.88088321685791,61.22355270385742,22.737106323242188,0.9999319911003113,10.736471176147461,5.856839179992676,0.10310100018978119,3155.78369140625,0.05902700126171112,1.4000000192027073e-05,354.3216247558594
2024-08-09 00:00:00+00:00,60880.11328125,2599.5986328125,509.1827087402344,0.5811529755592346,0.3485470116138458,156.45721435546875,0.10397399961948395,0.128261998295784,1.1057039499282837,0.4220559895038605,4.787671089172363,60.74286651611328,21.774154663085938,1.0000289678573608,10.548673629760742,5.785764217376709,0.09999100118875504,3048.635498046875,0.056262001395225525,1.4000000192027073e-05,347.96014404296875
2024-08-10 00:00:00+00:00,60945.8125,2610.02294921875,523.317626953125,0.585578978061676,0.3462890088558197,153.95916748046875,0.10520199686288834,0.12915000319480896,1.1258430480957031,0.4260280132293701,4.756072044372559,61.17485427856445,21.588260650634766,0.9999030232429504,10.554250717163086,5.803407192230225,0.10132499784231186,3063.110107421875,0.055907998234033585,1.4000000192027073e-05,354.6650085449219
2024-08-11 00:00:00+00:00,58719.484375,2553.252197265625,503.8045349121094,0.5529320240020752,0.32832199335098267,141.52685546875,0.10056599974632263,0.12774500250816345,1.0433939695358276,0.40327098965644836,4.496322154998779,59.70698165893555,20.428546905517578,0.9998000264167786,10.008923530578613,6.0927839279174805,0.09788399934768677,3005.92578125,0.05264800041913986,1.2999999853491317e-05,330.2902526855469
2024-08-12 00:00:00+00:00,59354.515625,2724.431884765625,518.5361328125,0.5687680244445801,0.33897700905799866,146.45423889160156,0.1077670007944107,0.12673600018024445,1.0742859840393066,0.4262720048427582,4.587265968322754,61.4669075012207,21.289514541625977,0.9999639987945557,10.557686805725098,5.804759979248047,0.0988750010728836,3189.282958984375,0.053839001804590225,1.4000000192027073e-05,354.6017761230469
2024-08-13 00:00:00+00:00,60609.56640625,2703.671875,524.1285400390625,0.576399028301239,0.3401539921760559,146.7126922607422,0.1064160019159317,0.1288129985332489,1.0827679634094238,0.42227301001548767,4.549482822418213,63.41337966918945,21.40406036376953,0.9999480247497559,10.576763153076172,6.08496618270874,0.09931900352239609,3182.62548828125,0.05427499860525131,1.4000000192027073e-05,351.9599609375
2024-08-14 00:00:00+00:00,58737.26953125,2662.914794921875,524.0153198242188,0.5691919922828674,0.3354550004005432,143.9234619140625,0.10255499929189682,0.13052499294281006,1.1019270420074463,0.42393699288368225,4.386328220367432,64.01732635498047,20.972698211669922,0.999983012676239,10.401407241821289,5.872269153594971,0.09671100229024887,3131.70654296875,0.053619999438524246,1.4000000192027073e-05,338.1859436035156
2024-08-15 00:00:00+00:00,57560.09765625,2570.087646484375,519.870361328125,0.5609549880027771,0.3253529965877533,142.74581909179688,0.10026700049638748,0.13021500408649445,1.0865449905395508,0.4015960097312927,4.282610893249512,65.27692413330078,20.141338348388672,0.9998040199279785,10.173847198486328,5.869452953338623,0.09562599658966064,3024.468994140625,0.05195299908518791,1.2999999853491317e-05,334.6147155761719
2024-08-16 00:00:00+00:00,58894.10546875,2593.1865234375,519.9686279296875,0.564516007900238,0.3304719924926758,139.33056640625,0.10043899714946747,0.13419200479984283,1.0800299644470215,0.40409499406814575,4.295183181762695,66.56855773925781,20.394376754760742,1.0000040531158447,10.143065452575684,6.013734817504883,0.09485799819231033,3052.54443359375,0.05198799818754196,1.2999999853491317e-05,338.479248046875
2024-08-17 00:00:00+00:00,59478.97265625,2614.546875,542.2342529296875,0.5663189888000488,0.3368859887123108,141.7985076904297,0.10275500267744064,0.13488900661468506,1.0740809440612793,0.41017699241638184,4.364744186401367,67.58361053466797,20.670944213867188,0.9999650120735168,10.150433540344238,5.890007019042969,0.09559299796819687,3068.55078125,0.052643001079559326,1.2999999853491317e-05,341.055419921875
2024-08-18 00:00:00+00:00,58483.96484375,2613.357177734375,531.6085205078125,0.5638750195503235,0.33483099937438965,142.58688354492188,0.1001719981431961,0.13524499535560608,1.067402958869934,0.41155898571014404,4.391077041625977,66.38336181640625,20.819700241088867,0.9998540282249451,10.095947265625,5.762118816375732,0.09352000057697296,3100.49072265625,0.05314100161194801,1.2999999853491317e-05,333.3903503417969
2024-08-19 00:00:00+00:00,59493.453125,2637.306396484375,559.81884765625,0.5986059904098511,0.3367530107498169,144.34368896484375,0.10150399804115295,0.14318400621414185,1.1059479713439941,0.43006300926208496,4.483818054199219,66.36810302734375,21.2274112701416,0.9999880194664001,10.183764457702637,6.013189792633057,0.09618400037288666,3082.21533203125,0.05431799963116646,1.2999999853491317e-05,338.10125732421875
2024-08-20 00:00:00+00:00,59012.79296875,2573.10693359375,569.2669677734375,0.5944280028343201,0.34368500113487244,143.16773986816406,0.10300099849700928,0.16170500218868256,1.1206450462341309,0.4620499908924103,4.53368616104126,64.48001098632812,22.425113677978516,0.999862015247345,10.245038986206055,5.880830764770508,0.09774599969387054,3042.61572265625,0.05369200184941292,1.4000000192027073e-05,335.4502868652344
2024-08-21 00:00:00+00:00,61175.19140625,2631.3955078125,570.0197143554688,0.6002749800682068,0.3690589964389801,142.70960998535156,0.10615699738264084,0.15386800467967987,1.1308139562606812,0.5253900289535522,4.6698150634765625,64.28144836425781,23.527414321899414,0.9999589920043945,11.214466094970703,5.8784871101379395,0.09856700152158737,3094.515625,0.05476300045847893,1.4000000192027073e-05,349.2322082519531
2024-08-22 00:00:00+00:00,60381.9140625,2622.951416015625,583.0518798828125,0.5976009964942932,0.3765360116958618,143.2579345703125,0.10530800372362137,0.1556510031223297,1.1226619482040405,0.5319479703903198,4.693690776824951,63.83037567138672,25.26703453063965,0.9999499917030334,11.467951774597168,5.83238410949707,0.09901600331068039,3085.99853515625,0.055275000631809235,1.4000000192027073e-05,346.5582275390625
2024-08-23 00:00:00+00:00,64094.35546875,2764.447021484375,591.8060302734375,0.6112390160560608,0.39153599739074707,153.10708618164062,0.11292699724435806,0.1585720032453537,1.16765296459198,0.5382199883460999,4.898672103881836,66.20084381103516,26.519519805908203,1.0000430345535278,12.062475204467773,5.86837100982666,0.10185600072145462,3252.781005859375,0.059491001069545746,1.4999999621068127e-05,365.1933898925781
2024-08-24 00:00:00+00:00,64178.9921875,2769.3896484375,580.76220703125,0.6131100058555603,0.39400699734687805,160.73175048828125,0.11263100057840347,0.1589459925889969,1.1699169874191284,0.5721449851989746,4.986936092376709,66.57865905761719,27.165842056274414,0.9999679923057556,12.347853660583496,5.8844380378723145,0.10257700085639954,3247.701171875,0.060465000569820404,1.5999999959603883e-05,363.68023681640625
2024-08-25 00:00:00+00:00,64333.54296875,2749.15771484375,574.2499389648438,0.6001840233802795,0.3849790096282959,158.90911865234375,0.10969799757003784,0.16655699908733368,1.151803970336914,0.5241919755935669,4.824508190155029,64.84695434570312,26.964920043945312,0.9999759793281555,12.108485221862793,5.884100914001465,0.10096000134944916,3246.270263671875,0.05900299921631813,1.4999999621068127e-05,356.3801574707031
2024-08-26 00:00:00+00:00,62880.66015625,2681.340576171875,548.8280029296875,0.5874699950218201,0.36695700883865356,157.23687744140625,0.10529199987649918,0.16160699725151062,1.1072770357131958,0.5029299855232239,4.562509059906006,63.17496109008789,25.95624542236328,0.9998679757118225,11.854799270629883,5.837181091308594,0.09712199866771698,3160.667236328125,0.056042999029159546,1.4999999621068127e-05,342.5382080078125
2024-08-27 00:00:00+00:00,59504.1328125,2458.7265625,533.9758911132812,0.5675539970397949,0.35051101446151733,146.8970947265625,0.09905599802732468,0.1579589992761612,1.0614999532699585,0.4660309851169586,4.380867004394531,60.463035583496094,24.101638793945312,0.9999570250511169,11.170317649841309,5.837119102478027,0.09388499706983566,2896.234375,0.05260400101542473,1.4000000192027073e-05,324.7033996582031
2024-08-28 00:00:00+00:00,59027.625,2528.41552734375,536.816162109375,0.5698500275611877,0.35019201040267944,143.89138793945312,0.09962700307369232,0.15822100639343262,1.0430330038070679,0.43695101141929626,4.258794784545898,61.802040100097656,23.46433448791504,0.9998540282249451,11.181870460510254,5.843589782714844,0.0928720012307167,2974.583984375,0.05132799968123436,1.4000000192027073e-05,322.3939514160156
2024-08-29 00:00:00+00:00,59388.1796875,2528.792724609375,536.6256713867188,0.5620549917221069,0.35704100131988525,140.0540313720703,0.10042499750852585,0.16000400483608246,1.049023985862732,0.4250749945640564,4.250732898712158,62.483680725097656,22.90632438659668,0.9999920129776001,10.937602996826172,5.840113162994385,0.09312299638986588,2972.18212890625,0.05114300176501274,1.4000000192027073e-05,322.449951171875
2024-08-30 00:00:00+00:00,59119.4765625,2525.822021484375,535.3157958984375,0.5670310258865356,0.34715399146080017,138.09999084472656,0.10204300284385681,0.15994800627231598,1.0279849767684937,0.42104700207710266,4.2784857749938965,64.97552490234375,23.286901473999023,0.9999510049819946,11.119160652160645,5.973602771759033,0.09327100217342377,2970.922119140625,0.05136900022625923,1.4000000192027073e-05,325.16351318359375
2024-08-31 00:00:00+00:00,58969.8984375,2513.393798828125,532.89697265625,0.5663130283355713,0.3453519940376282,135.37425231933594,0.10133200138807297,0.15766599774360657,1.0578880310058594,0.4200339913368225,4.25848388671875,65.05883026123047,22.797574996948242,0.9999200105667114,11.024574279785156,6.131328105926514,0.09255900233983994,2959.7314453125,0.04997299984097481,1.4000000192027073e-05,322.2494201660156
2024-09-01 00:00:00+00:00,57325.48828125,2427.90234375,512.59521484375,0.5479900240898132,0.33173999190330505,128.6905517578125,0.09535399824380875,0.1556670069694519,0.9868590235710144,0.40231698751449585,4.073627948760986,63.52634048461914,21.44817352294922,0.9998859763145447,10.372398376464844,5.852642059326172,0.09004800021648407,2877.119873046875,0.047954998910427094,1.2999999853491317e-05,312.7499694824219
2024-09-02 00:00:00+00:00,59112.48046875,2538.187255859375,526.438720703125,0.5675870180130005,0.3359679877758026,135.0023651123047,0.09911499917507172,0.1541530042886734,1.0139189958572388,0.4109269976615906,4.208609104156494,65.30899810791016,22.36886215209961,0.999879002571106,10.761754989624023,5.835229873657227,0.09239000082015991,2989.869873046875,0.050811998546123505,1.4000000192027073e-05,323.7297668457031
2024-09-03 00:00:00+00:00,57431.0234375,2420.603759765625,518.6689453125,0.5573909878730774,0.3185510039329529,127.57758331298828,0.09671899676322937,0.1503549963235855,0.9725970029830933,0.3978790044784546,4.062910079956055,64.42266845703125,21.383655548095703,0.9998639822006226,10.314515113830566,5.836404800415039,0.09147100150585175,2875.209228515625,0.048870999366045,1.2999999853491317e-05,309.1968078613281
2024-09-04 00:00:00+00:00,57971.5390625,2448.97705078125,507.82049560546875,0.5581759810447693,0.32352399826049805,133.60391235351562,0.09802500158548355,0.14998400211334229,0.9795460104942322,0.3808700144290924,4.109951972961426,65.4273452758789,21.89966583251953,0.9999480247497559,10.335187911987305,5.758885860443115,0.09167599678039551,2888.7109375,0.04931199923157692,1.4000000192027073e-05,315.29083251953125
2024-09-05 00:00:00+00:00,56160.48828125,2367.737548828125,502.0693664550781,0.5441960096359253,0.32506200671195984,129.32894897460938,0.0983090028166771,0.1498039960861206,0.9546210169792175,0.3685779869556427,4.016057968139648,66.08258056640625,21.366561889648438,0.9998080134391785,10.016019821166992,5.519301891326904,0.09027700126171112,2787.32666015625,0.04817799851298332,1.2999999853491317e-05,307.4684143066406
2024-09-06 00:00:00+00:00,53948.75390625,2223.87646484375,486.9027404785156,0.5213469862937927,0.31471800804138184,124.99007415771484,0.0924839973449707,0.14786000549793243,0.9202569723129272,0.3659299910068512,3.9594709873199463,63.00200653076172,21.147371292114258,1.0001709461212158,9.575072288513184,5.512986183166504,0.08813200145959854,2612.248779296875,0.047120001167058945,1.2999999853491317e-05,294.8648681640625
2024-09-07 00:00:00+00:00,54139.6875,2274.107177734375,493.22613525390625,0.5250920057296753,0.3250730037689209,127.72156524658203,0.09526100009679794,0.15157000720500946,0.9209949970245361,0.3693679869174957,4.076632976531982,62.0865592956543,21.797344207763672,1.0000139474868774,10.018677711486816,5.437473773956299,0.08861900120973587,2675.8173828125,0.048583000898361206,1.2999999853491317e-05,299.4573669433594
2024-09-08 00:00:00+00:00,54841.56640625,2297.29296875,503.0001525878906,0.5292909741401672,0.33865898847579956,129.98951721191406,0.0960799977183342,0.1531910002231598,0.9396629929542542,0.37570399045944214,4.1641058921813965,60.89545440673828,23.215967178344727,1.0000410079956055,10.335866928100586,5.398318767547607,0.08995000272989273,2706.32421875,0.04944799840450287,1.2999999853491317e-05,305.2160949707031
2024-09-09 00:00:00+00:00,57019.53515625,2358.482177734375,518.5453491210938,0.5396379828453064,0.34340599179267883,135.02561950683594,0.10382899641990662,0.1545110046863556,0.9598990082740784,0.3825570046901703,4.285942077636719,61.419647216796875,23.859668731689453,1.000082015991211,10.545119285583496,5.427616119384766,0.09313599765300751,2768.299072265625,0.05107799917459488,1.4000000192027073e-05,322.45269775390625
2024-09-10 00:00:00+00:00,57648.7109375,2389.5810546875,517.4838256835938,0.5410779714584351,0.3434770107269287,135.63522338867188,0.1027119979262352,0.15308000147342682,0.9655410051345825,0.380046010017395,4.256246089935303,61.54644775390625,24.359909057617188,0.9999189972877502,10.597155570983887,5.684820175170898,0.09403999894857407,2812.0771484375,0.05093799903988838,1.4000000192027073e-05,329.6400451660156
2024-09-11 00:00:00+00:00,57343.171875,2339.841552734375,530.1940307617188,0.5353119969367981,0.3530539870262146,132.4973907470703,0.10137800127267838,0.1533689945936203,0.9583740234375,0.3763970136642456,4.191651821136475,62.18716812133789,23.29693603515625,1.000048041343689,10.406829833984375,5.560657978057861,0.09277299791574478,2758.01318359375,0.05002700164914131,1.2999999853491317e-05,337.615966796875
2024-09-12 00:00:00+00:00,58127.01171875,2361.78173828125,544.3037719726562,0.5625759959220886,0.3562929928302765,136.14190673828125,0.10279899835586548,0.15197399258613586,0.9706100225448608,0.37849000096321106,4.292720794677734,62.84511947631836,24.028888702392578,1.0000590085983276,10.786038398742676,5.65316915512085,0.09494099766016006,2778.740478515625,0.050544001162052155,1.4000000192027073e-05,333.01947021484375
2024-09-13 00:00:00+00:00,60571.30078125,2441.607177734375,557.01806640625,0.5731490254402161,0.36090001463890076,139.1005401611328,0.10711400210857391,0.14907099306583405,1.0199190378189087,0.38234299421310425,4.425520896911621,64.97948455810547,24.952272415161133,1.0002989768981934,11.458701133728027,5.7408318519592285,0.09643000364303589,2872.799560546875,0.05238499864935875,1.4000000192027073e-05,335.8511047363281
2024-09-14 00:00:00+00:00,60005.12109375,2418.595703125,553.5650634765625,0.5961989760398865,0.35447999835014343,137.17977905273438,0.10546699911355972,0.1475210040807724,1.0088369846343994,0.37841498851776123,4.439149856567383,65.97522735595703,25.330501556396484,1.0000020265579224,11.297834396362305,5.708456993103027,0.09719300270080566,2846.310791015625,0.05166200175881386,1.4000000192027073e-05,327.154296875
2024-09-15 00:00:00+00:00,59182.8359375,2320.897216796875,553.9722900390625,0.5709750056266785,0.3385230004787445,131.4993896484375,0.10293299704790115,0.1489579975605011,0.9943410158157349,0.38332900404930115,4.40186882019043,63.336692810058594,23.837696075439453,0.9997929930686951,10.823186874389648,5.70510721206665,0.09519200026988983,2742.528564453125,0.05013899877667427,1.2999999853491317e-05,316.6377258300781
2024-09-16 00:00:00+00:00,58192.5078125,2295.28369140625,533.80908203125,0.585407018661499,0.3303059935569763,131.47259521484375,0.09969300031661987,0.14886899292469025,1.0333679914474487,0.3768349885940552,4.198472023010254,62.58589172363281,23.51923179626465,0.9998670220375061,10.554821014404297,5.6914591789245605,0.09498099982738495,2698.107177734375,0.04945399984717369,1.2999999853491317e-05,311.91546630859375
2024-09-17 00:00:00+00:00,60308.5390625,2341.707763671875,546.0135498046875,0.5845019817352295,0.33391299843788147,131.53707885742188,0.10113699734210968,0.15005800127983093,1.0529290437698364,0.38070398569107056,4.1564249992370605,63.743194580078125,23.75840187072754,0.999871015548706,10.627530097961426,5.843033790588379,0.0946040004491806,2754.806396484375,0.049865998327732086,1.2999999853491317e-05,314.1930236816406
2024-09-18 00:00:00+00:00,61649.6796875,2369.72900390625,559.0445556640625,0.585250973701477,0.3429360091686249,133.99185180664062,0.10358499735593796,0.14949500560760498,1.0445400476455688,0.3858700096607208,4.169034957885742,64.7613296508789,24.63865089416504,1.0000200271606445,10.853248596191406,5.631694793701172,0.09592600166797638,2758.479248046875,0.050613000988960266,1.4000000192027073e-05,325.80963134765625
2024-09-19 00:00:00+00:00,62940.45703125,2464.752197265625,566.2235107421875,0.5873709917068481,0.35094499588012695,142.83627319335938,0.10503099858760834,0.1515350043773651,1.0608789920806885,0.3984540104866028,4.255255222320557,65.44454193115234,26.65570831298828,1.0000959634780884,11.205124855041504,5.768715858459473,0.09601999819278717,2906.322265625,0.05165499821305275,1.4000000192027073e-05,340.2292175292969
2024-09-20 00:00:00+00:00,63192.9765625,2561.072021484375,568.5850830078125,0.5851709842681885,0.3521139919757843,146.56680297851562,0.10547100007534027,0.1520940065383911,1.1482030153274536,0.4003260135650635,4.337357997894287,65.278564453125,27.599931716918945,1.0000079870224,11.426664352416992,5.699807167053223,0.09619800001382828,3006.41015625,0.05274999886751175,1.4000000192027073e-05,335.6577453613281
2024-09-21 00:00:00+00:00,63394.83984375,2615.857177734375,589.0379638671875,0.5981410145759583,0.3585759997367859,149.52703857421875,0.11004900187253952,0.1521179974079132,1.2232739925384521,0.4088729918003082,4.4660258293151855,66.94282531738281,27.84765625,1.0001109838485718,11.51356315612793,5.5206990242004395,0.09809000045061111,3052.546142578125,0.05606300011277199,1.4999999621068127e-05,345.7752380371094
2024-09-22 00:00:00+00:00,63648.7109375,2582.862548828125,588.0869140625,0.5876209735870361,0.3517720103263855,144.80364990234375,0.1063390001654625,0.1518629938364029,1.1579680442810059,0.4002630114555359,4.314034938812256,68.59842681884766,27.337196350097656,1.0000840425491333,11.132943153381348,5.758433818817139,0.096049003303051,3043.7666015625,0.05384499952197075,1.4999999621068127e-05,342.98187255859375
2024-09-23 00:00:00+00:00,63329.80078125,2648.54638671875,604.3660278320312,0.5850650072097778,0.3637309968471527,144.8149871826172,0.1081560030579567,0.15236300230026245,1.2000219821929932,0.4059230089187622,4.455470085144043,67.02490234375,27.407100677490234,0.9999619722366333,11.398932456970215,5.61485481262207,0.09633299708366394,3123.583740234375,0.05797199904918671,1.4000000192027073e-05,342.42919921875
2024-09-24 00:00:00+00:00,64301.96875,2654.35498046875,606.5230712890625,0.591543972492218,0.38773301243782043,152.89215087890625,0.10977499932050705,0.15126599371433258,1.1962089538574219,0.4088349938392639,4.640799045562744,66.72038269042969,28.481760025024414,1.000020980834961,12.162094116210938,5.59578800201416,0.0968329980969429,3126.158447265625,0.05782200023531914,1.4999999621068127e-05,348.152099609375
2024-09-25 00:00:00+00:00,63143.14453125,2579.388671875,587.3525390625,0.5835409760475159,0.38108301162719727,148.02342224121094,0.10850399732589722,0.15004299581050873,1.2948600053787231,0.40988901257514954,4.635497093200684,66.58809661865234,27.290143966674805,1.000022053718567,12.111525535583496,5.8443498611450195,0.09596999734640121,3037.19873046875,0.05846099928021431,1.4999999621068127e-05,343.22100830078125
2024-09-26 00:00:00+00:00,65181.01953125,2632.199951171875,596.7769165039062,0.5904210209846497,0.40188199281692505,155.5760955810547,0.11817599833011627,0.15320099890232086,1.2965879440307617,0.4249730110168457,4.8162841796875,68.518310546875,29.154499053955078,1.000095009803772,12.551836967468262,5.823902130126953,0.09799700230360031,3105.31640625,0.06174800172448158,1.8999999156221747e-05,351.9991455078125
2024-09-27 00:00:00+00:00,65790.6640625,2695.900634765625,607.8670043945312,0.5889269709587097,0.4023280143737793,157.74993896484375,0.12371399998664856,0.1551699936389923,1.2974179983139038,0.4337739944458008,4.892055034637451,71.18820190429688,30.449289321899414,0.9999570250511169,12.680974960327148,5.834712982177734,0.09945899993181229,3181.9189453125,0.061879999935626984,1.9999999494757503e-05,359.0396728515625
2024-09-28 00:00:00+00:00,65887.6484375,2677.5390625,601.5671997070312,0.6148009896278381,0.40105199813842773,156.9124298095703,0.12867100536823273,0.15506799519062042,1.2577320337295532,0.4235590100288391,4.805895805358887,70.00396728515625,29.330692291259766,0.9998319745063782,12.943387985229492,5.839052200317383,0.09955800324678421,3155.396484375,0.06125200167298317,1.9999999494757503e-05,353.09991455078125
2024-09-29 00:00:00+00:00,65635.3046875,2659.346923828125,596.4111938476562,0.6419469714164734,0.39759698510169983,158.62916564941406,0.1246739998459816,0.15647399425506592,1.2478070259094238,0.4214189946651459,4.768427848815918,69.31442260742188,29.069881439208984,0.999879002571106,12.48232364654541,5.836153030395508,0.10170499980449677,3135.82763671875,0.06142200157046318,1.8999999156221747e-05,352.8612365722656
2024-09-30 00:00:00+00:00,63329.5,2603.062744140625,567.2600708007812,0.6114919781684875,0.3732140064239502,152.61846923828125,0.11442799866199493,0.1559150069952011,1.164404034614563,0.39591699838638306,4.43708610534668,66.82044982910156,27.738948822021484,0.9997810125350952,11.85057258605957,5.981381893157959,0.09852399677038193,3071.45361328125,0.057454999536275864,1.8000000636675395e-05,337.37799072265625
2024-10-01 00:00:00+00:00,60837.0078125,2448.921142578125,547.9971313476562,0.5975300073623657,0.3524410128593445,145.28988647460938,0.10704299807548523,0.15361399948596954,1.114766001701355,0.3764120042324066,4.1590070724487305,63.4249382019043,25.86651611328125,1.0001029968261719,11.025396347045898,5.95225715637207,0.0937969982624054,2894.6337890625,0.05287599936127663,1.5999999959603883e-05,318.2869873046875
2024-10-02 00:00:00+00:00,60632.78515625,2365.231689453125,542.7123413085938,0.5398309826850891,0.3440049886703491,140.38555908203125,0.10475900024175644,0.1544570028781891,1.0829269886016846,0.3751029968261719,4.1038079261779785,62.95425796508789,25.381216049194336,0.9999989867210388,10.662163734436035,5.804725170135498,0.0906749963760376,2797.4111328125,0.051669999957084656,1.5999999959603883e-05,316.298095703125
2024-10-03 00:00:00+00:00,60759.40234375,2349.791259765625,544.4249877929688,0.5219529867172241,0.34523698687553406,136.78518676757812,0.10509900003671646,0.1576170027256012,1.0776740312576294,0.3764230012893677,4.1271071434021,63.45410919189453,24.65347671508789,0.9998840093612671,10.650412559509277,5.900186061859131,0.09029500186443329,2771.68115234375,0.05166200175881386,1.5999999959603883e-05,320.2301940917969
2024-10-04 00:00:00+00:00,62067.4765625,2414.7939453125,555.3842163085938,0.5343409776687622,0.3513979911804199,143.17227172851562,0.10926400125026703,0.15651099383831024,1.1084940433502197,0.3837380111217499,4.19361686706543,64.94314575195312,26.24127960205078,0.9998729825019836,11.068582534790039,5.908927917480469,0.09181500226259232,2853.161865234375,0.05473899841308594,1.700000029813964e-05,324.7106018066406
2024-10-05 00:00:00+00:00,62089.94921875,2415.6318359375,563.2091674804688,0.5294960141181946,0.35071998834609985,142.7117462158203,0.10948699712753296,0.1536020040512085,1.1159189939498901,0.3792870044708252,4.137217044830322,66.27214813232422,25.690710067749023,0.9999030232429504,11.261728286743164,5.974545955657959,0.09206099808216095,2849.71240234375,0.0531340017914772,1.700000029813964e-05,321.6606140136719
2024-10-06 00:00:00+00:00,62818.953125,2439.957763671875,570.542724609375,0.5335919857025146,0.357230007648468,146.44236755371094,0.1114799976348877,0.15427400171756744,1.1418980360031128,0.38245999813079834,4.188560962677002,67.06830596923828,26.928571701049805,0.9997829794883728,11.276307106018066,5.997775077819824,0.09245499968528748,2878.40625,0.05416300147771835,1.8000000636675395e-05,324.4873352050781
2024-10-07 00:00:00+00:00,62236.66015625,2421.796630859375,564.1497192382812,0.5299339890480042,0.3514670133590698,143.99179077148438,0.10865499824285507,0.1558530032634735,1.141903042793274,0.3755989968776703,4.135059833526611,64.7729721069336,26.556774139404297,0.9998310208320618,11.160425186157227,5.911097049713135,0.09123700112104416,2871.1943359375,0.05249100178480148,1.700000029813964e-05,324.4577331542969
2024-10-08 00:00:00+00:00,62131.96875,2439.8408203125,580.4038696289062,0.5308679938316345,0.3445169925689697,143.39442443847656,0.10704399645328522,0.15986600518226624,1.1390819549560547,0.3769190013408661,4.09792423248291,65.64762878417969,26.33306884765625,0.9998440146446228,10.825778007507324,5.99985408782959,0.0899059996008873,2884.559326171875,0.05229699984192848,1.700000029813964e-05,328.7540283203125
2024-10-09 00:00:00+00:00,60582.1015625,2368.283447265625,570.2771606445312,0.5243319869041443,0.3397020101547241,139.31553649902344,0.10793899744749069,0.16045300662517548,1.113948941230774,0.3703339993953705,4.0237321853637695,64.54893493652344,25.766281127929688,0.9996179938316345,10.529767990112305,6.048295974731445,0.08978799730539322,2826.220947265625,0.05021100118756294,1.700000029813964e-05,320.572509765625
2024-10-10 00:00:00+00:00,60274.5,2383.85791015625,562.7257690429688,0.529977023601532,0.3388899862766266,138.88841247558594,0.10598000138998032,0.1587280035018921,1.0927120447158813,0.3708620071411133,4.066133975982666,64.24361419677734,25.854782104492188,0.9998499751091003,10.538860321044922,6.059959888458252,0.09001699835062027,2805.14453125,0.050301000475883484,1.700000029813964e-05,322.5751647949219
2024-10-11 00:00:00+00:00,62445.08984375,2436.513427734375,572.8572387695312,0.5382969975471497,0.35118499398231506,145.3811492919922,0.11073300242424011,0.15974000096321106,1.1375939846038818,0.37432199716567993,4.167765140533447,65.5048828125,27.41640853881836,0.9998660087585449,10.898591995239258,6.077320098876953,0.09162399917840958,2887.984375,0.051357999444007874,1.8000000636675395e-05,326.8042297363281
2024-10-12 00:00:00+00:00,63193.0234375,2476.523193359375,576.4497680664062,0.5395600199699402,0.3532150089740753,146.5002899169922,0.11141599714756012,0.1625089943408966,1.1509360074996948,0.37318500876426697,4.207736015319824,66.21168518066406,28.627531051635742,0.9998869895935059,11.0164155960083,6.066967964172363,0.0918240025639534,2926.6435546875,0.05152900144457817,1.8000000636675395e-05,329.4590759277344
2024-10-13 00:00:00+00:00,62851.375,2467.677001953125,571.8217163085938,0.5315399765968323,0.34803399443626404,147.5724334716797,0.11133600026369095,0.16261500120162964,1.1213569641113281,0.3687410056591034,4.157303810119629,64.75692749023438,29.171485900878906,0.999796986579895,10.731656074523926,6.102056980133057,0.09032800048589706,2912.353759765625,0.05113000050187111,1.8000000636675395e-05,321.17864990234375
2024-10-14 00:00:00+00:00,66046.125,2628.89990234375,588.9004516601562,0.5480210185050964,0.36388900876045227,157.44512939453125,0.11665400117635727,0.16043700277805328,1.1490399837493896,0.3767549991607666,4.373050212860107,66.8058853149414,29.062816619873047,0.999879002571106,11.26422119140625,6.145411968231201,0.09326700121164322,3104.609130859375,0.05341599881649017,1.8999999156221747e-05,368.0122985839844
2024-10-15 00:00:00+00:00,67041.109375,2606.02197265625,594.189208984375,0.5414519906044006,0.3585270047187805,154.7206268310547,0.11752700060606003,0.15873199701309204,1.1374750137329102,0.3721579909324646,4.403149127960205,70.87361145019531,28.191293716430664,0.9999960064888,11.436711311340332,6.117345809936523,0.09291499853134155,3061.166748046875,0.05609099939465523,1.8000000636675395e-05,354.6675720214844
2024-10-16 00:00:00+00:00,67612.71875,2611.10205078125,600.8178100585938,0.5480449795722961,0.352524995803833,154.23422241210938,0.12577299773693085,0.15999199450016022,1.1660369634628296,0.37324199080467224,4.316714763641357,70.07020568847656,28.043020248413086,0.9998059868812561,11.238662719726562,6.096365928649902,0.09546100348234177,3088.05908203125,0.05352399870753288,1.8999999156221747e-05,365.4289245605469
2024-10-17 00:00:00+00:00,67399.8359375,2604.2734375,592.0396118164062,0.5436580181121826,0.34303200244903564,150.31602478027344,0.12965799868106842,0.15930399298667908,1.1311180591583252,0.364672988653183,4.188973903656006,72.74100494384766,27.261091232299805,0.9998660087585449,11.021685600280762,6.1009650230407715,0.09500700235366821,3076.52978515625,0.05112399905920029,1.8000000636675395e-05,369.3623352050781
2024-10-18 00:00:00+00:00,68418.7890625,2641.55224609375,599.364990234375,0.5465409755706787,0.3507100045681,154.97593688964844,0.13721300661563873,0.15848299860954285,1.1518160104751587,0.3685530126094818,4.306358814239502,73.12972259521484,28.100568771362305,0.9998109936714172,11.477060317993164,6.049015045166016,0.09664999693632126,3119.982421875,0.05176300182938576,1.8999999156221747e-05,367.1418151855469
2024-10-19 00:00:00+00:00,68362.734375,2648.656982421875,597.9749145507812,0.5442569851875305,0.35166099667549133,159.6393585205078,0.14452700316905975,0.15690000355243683,1.1707940101623535,0.37159299850463867,4.43390417098999,74.8765640258789,28.108549118041992,0.9997860193252563,11.42170238494873,6.088173866271973,0.09707000106573105,3128.659912109375,0.0534680001437664,1.8999999156221747e-05,363.72308349609375
2024-10-20 00:00:00+00:00,69001.703125,2746.364013671875,605.517822265625,0.547652006149292,0.3648410141468048,166.9398193359375,0.14208300411701202,0.15672600269317627,1.1919620037078857,0.3842250108718872,4.571722984313965,74.31231689453125,28.93516731262207,0.9997259974479675,11.962789535522461,6.078404903411865,0.09719499945640564,3226.474853515625,0.0558909997344017,1.8999999156221747e-05,369.35589599609375
2024-10-21 00:00:00+00:00,67367.8515625,2665.712158203125,598.8175659179688,0.5448629856109619,0.36095601320266724,166.2168731689453,0.14369000494480133,0.15829500555992126,1.1470049619674683,0.37188199162483215,4.377028942108154,70.72498321533203,27.74962615966797,0.9997529983520508,11.709382057189941,6.099452972412109,0.0954509973526001,3155.775146484375,0.052896998822689056,1.8000000636675395e-05,363.7775573730469
2024-10-22 00:00:00+00:00,67361.40625,2620.197509765625,593.3606567382812,0.5333790183067322,0.36381998658180237,167.26014709472656,0.13950799405574799,0.16008399426937103,1.1425420045852661,0.36591899394989014,4.321435928344727,69.92845916748047,27.603822708129883,0.9997159838676453,11.966221809387207,5.991445064544678,0.09513299912214279,3100.771240234375,0.052531998604536057,1.8000000636675395e-05,357.16131591796875
2024-10-23 00:00:00+00:00,66432.1953125,2509.098876953125,582.473388671875,0.525210976600647,0.34861400723457336,170.9324951171875,0.138496994972229,0.16026100516319275,1.1114779710769653,0.3544900119304657,4.194595813751221,70.15641784667969,26.662872314453125,0.9999499917030334,11.24693775177002,6.078718185424805,0.09436099976301193,2963.72509765625,0.05121900141239166,1.8000000636675395e-05,347.05072021484375
2024-10-24 00:00:00+00:00,68161.0546875,2534.49853515625,594.15478515625,0.5317609906196594,0.34630998969078064,177.1569366455078,0.14198699593544006,0.16457800567150116,1.1117860078811646,0.3561190068721771,4.2046799659729,71.08497619628906,26.833412170410156,0.9999290108680725,11.59044075012207,6.084971904754639,0.09665200114250183,2995.423583984375,0.05114100128412247,1.8000000636675395e-05,367.38958740234375
2024-10-25 00:00:00+00:00,66642.4140625,2435.93408203125,574.2536010742188,0.5019189715385437,0.3244119882583618,164.75689697265625,0.13101300597190857,0.162214994430542,1.0470590591430664,0.3215329945087433,3.9875540733337402,68.6461181640625,24.892988204956055,0.9996730089187622,11.09341812133789,5.998841762542725,0.09335300326347351,2881.5400390625,0.047634001821279526,1.700000029813964e-05,348.0643615722656
2024-10-26 00:00:00+00:00,67014.6953125,2479.603271484375,582.8060913085938,0.5127609968185425,0.3333500027656555,170.70596313476562,0.13735699653625488,0.16494299471378326,1.0585709810256958,0.3288230001926422,4.029809951782227,68.39888000488281,25.386613845825195,0.9997050166130066,11.00280475616455,6.062625885009766,0.09414699673652649,2935.482177734375,0.04814799875020981,1.700000029813964e-05,347.7802429199219
2024-10-27 00:00:00+00:00,67929.296875,2505.940673828125,588.7158203125,0.516381025314331,0.33987200260162354,176.5491943359375,0.14431199431419373,0.16387100517749786,1.0595730543136597,0.33041301369667053,4.124960899353027,71.07989501953125,25.732751846313477,0.9997929930686951,10.980671882629395,6.056419849395752,0.09418000280857086,2959.03662109375,0.04884599894285202,1.700000029813964e-05,352.1592712402344
2024-10-28 00:00:00+00:00,69907.7578125,2565.34814453125,600.5960693359375,0.5192270278930664,0.3437960147857666,178.1049041748047,0.1611499935388565,0.16399699449539185,1.0586060285568237,0.3254449963569641,4.130046844482422,70.71797180175781,26.255901336669922,0.9998769760131836,11.178171157836914,6.042572021484375,0.09424100071191788,3016.104248046875,0.04878599941730499,1.8000000636675395e-05,365.2552185058594
2024-10-29 00:00:00+00:00,72720.4921875,2637.95751953125,605.6682739257812,0.5279160141944885,0.35565099120140076,179.36074829101562,0.17583900690078735,0.16623100638389587,1.1079310178756714,0.33455199003219604,4.189741134643555,73.9776611328125,26.848377227783203,0.9999420046806335,11.788102149963379,6.0644850730896,0.09663499891757965,3115.633544921875,0.04962199926376343,1.8999999156221747e-05,385.384521484375
2024-10-30 00:00:00+00:00,72339.5390625,2657.37255859375,595.7278442382812,0.5229740142822266,0.35526400804519653,174.9249725341797,0.16814599931240082,0.1692589968442917,1.1112159490585327,0.3326680064201355,4.191606044769287,71.84062194824219,26.1982421875,0.9998160004615784,12.394707679748535,6.055074214935303,0.0948759987950325,3147.4443359375,0.04865200072526932,1.8000000636675395e-05,369.8304138183594
2024-10-31 00:00:00+00:00,70215.1875,2515.79931640625,576.0344848632812,0.5092369914054871,0.34184500575065613,168.42999267578125,0.16137200593948364,0.1681700050830841,1.0627330541610718,0.32065701484680176,3.956449031829834,69.20464324951172,25.01712417602539,0.9997619986534119,11.422245979309082,6.052203178405762,0.09244900196790695,2983.6767578125,0.0462849996984005,1.8000000636675395e-05,358.219970703125
2024-11-01 00:00:00+00:00,69482.46875,2511.885498046875,572.7622680664062,0.5128679871559143,0.3570899963378906,166.2621307373047,0.1591850072145462,0.16731299459934235,1.0316309928894043,0.31807100772857666,3.906809091567993,70.20695495605469,24.79058074951172,0.9997490048408508,11.265908241271973,6.046088218688965,0.09308800101280212,2972.090576171875,0.04558999836444855,1.8000000636675395e-05,349.5990295410156
2024-11-02 00:00:00+00:00,69289.2734375,2491.068603515625,568.0368041992188,0.509850025177002,0.3477709889411926,166.01034545898438,0.15931600332260132,0.16603200137615204,1.0301810503005981,0.31355801224708557,3.901505947113037,69.12836456298828,24.088130950927734,0.9999489784240723,11.174641609191895,6.053002834320068,0.09263700246810913,2946.673583984375,0.044842999428510666,1.700000029813964e-05,353.3771667480469
2024-11-03 00:00:00+00:00,68741.1171875,2456.42529296875,557.6416015625,0.5029309988021851,0.3342849910259247,162.55130004882812,0.15145400166511536,0.16516299545764923,1.0084470510482788,0.3008190095424652,3.7885890007019043,66.91110229492188,23.538249969482422,0.9999889731407166,10.764084815979004,6.057271957397461,0.09066499769687653,2913.95458984375,0.042851999402046204,1.700000029813964e-05,340.2908935546875
2024-11-04 00:00:00+00:00,67811.5078125,2397.0263671875,552.0711059570312,0.5032259821891785,0.3260189890861511,157.74710083007812,0.1583459973335266,0.16284100711345673,0.9788910150527954,0.2915799915790558,3.7471671104431152,65.49251556396484,22.70597267150879,0.9999709725379944,10.2481689453125,6.053157806396484,0.09111099690198898,2840.152099609375,0.04248400032520294,1.700000029813964e-05,329.0894470214844
2024-11-05 00:00:00+00:00,69359.5625,2422.650634765625,563.612060546875,0.5140290260314941,0.33392399549484253,166.72239685058594,0.17017999291419983,0.16008199751377106,1.0058629512786865,0.3038789927959442,3.857814073562622,65.44047546386719,23.99547576904297,0.9999799728393555,10.842791557312012,6.055136203765869,0.093469999730587,2871.923828125,0.04608500003814697,1.8000000636675395e-05,343.36505126953125
2024-11-06 00:00:00+00:00,75639.078125,2724.169189453125,591.9952392578125,0.5424270033836365,0.36332300305366516,186.9547882080078,0.19665800034999847,0.16247500479221344,1.0590900182724,0.33390000462532043,4.11768913269043,71.02344512939453,27.033344268798828,0.9998250007629395,12.168525695800781,6.079405784606934,0.097120001912117,3210.84423828125,0.04903100058436394,1.8999999156221747e-05,378.5013732910156
2024-11-07 00:00:00+00:00,75904.859375,2895.58544921875,598.4359130859375,0.5547320246696472,0.40501299500465393,196.3345947265625,0.19315899908542633,0.16029800474643707,1.1510289907455444,0.34424999356269836,4.163136959075928,71.49371337890625,27.383121490478516,0.99965500831604,12.606694221496582,6.097175121307373,0.1020520031452179,3404.36669921875,0.0492589995265007,1.8999999156221747e-05,377.6909484863281
2024-11-08 00:00:00+00:00,76545.4765625,2962.296630859375,597.9484252929688,0.554078996181488,0.4438149929046631,199.9390106201172,0.20213200151920319,0.16106100380420685,1.376062035560608,0.39261800050735474,4.3314127922058105,72.8046875,28.776140213012695,0.9997050166130066,13.718581199645996,6.079166889190674,0.10129500180482864,3499.197998046875,0.05224300175905228,1.8999999156221747e-05,377.42822265625
2024-11-09 00:00:00+00:00,76778.8671875,3131.14453125,624.3746948242188,0.559486985206604,0.4936800003051758,200.19491577148438,0.21876099705696106,0.16213099658489227,1.2637710571289062,0.3857159912586212,4.632638931274414,74.06351470947266,30.41794776916504,0.9998080134391785,13.762722969055176,6.125542163848877,0.10218500345945358,3686.1318359375,0.052792999893426895,1.9999999494757503e-05,406.35089111328125
2024-11-10 00:00:00+00:00,80474.1875,3191.331298828125,628.302490234375,0.589381992816925,0.5903090238571167,210.6137237548828,0.27909499406814575,0.16407500207424164,1.2378569841384888,0.40695399045944214,5.252132892608643,76.52312469482422,31.9826717376709,0.999858021736145,14.289252281188965,6.151526927947998,0.10847199708223343,3775.901123046875,0.05495399981737137,2.5999999706982635e-05,442.1380310058594
2024-11-11 00:00:00+00:00,88701.484375,3374.81298828125,661.88720703125,0.6204670071601868,0.6138079762458801,222.6416778564453,0.3495210111141205,0.16784200072288513,1.2801480293273926,0.4251820147037506,5.710699081420898,80.11939239501953,35.75919723510742,0.999779999256134,14.895793914794922,7.572112083435059,0.1144540011882782,3966.592529296875,0.05841999873518944,2.8000000384054147e-05,473.32672119140625
2024-11-12 00:00:00+00:00,87955.8125,3246.25732421875,627.0038452148438,0.7076990008354187,0.5739179849624634,212.2318115234375,0.3822210133075714,0.18807899951934814,2.2265539169311523,0.4009050130844116,5.334292888641357,76.93087005615234,34.04673385620117,0.9997349977493286,14.004612922668457,7.410615921020508,0.13495400547981262,3861.757080078125,0.06472799926996231,2.700000004551839e-05,434.3050231933594
2024-11-13 00:00:00+00:00,90584.1640625,3192.595947265625,621.0003051757812,0.6902880072593689,0.5787749886512756,215.18455505371094,0.399522989988327,0.1771100014448166,1.784180998802185,0.37558498978614807,5.0765581130981445,75.44751739501953,33.13338851928711,0.999871015548706,13.475764274597168,7.63462495803833,0.12432499974966049,3766.29638671875,0.059487998485565186,2.5999999706982635e-05,439.2732849121094
2024-11-14 00:00:00+00:00,87250.4296875,3058.94873046875,621.6801147460938,0.7730069756507874,0.5801159739494324,209.2190704345703,0.36164599657058716,0.17642100155353546,1.5040240287780762,0.35814398527145386,4.768950939178467,82.06620025634766,31.160669326782227,0.9997739791870117,12.971002578735352,7.339494228363037,0.13086000084877014,3635.195068359375,0.06377600133419037,2.300000051036477e-05,414.5817565917969
2024-11-15 00:00:00+00:00,91066.0078125,3103.04052734375,618.866455078125,0.8920909762382507,0.6740599870681763,218.09490966796875,0.37918901443481445,0.18936699628829956,2.1043999195098877,0.37110400199890137,5.140809059143066,83.69956970214844,33.146217346191406,0.9998189806938171,13.84998893737793,7.710268020629883,0.14625699818134308,3670.0048828125,0.07278800010681152,2.499999936844688e-05,433.191162109375
2024-11-16 00:00:00+00:00,90558.4765625,3133.27392578125,622.3731689453125,1.119089961051941,0.7387340068817139,215.8488311767578,0.3637480139732361,0.20006300508975983,2.1771399974823,0.4256399869918823,5.7608561515808105,95.32144927978516,35.11469268798828,0.9998300075531006,14.526206016540527,7.645566940307617,0.218640998005867,3713.60693359375,0.09064099937677383,2.499999936844688e-05,462.042236328125
2024-11-17 00:00:00+00:00,89845.8515625,3075.66162109375,618.4000854492188,1.0543349981307983,0.7023249864578247,237.57553100585938,0.3665600121021271,0.19948799908161163,2.004610061645508,0.39867401123046875,5.41603422164917,87.05650329589844,34.73808670043945,0.9999549984931946,13.778284072875977,7.6557841300964355,0.1964160054922104,3641.56005859375,0.09029000252485275,2.499999936844688e-05,432.03131103515625
2024-11-18 00:00:00+00:00,90542.640625,3207.8564453125,619.4354858398438,1.1179360151290894,0.7345799803733826,239.79425048828125,0.37174099683761597,0.2021770030260086,2.0879340171813965,0.4543280005455017,6.00641393661499,89.17768859863281,35.448455810546875,0.999921977519989,15.22088623046875,7.821375846862793,0.2326509952545166,3773.46337890625,0.14474600553512573,2.499999936844688e-05,451.98638916015625
2024-11-19 00:00:00+00:00,92343.7890625,3111.384033203125,615.9874267578125,1.1019469499588013,0.7396420240402222,238.09754943847656,0.3913559913635254,0.1998700052499771,1.9892990589141846,0.4329710006713867,5.805377006530762,86.82052612304688,34.27410888671875,0.9999560117721558,14.646309852600098,7.9627580642700195,0.23200899362564087,3686.515380859375,0.13307900726795197,2.499999936844688e-05,447.0617980957031
2024-11-20 00:00:00+00:00,94339.4921875,3072.18798828125,606.1174926757812,1.102301001548767,0.8003450036048889,235.4236602783203,0.37749698758125305,0.19489699602127075,1.9204109907150269,0.4311769902706146,5.716891765594482,83.3709487915039,33.58571243286133,0.9996569752693176,14.247101783752441,8.423637390136719,0.24751900136470795,3638.76171875,0.12208600342273712,2.4000000848900527e-05,440.3277893066406
2024-11-21 00:00:00+00:00,98504.7265625,3361.053955078125,622.8263549804688,1.2503520250320435,0.8204740285873413,257.0658874511719,0.38761699199676514,0.1986439973115921,1.939439058303833,0.45247501134872437,5.937807083129883,89.53834533691406,35.82438659667969,1.0000170469284058,14.908040046691895,8.644255638122559,0.26325398683547974,3988.047607421875,0.12661400437355042,2.499999936844688e-05,486.0648498535156
2024-11-22 00:00:00+00:00,98997.6640625,3331.600830078125,633.513427734375,1.4690190553665161,1.010422945022583,256.5186767578125,0.41292399168014526,0.20480099320411682,1.953739047050476,0.49274298548698425,6.662622928619385,92.07102966308594,43.08974075317383,1.0000289678573608,16.531856536865234,8.52220630645752,0.34106600284576416,3935.0224609375,0.1469770073890686,2.499999936844688e-05,490.2834777832031
2024-11-23 00:00:00+00:00,97777.28125,3396.223388671875,651.197265625,1.469007968902588,1.066236972808838,255.1785125732422,0.4300119876861572,0.21217100322246552,2.120203971862793,0.5681489706039429,8.50830078125,99.39119720458984,41.489986419677734,0.9996119737625122,17.38550567626953,8.579560279846191,0.5153909921646118,4031.64013671875,0.1544570028781891,2.5999999706982635e-05,509.9440612792969
2024-11-24 00:00:00+00:00,98013.8203125,3363.659912109375,660.3175659179688,1.4324109554290771,1.0231059789657593,252.91952514648438,0.4298819899559021,0.2088329941034317,2.060127019882202,0.5727300047874451,8.8135347366333,96.94950866699219,42.04306411743164,1.0001569986343384,17.94485855102539,8.555808067321777,0.5374209880828857,3982.3798828125,0.14717699587345123,2.5999999706982635e-05,514.7054443359375
2024-11-25 00:00:00+00:00,93102.296875,3413.5439453125,636.6397094726562,1.415423035621643,0.9456890225410461,234.4466094970703,0.39333999156951904,0.19605399668216705,1.9996869564056396,0.546459972858429,8.24442195892334,92.36376190185547,41.39607620239258,0.9997040033340454,17.387096405029297,8.232941627502441,0.4831329882144928,4065.29248046875,0.1349090039730072,2.499999936844688e-05,491.65716552734375
2024-11-26 00:00:00+00:00,91985.3203125,3326.517333984375,613.5872802734375,1.4013229608535767,0.9612320065498352,230.9781951904297,0.3876180052757263,0.19436800479888916,2.114332914352417,0.5281640291213989,8.07812786102295,93.04487609863281,42.77906036376953,0.9998390078544617,17.338844299316406,8.133874893188477,0.43976399302482605,3943.310791015625,0.13916000723838806,2.4000000848900527e-05,492.5515441894531
2024-11-27 00:00:00+00:00,95962.53125,3657.249267578125,644.948486328125,1.4728120565414429,1.0133459568023682,242.30221557617188,0.40152499079704285,0.20125499367713928,2.1783509254455566,0.5804709792137146,8.464702606201172,97.27632141113281,43.91240692138672,0.999871015548706,18.696128845214844,8.585586547851562,0.4825049936771393,4334.54296875,0.14188599586486816,2.5999999706982635e-05,519.6979370117188
2024-11-28 00:00:00+00:00,95652.46875,3579.8115234375,654.3616333007812,1.5413429737091064,1.0335079431533813,237.76400756835938,0.4020180106163025,0.20335599780082703,2.1468589305877686,0.5633080005645752,8.621152877807617,95.66030883789062,42.84018325805664,0.999879002571106,17.960947036743164,8.497610092163086,0.4973829984664917,4247.1884765625,0.1448580026626587,2.5999999706982635e-05,511.92437744140625
2024-11-29 00:00:00+00:00,97461.5234375,3593.494384765625,654.8097534179688,1.7967309951782227,1.0768580436706543,243.54949951171875,0.42583900690078735,0.20449599623680115,2.3084828853607178,0.5837799906730652,9.038749694824219,104.0356674194336,44.924110412597656,0.9997410178184509,18.2906436920166,8.709073066711426,0.5471360087394714,4262.7744140625,0.1783670037984848,2.5999999706982635e-05,518.328369140625
2024-11-30 00:00:00+00:00,96449.0546875,3705.705322265625,654.3291625976562,1.94412100315094,1.0789419412612915,237.74374389648438,0.42197099328041077,0.2051669955253601,2.287213087081909,0.5985710024833679,8.967267990112305,102.66780853271484,44.89286804199219,0.9998689889907837,19.022661209106445,8.78447437286377,0.5241339802742004,4398.76904296875,0.16929300129413605,2.700000004551839e-05,525.2651977539062
2024-12-01 00:00:00+00:00,97279.7890625,3711.1650390625,655.9324951171875,2.320223093032837,1.1552519798278809,237.06993103027344,0.4400230050086975,0.20734000205993652,2.2520670890808105,0.6028810143470764,9.307755470275879,119.86519622802734,45.09182357788086,1.0001440048217773,18.889429092407227,8.63359260559082,0.5693879723548889,4407.64013671875,0.20935100317001343,3.099999958067201e-05,532.6294555664062
2024-12-02 00:00:00+00:00,95865.3046875,3644.198486328125,647.594482421875,2.7138049602508545,1.2017760276794434,225.75619506835938,0.42467001080513,0.22034500539302826,2.158773899078369,0.6509439945220947,9.986504554748535,133.26751708984375,52.31305694580078,1.000180959701538,25.091211318969727,8.807880401611328,0.5366439819335938,4304.7021484375,0.3088630139827728,2.9999999242136255e-05,538.0313110351562
2024-12-03 00:00:00+00:00,96002.1640625,3620.711669921875,737.6965942382812,2.525527000427246,1.198125958442688,234.2003173828125,0.4078820049762726,0.4259920120239258,2.1290359497070312,0.7046449780464172,9.829697608947754,131.7918701171875,50.999488830566406,1.0001380443572998,24.2171630859375,8.93362045288086,0.509332001209259,4294.11181640625,0.3157469928264618,2.9000000722589903e-05,583.9658813476562
2024-12-04 00:00:00+00:00,98768.53125,3841.3310546875,739.2527465820312,2.3544440269470215,1.1873199939727783,229.11929321289062,0.4319570064544678,0.33239901065826416,2.204442024230957,0.7087010145187378,10.528636932373047,134.2473907470703,52.81734085083008,1.0001620054244995,24.105140686035156,9.561409950256348,0.4902769923210144,4552.587890625,0.28806400299072266,3.300000025774352e-05,584.1792602539062
2024-12-05 00:00:00+00:00,96593.5703125,3811.00830078125,714.3219604492188,2.295206069946289,1.1847120523452759,233.9987030029297,0.4305860102176666,0.319240003824234,2.1239891052246094,0.6875699758529663,10.524624824523926,135.2897186279297,50.81978225708008,1.0000029802322388,23.40096664428711,9.401618003845215,0.4738290011882782,4534.37548828125,0.28874099254608154,3.099999958067201e-05,590.051025390625
2024-12-06 00:00:00+00:00,99920.7109375,4005.810546875,732.0062866210938,2.424736976623535,1.2311069965362549,237.0510711669922,0.43570899963378906,0.32598501443862915,2.149777889251709,0.7148500084877014,10.705370903015137,136.23870849609375,52.589290618896484,1.0001130104064941,25.811050415039062,9.455907821655273,0.49599599838256836,4776.9912109375,0.36735400557518005,3.099999958067201e-05,619.4531860351562
2024-12-07 00:00:00+00:00,99923.3359375,4002.692626953125,750.2726440429688,2.616624116897583,1.214195966720581,238.54795837402344,0.4538869857788086,0.3193120062351227,2.1084089279174805,0.7010520100593567,10.629205703735352,133.84982299804688,51.6760368347168,1.0001319646835327,24.800466537475586,9.483275413513184,0.5052639842033386,4750.08251953125,0.3321180045604706,3.199999991920777e-05,608.5131225585938
2024-12-08 00:00:00+00:00,101236.015625,4005.70458984375,743.295654296875,2.6083478927612305,1.1962909698486328,236.67233276367188,0.4672969877719879,0.3188230097293854,2.1037399768829346,0.7041140198707581,10.412901878356934,135.17453002929688,53.933502197265625,1.0000720024108887,26.144575119018555,9.193032264709473,0.4943520128726959,4736.5810546875,0.3286539912223816,3.199999991920777e-05,623.3380126953125
2024-12-09 00:00:00+00:00,97432.71875,3718.6904296875,689.9243774414062,2.218951940536499,1.0075490474700928,217.34146118164062,0.41471898555755615,0.26330000162124634,1.843606948852539,0.5842790007591248,8.513443946838379,110.84188079833984,45.23026657104492,1.0002720355987549,22.34653663635254,9.411062240600586,0.41211700439453125,4406.2255859375,0.28133800625801086,2.700000004551839e-05,553.742919921875
2024-12-10 00:00:00+00:00,96675.4296875,3631.833740234375,676.98291015625,2.3691599369049072,1.0201610326766968,213.82461547851562,0.39452001452445984,0.2699579894542694,1.7076280117034912,0.5809609889984131,8.396628379821777,109.8656997680664,44.63996505737305,1.0000439882278442,22.216991424560547,9.488950729370117,0.4365859925746918,4317.39599609375,0.2894020080566406,2.700000004551839e-05,516.675048828125
2024-12-11 00:00:00+00:00,101173.03125,3832.822021484375,711.8114013671875,2.4000699520111084,1.0888899564743042,227.44683837890625,0.41449201107025146,0.28248199820518494,1.8184460401535034,0.6295310258865356,9.006820678710938,117.5313949584961,48.37092590332031,1.0000619888305664,24.093059539794922,9.504215240478516,0.4360780119895935,4538.37255859375,0.2996540069580078,2.9000000722589903e-05,547.3112182617188
2024-12-12 00:00:00+00:00,100043.0,3883.1015625,705.9442138671875,2.3427700996398926,1.1250159740447998,227.02671813964844,0.40654799342155457,0.2972260117530823,1.8586690425872803,0.623354971408844,9.064152717590332,119.2668685913086,53.11970138549805,0.9999849796295166,29.28685188293457,9.47066593170166,0.42534199357032776,4600.703125,0.29159000515937805,2.8000000384054147e-05,539.8097534179688
2024-12-13 00:00:00+00:00,101459.2578125,3911.205322265625,726.2548217773438,2.421319007873535,1.1196019649505615,224.83729553222656,0.40908101201057434,0.29065901041030884,1.9453949928283691,0.6192290186882019,9.09039306640625,124.18070983886719,52.70176315307617,1.000048041343689,29.024141311645508,9.386070251464844,0.43764999508857727,4629.4921875,0.31477200984954834,2.9000000722589903e-05,542.1737670898438
2024-12-14 00:00:00+00:00,101372.96875,3868.4052734375,715.6956787109375,2.398705005645752,1.0605119466781616,219.84075927734375,0.39797601103782654,0.2822439968585968,1.8407310247421265,0.6011589765548706,8.551411628723145,118.18441772460938,49.83277130126953,0.9999160170555115,29.112491607666016,9.39321517944336,0.4244369864463806,4583.3603515625,0.2938779890537262,2.700000004551839e-05,534.1950073242188
2024-12-15 00:00:00+00:00,104298.6953125,3951.941162109375,719.13427734375,2.4469499588012695,1.1017080545425415,223.6576690673828,0.4062719941139221,0.2852959930896759,1.872802972793579,0.6151059865951538,9.029330253601074,121.13903045654297,50.754615783691406,0.9999309778213501,29.2235107421875,9.389849662780762,0.4301280081272125,4662.15380859375,0.2955709993839264,2.8000000384054147e-05,546.8533935546875
2024-12-16 00:00:00+00:00,106029.71875,3987.48095703125,720.3263549804688,2.4886579513549805,1.0788559913635254,216.3349609375,0.4019339978694916,0.29670900106430054,1.840548038482666,0.5925419926643372,8.751370429992676,118.15115356445312,48.99325942993164,1.000120997428894,28.744182586669922,9.5598726272583,0.41920900344848633,4753.64892578125,0.282478004693985,2.700000004551839e-05,537.910888671875
2024-12-17 00:00:00+00:00,106140.6015625,3886.76611328125,716.6824951171875,2.565190076828003,1.0515249967575073,222.8167266845703,0.394336998462677,0.27930399775505066,1.769361972808838,0.5648210048675537,8.476944923400879,124.76040649414062,47.83877182006836,0.9999549984931946,27.823747634887695,9.483694076538086,0.4288490116596222,4652.46484375,0.2841629981994629,2.5999999706982635e-05,529.7596435546875
2024-12-18 00:00:00+00:00,100041.5390625,3618.791259765625,687.623779296875,2.3033180236816406,0.9684200286865234,206.38174438476562,0.358038991689682,0.25797900557518005,1.6223269701004028,0.5166919827461243,7.6892218589782715,108.54095458984375,42.80390930175781,0.9997869729995728,24.89114761352539,9.104866981506348,0.3958359956741333,4323.53564453125,0.27188000082969666,2.4000000848900527e-05,480.6501159667969
2024-12-19 00:00:00+00:00,97490.953125,3417.927978515625,666.5693359375,2.2488911151885986,0.8855019807815552,194.28451538085938,0.31506600975990295,0.25148600339889526,1.7259219884872437,0.47682198882102966,6.9653239250183105,99.68569946289062,38.91089630126953,0.9999240040779114,22.892488479614258,9.077117919921875,0.37059900164604187,4074.68701171875,0.26856499910354614,2.2000000171829015e-05,440.0602722167969
2024-12-20 00:00:00+00:00,97755.9296875,3472.553466796875,678.0866088867188,2.276885986328125,0.9510110020637512,194.2081756591797,0.3177129924297333,0.24856600165367126,1.7331370115280151,0.49818798899650574,7.293115139007568,101.36201477050781,39.81724548339844,1.000035047531128,23.364501953125,9.348461151123047,0.3744319975376129,4116.6806640625,0.27060800790786743,2.2000000171829015e-05,448.8754577636719
2024-12-21 00:00:00+00:00,97224.7265625,3337.222412109375,663.2794799804688,2.238111972808838,0.9046940207481384,181.30145263671875,0.32095101475715637,0.24477499723434448,1.7349669933319092,0.4713349938392639,6.970913887023926,101.46427154541016,37.401676177978516,1.0001300573349,22.126737594604492,9.355489730834961,0.3563089966773987,3952.380615234375,0.25424298644065857,2.2000000171829015e-05,456.0484619140625
2024-12-22 00:00:00+00:00,95104.9375,3277.53515625,648.7047119140625,2.1993319988250732,0.8829759955406189,180.16891479492188,0.31219199299812317,0.2438870072364807,1.7352349758148193,0.47287601232528687,6.830101013183594,99.56405639648438,36.51603317260742,0.9996520280838013,22.04706573486328,9.308507919311523,0.35593900084495544,3887.769287109375,0.2651279866695404,2.099999983329326e-05,445.06976318359375
2024-12-23 00:00:00+00:00,94686.2421875,3415.785400390625,693.000732421875,2.2572619915008545,0.9242460131645203,189.75369262695312,0.3242189884185791,0.2521339952945709,1.7353500127792358,0.5003309845924377,7.3676838874816895,106.53765869140625,39.02850341796875,0.9996539950370789,24.479013442993164,9.341537475585938,0.36992499232292175,4062.711669921875,0.2914530038833618,2.2000000171829015e-05,460.2939758300781
2024-12-24 00:00:00+00:00,98676.09375,3492.0498046875,696.7411499023438,2.3246240615844727,0.936460018157959,196.98902893066406,0.3369239866733551,0.25633201003074646,1.7357460260391235,0.5278229713439941,7.5558271408081055,108.32437896728516,41.21257781982422,1.000148057937622,25.439577102661133,9.485075950622559,0.40197399258613586,4144.2822265625,0.3288240134716034,2.300000051036477e-05,470.2679443359375
2024-12-25 00:00:00+00:00,99299.1953125,3493.2353515625,702.3269653320312,2.2959699630737305,0.916858971118927,197.4790802001953,0.33431899547576904,0.25774499773979187,1.733718991279602,0.5142189860343933,7.492839813232422,109.57795715332031,40.24849319458008,1.000108003616333,24.431169509887695,9.535055160522461,0.38282400369644165,4134.6328125,0.3134959936141968,2.300000051036477e-05,465.3318786621094
2024-12-26 00:00:00+00:00,95795.515625,3331.225830078125,688.360107421875,2.154339075088501,0.8597850203514099,188.21810913085938,0.31225600838661194,0.2535719871520996,1.603005051612854,0.47555699944496155,6.928015232086182,102.14167785644531,37.28079605102539,0.9997640252113342,22.65229034423828,9.106023788452148,0.3542580008506775,3952.774169921875,0.2844040095806122,2.2000000171829015e-05,437.1010437011719
2024-12-27 00:00:00+00:00,94164.859375,3328.9169921875,690.4293823242188,2.1416499614715576,0.8747680187225342,183.82847595214844,0.31103599071502686,0.2587920129299164,1.6577290296554565,0.4778760075569153,6.8976030349731445,100.31396484375,36.48052215576172,0.9996179938316345,21.529094696044922,9.187759399414062,0.349263995885849,3947.222900390625,0.2757839858531952,2.2000000171829015e-05,440.2722473144531
2024-12-28 00:00:00+00:00,95163.9296875,3397.90234375,720.9590454101562,2.180824041366577,0.8878170251846313,195.01353454589844,0.32391899824142456,0.2578980028629303,1.6847800016403198,0.4877359867095947,7.104069232940674,100.58467864990234,37.66184616088867,0.9998599886894226,21.966081619262695,9.273161888122559,0.35566601157188416,4035.48046875,0.29398900270462036,2.2000000171829015e-05,451.0380554199219
2024-12-29 00:00:00+00:00,93530.2265625,3349.513427734375,693.7545166015625,2.093179941177368,0.8586400151252747,189.7442626953125,0.31431999802589417,0.257286012172699,1.6273939609527588,0.4651489853858948,6.862186908721924,98.27505493164062,35.826663970947266,0.9999920129776001,20.938785552978516,9.030734062194824,0.33789798617362976,3982.7529296875,0.2789370119571686,2.099999983329326e-05,438.50543212890625
2024-12-30 00:00:00+00:00,92643.2109375,3356.392578125,704.1463012695312,2.0575709342956543,0.8600170016288757,191.02804565429688,0.31351399421691895,0.2529659867286682,1.5727909803390503,0.46018800139427185,6.6966681480407715,99.30921936035156,35.90605545043945,0.9997900128364563,20.583473205566406,9.066776275634766,0.3317349851131439,3987.183837890625,0.27805399894714355,2.099999983329326e-05,443.3424377441406
2024-12-31 00:00:00+00:00,93429.203125,3332.53173828125,700.9868774414062,2.0801279544830322,0.8437650203704834,189.2644805908203,0.31568101048469543,0.2542079985141754,1.5799039602279663,0.450545996427536,6.634932041168213,103.06851196289062,35.6909294128418,0.9996860027313232,20.001365661621094,9.051392555236816,0.3316589891910553,3961.750732421875,0.2684890031814575,2.099999983329326e-05,433.8179931640625
2025-01-01 00:00:00+00:00,94419.7578125,3353.504150390625,706.512939453125,2.322340965270996,0.9175919890403748,193.8737335205078,0.32430601119995117,0.2553139925003052,1.6026639938354492,0.47343501448631287,7.028347015380859,104.81208801269531,37.69343948364258,0.9997929930686951,21.67484474182129,9.075591087341309,0.4237760007381439,3983.135009765625,0.29392099380493164,2.2000000171829015e-05,449.35986328125
2025-01-02 00:00:00+00:00,96886.875,3451.392578125,705.6785888671875,2.403369903564453,0.9613450169563293,207.7670440673828,0.3386099934577942,0.2650519907474518,1.6243970394134521,0.48273101449012756,7.168960094451904,105.0898208618164,39.22916030883789,0.9998890161514282,22.040437698364258,9.028106689453125,0.43290600180625916,4094.789306640625,0.29170501232147217,2.300000051036477e-05,461.3688049316406
2025-01-03 00:00:00+00:00,98107.4296875,3605.009765625,713.6435546875,2.4528961181640625,1.0903760194778442,217.74732971191406,0.3792789876461029,0.2698209881782532,0.07817800343036652,0.5182110071182251,7.74745512008667,112.68724822998047,41.88275146484375,1.000177025794983,23.39835548400879,9.110179901123047,0.4484339952468872,4293.53662109375,0.31338098645210266,2.4000000848900527e-05,473.068359375
2025-01-04 00:00:00+00:00,98236.2265625,3657.706787109375,713.8411865234375,2.4195950031280518,1.0714000463485718,216.6229248046875,0.39474600553512573,0.26992300152778625,0.12127599865198135,0.52326500415802,7.68438196182251,111.16759490966797,42.681068420410156,1.0003019571304321,23.613359451293945,9.143072128295898,0.45072200894355774,4349.07373046875,0.30578601360321045,2.4000000848900527e-05,478.9778747558594
2025-01-05 00:00:00+00:00,98314.9609375,3634.103759765625,709.25830078125,2.3997271060943604,1.0934669971466064,213.3936309814453,0.3825629949569702,0.26264598965644836,0.15317800641059875,0.516061007976532,7.679114818572998,115.46582794189453,43.0792350769043,1.0000239610671997,23.63523292541504,9.052227973937988,0.4406900107860565,4326.82763671875,0.30129700899124146,2.4000000848900527e-05,470.9113464355469
2025-01-06 00:00:00+00:00,102078.0859375,3688.611328125,729.4000854492188,2.418807029724121,1.0941239595413208,218.72312927246094,0.38795700669288635,0.2687639892101288,0.03045099973678589,0.5234400033950806,7.76667594909668,114.01073455810547,44.097415924072266,1.0002659559249878,23.81981086730957,9.078390121459961,0.4458250105381012,4377.740234375,0.3080520033836365,2.4000000848900527e-05,482.6858825683594
2025-01-07 00:00:00+00:00,96922.703125,3381.577392578125,697.368896484375,2.2723500728607178,0.9920099973678589,202.23025512695312,0.34843701124191284,0.2527480125427246,0.12102100253105164,0.4700709879398346,7.015230178833008,102.8379898071289,39.26634216308594,1.000025987625122,21.39488410949707,9.00789737701416,0.4180470108985901,4028.8701171875,0.28953900933265686,2.2000000171829015e-05,437.4750061035156
2025-01-08 00:00:00+00:00,95043.5234375,3326.329345703125,695.837158203125,2.375304937362671,0.9480310082435608,197.55905151367188,0.34224799275398254,0.25041499733924866,0.06152400001883507,0.4621489942073822,6.761236190795898,101.49867248535156,37.422332763671875,0.9999570250511169,20.45516014099121,9.02252197265625,0.42576900124549866,3953.3974609375,0.2847920060157776,2.099999983329326e-05,434.28338623046875
2025-01-09 00:00:00+00:00,92484.0390625,3219.4306640625,685.1207275390625,2.275212049484253,0.9059900045394897,185.02528381347656,0.3209120035171509,0.24013200402259827,0.267208993434906,0.449209988117218,6.557372093200684,102.26554870605469,36.18815612792969,1.0001389980316162,19.645790100097656,9.018889427185059,0.3914870023727417,3829.99267578125,0.2688019871711731,2.099999983329326e-05,421.61907958984375
2025-01-10 00:00:00+00:00,94701.453125,3267.489990234375,693.6244506835938,2.343251943588257,0.9314529895782471,187.5791778564453,0.3339810073375702,0.24447500705718994,0.14988300204277039,0.45789799094200134,6.736066818237305,104.01673126220703,36.68634796142578,1.0001709461212158,20.266521453857422,9.31490421295166,0.41476601362228394,3890.027099609375,0.2818700075149536,2.2000000171829015e-05,449.9591369628906
2025-01-11 00:00:00+00:00,94566.59375,3282.2177734375,696.6578369140625,2.576770067214966,0.9945240020751953,187.99551391601562,0.34095498919487,0.2409919947385788,0.10502900183200836,0.45986101031303406,6.73646879196167,104.37470245361328,37.095218658447266,1.0001239776611328,20.192392349243164,9.386853218078613,0.44589298963546753,3909.216552734375,0.2913860082626343,2.2000000171829015e-05,440.8851318359375
2025-01-12 00:00:00+00:00,94488.4375,3265.951171875,693.0482788085938,2.5063140392303467,0.9685549736022949,188.5603790283203,0.33595898747444153,0.23342099785804749,0.1383419930934906,0.4495779871940613,6.628734111785889,102.35240936279297,36.55796432495117,1.0000029802322388,19.837339401245117,9.20967960357666,0.4225809872150421,3880.88037109375,0.27798399329185486,2.2000000171829015e-05,447.83673095703125
2025-01-13 00:00:00+00:00,94516.5234375,3135.499755859375,688.2675170898438,2.522934913635254,0.9447420239448547,182.83535766601562,0.3382990062236786,0.22276000678539276,0.22050899267196655,0.4391629993915558,6.396489143371582,98.4621810913086,35.28932571411133,1.0001460313796997,19.361106872558594,9.203019142150879,0.41958001255989075,3722.358642578125,0.27501198649406433,2.099999983329326e-05,428.0797119140625
2025-01-14 00:00:00+00:00,96534.046875,3223.6845703125,698.6196899414062,2.669132947921753,0.9949089884757996,187.49859619140625,0.3561199903488159,0.220892995595932,0.26327601075172424,0.45565301179885864,6.664538860321045,102.41368865966797,36.50234603881836,0.9999439716339111,20.310087203979492,9.280769348144531,0.4301010072231293,3838.788330078125,0.2869890034198761,2.2000000171829015e-05,438.0751647949219
2025-01-15 00:00:00+00:00,100504.4921875,3450.53759765625,714.0284423828125,3.155057907104492,1.0791540145874023,205.91134643554688,0.3857100009918213,0.237963005900383,0.11146599799394608,0.48632898926734924,7.164988040924072,117.21080017089844,39.852821350097656,1.0003249645233154,22.114240646362305,9.650322914123535,0.48931699991226196,4091.999755859375,0.3236599862575531,2.300000051036477e-05,461.0185546875
2025-01-16 00:00:00+00:00,99756.90625,3308.34521484375,708.2980346679688,3.245539903640747,1.0900989770889282,211.22784423828125,0.3767479956150055,0.23714600503444672,0.1840669959783554,0.4729030132293701,7.1502227783203125,124.29759216308594,40.04843521118164,1.0000720024108887,23.005603790283203,9.68191146850586,0.4823090136051178,3932.618896484375,0.36343398690223694,2.2000000171829015e-05,461.8852233886719
2025-01-17 00:00:00+00:00,104462.0390625,3474.107177734375,721.75048828125,3.2986350059509277,1.1351219415664673,219.62161254882812,0.41593900322914124,0.24901099503040314,0.44336599111557007,0.5076119899749756,7.512493133544922,136.990234375,41.39154052734375,1.0001169443130493,25.112716674804688,9.761576652526855,0.4884369969367981,4134.318359375,0.37522101402282715,2.4000000848900527e-05,489.7207336425781
2025-01-18 00:00:00+00:00,104408.0703125,3305.78955078125,709.4249877929688,3.2740190029144287,1.10207200050354,261.8697509765625,0.39608100056648254,0.24207299947738647,0.04424099996685982,0.48260799050331116,7.043352127075195,125.40595245361328,39.24570846557617,0.9998379945755005,24.112377166748047,9.506184577941895,0.4909510016441345,3922.80078125,0.35506999492645264,2.300000051036477e-05,466.13433837890625
2025-01-19 00:00:00+00:00,101089.609375,3208.96435546875,682.2039794921875,2.954716920852661,0.991191029548645,250.58636474609375,0.35775700211524963,0.22813700139522552,0.7139019966125488,0.44384700059890747,6.232108116149902,115.33399963378906,35.575374603271484,0.9998700022697449,24.2492733001709,9.637933731079102,0.43288999795913696,3821.2783203125,0.3262380063533783,1.9999999494757503e-05,426.2817077636719
2025-01-20 00:00:00+00:00,102016.6640625,3278.035400390625,681.8033447265625,3.09983491897583,1.0086439847946167,242.25022888183594,0.3546079993247986,0.23826800286769867,0.24750100076198578,0.4426949918270111,6.374917984008789,118.42407989501953,35.95790481567383,0.9999200105667114,25.068965911865234,9.672210693359375,0.44650501012802124,3911.1708984375,0.34109100699424744,1.9999999494757503e-05,431.22149658203125
2025-01-21 00:00:00+00:00,106146.265625,3327.40625,691.8165893554688,3.1693999767303467,1.004654049873352,250.41378784179688,0.3715769946575165,0.2446649968624115,0.13751299679279327,0.45201900601387024,6.627902030944824,118.90388488769531,36.922481536865234,1.0000619888305664,26.594463348388672,9.676351547241211,0.4416550099849701,3947.255859375,0.33715999126434326,2.099999983329326e-05,446.2886962890625
2025-01-22 00:00:00+00:00,103653.0703125,3240.224609375,694.9832153320312,3.171104907989502,0.9816439747810364,257.23736572265625,0.3630560040473938,0.25339698791503906,0.10910200327634811,0.4416230022907257,6.440516948699951,115.24545288085938,36.75145721435547,1.0002809762954712,25.2911434173584,9.643465042114258,0.42802900075912476,3864.740966796875,0.32519200444221497,1.9999999494757503e-05,434.76739501953125
2025-01-23 00:00:00+00:00,103960.171875,3334.714111328125,690.2037353515625,3.1198909282684326,0.9874939918518066,253.4552001953125,0.3523530066013336,0.2528719902038574,0.25780999660491943,0.4423219859600067,6.354040145874023,116.507568359375,35.59188461303711,0.9999330043792725,25.655147552490234,9.719371795654297,0.4318400025367737,3925.10302734375,0.32718899846076965,1.9999999494757503e-05,437.4604187011719
2025-01-24 00:00:00+00:00,104819.484375,3309.554931640625,680.2131958007812,3.103482961654663,0.9714940190315247,253.36122131347656,0.350739985704422,0.254285991191864,0.04808399826288223,0.4318859875202179,6.315302848815918,118.69554138183594,35.338050842285156,0.9999110102653503,25.189668655395508,9.703289985656738,0.4309230148792267,3948.4248046875,0.32722100615501404,1.9999999494757503e-05,431.7235412597656
2025-01-25 00:00:00+00:00,104714.6484375,3317.26953125,686.2684936523438,3.109705924987793,0.9772719740867615,256.0735778808594,0.3537760078907013,0.25343000888824463,0.2962839901447296,0.4355100095272064,6.322443008422852,123.98307037353516,36.62107849121094,1.0002089738845825,24.92470932006836,9.778135299682617,0.41704800724983215,3961.420166015625,0.33199700713157654,1.9999999494757503e-05,445.2803649902344
2025-01-26 00:00:00+00:00,102682.5,3236.13427734375,666.7637939453125,3.0262279510498047,0.9548559784889221,240.88345336914062,0.336326003074646,0.24633300304412842,0.08473700284957886,0.43432798981666565,6.184237957000732,117.20661163330078,35.85732650756836,1.000035047531128,24.911712646484375,9.754515647888184,0.4067789912223816,3894.42578125,0.32340899109840393,1.8999999156221747e-05,425.595947265625
2025-01-27 00:00:00+00:00,102087.6875,3178.92041015625,679.7933349609375,3.053184986114502,0.9329429864883423,235.07444763183594,0.33382201194763184,0.2463259994983673,0.17114700376987457,0.41472500562667847,5.943115234375,114.8987045288086,34.199623107910156,1.0002470016479492,24.14933967590332,9.662742614746094,0.40707701444625854,3770.72607421875,0.3143489956855774,1.8999999156221747e-05,426.9776611328125
2025-01-28 00:00:00+00:00,101332.4765625,3077.112548828125,661.424560546875,3.06112003326416,0.9161149859428406,227.20396423339844,0.31907400488853455,0.2399190068244934,0.03717099875211716,0.38980698585510254,5.655594825744629,110.22003173828125,32.12329864501953,0.9999020099639893,22.615997314453125,9.718184471130371,0.39368200302124023,3656.217041015625,0.2991810142993927,1.8000000636675395e-05,410.5862121582031
2025-01-29 00:00:00+00:00,103703.2109375,3112.9990234375,667.6857299804688,3.068294048309326,0.9411270022392273,227.94493103027344,0.32386401295661926,0.24015100300312042,0.0935249999165535,0.3954870104789734,5.7635297775268555,115.69033813476562,32.775238037109375,1.0000640153884888,23.62223243713379,9.772143363952637,0.39273199439048767,3722.996337890625,0.30885401368141174,1.8000000636675395e-05,414.92584228515625
2025-01-30 00:00:00+00:00,104735.3046875,3247.780029296875,677.5535888671875,3.1310689449310303,0.9610139727592468,239.0231475830078,0.331508994102478,0.2522459924221039,0.1042110025882721,0.41267499327659607,6.126862049102783,129.91165161132812,34.310176849365234,1.0000569820404053,24.47380828857422,9.776655197143555,0.43001699447631836,3878.958984375,0.31621700525283813,1.8999999156221747e-05,434.8733215332031
2025-01-31 00:00:00+00:00,102405.0234375,3298.26513671875,677.3753662109375,3.0354199409484863,0.9422289729118347,231.63790893554688,0.32872799038887024,0.2537029981613159,0.023313000798225403,0.4071969985961914,6.318368911743164,128.01290893554688,34.39764404296875,1.0000649690628052,25.148338317871094,9.761829376220703,0.4140860140323639,3933.330078125,0.30648499727249146,1.8999999156221747e-05,424.243408203125
2025-02-01 00:00:00+00:00,100655.90625,3118.32861328125,653.4329223632812,2.8844690322875977,0.8979439735412598,213.78501892089844,0.30835700035095215,0.24440999329090118,0.07079000025987625,0.3753960132598877,5.921681880950928,118.91510772705078,32.1812629699707,0.9998829960823059,23.048158645629883,9.676668167114258,0.39330899715423584,3732.383544921875,0.2855280041694641,1.8000000636675395e-05,404.39166259765625
2025-02-02 00:00:00+00:00,97688.9765625,2868.69287109375,617.6006469726562,2.5797948837280273,0.8017399907112122,203.11962890625,0.26750901341438293,0.22509600222110748,0.2241699993610382,0.332271009683609,5.148262023925781,109.48184204101562,27.576316833496094,0.9997580051422119,20.42749786376953,9.67540168762207,0.35395699739456177,3402.847900390625,0.2533169984817505,1.4999999621068127e-05,359.7787780761719
2025-02-03 00:00:00+00:00,101405.421875,2884.566650390625,617.1207885742188,2.7011559009552,0.8115590214729309,216.1495819091797,0.28500398993492126,0.22893400490283966,0.18910500407218933,0.3425079882144928,5.185870170593262,106.95282745361328,28.41798210144043,0.9999359846115112,21.643274307250977,9.792377471923828,0.3704339861869812,3382.548583984375,0.27514898777008057,1.700000029813964e-05,353.2078857421875
2025-02-04 00:00:00+00:00,97871.8203125,2735.05126953125,573.3278198242188,2.5354249477386475,0.7463430166244507,207.09197998046875,0.26414400339126587,0.22449900209903717,0.10610900074243546,0.31341201066970825,4.750216007232666,101.45013427734375,26.524229049682617,0.9997720122337341,20.0632381439209,9.786170959472656,0.34160301089286804,3235.841552734375,0.2509010136127472,1.5999999959603883e-05,330.6802978515625
2025-02-05 00:00:00+00:00,96615.4453125,2787.779052734375,569.7468872070312,2.382314920425415,0.7332090139389038,195.98814392089844,0.25623300671577454,0.22257199883460999,0.04755299910902977,0.31116798520088196,4.692637920379639,103.3876953125,25.872116088867188,0.9998800158500671,19.204370498657227,9.853068351745605,0.32731300592422485,3306.364501953125,0.23869100213050842,1.5999999959603883e-05,327.9939880371094
2025-02-06 00:00:00+00:00,96593.296875,2688.40087890625,572.2740478515625,2.3268799781799316,0.7050619721412659,189.77249145507812,0.24808399379253387,0.2316019982099533,0.07251399755477905,0.29698801040649414,4.492766857147217,101.6890869140625,24.507278442382812,1.000025987625122,18.59428596496582,9.777632713317871,0.3184730112552643,3203.824951171875,0.22883599996566772,1.4999999621068127e-05,315.9839782714844
2025-02-07 00:00:00+00:00,96529.0859375,2622.211181640625,578.0668334960938,2.393583059310913,0.7070930004119873,192.20465087890625,0.24661299586296082,0.22998499870300293,0.12645399570465088,0.2980180084705353,4.590202808380127,103.2164077758789,24.450775146484375,1.0000439882278442,18.386972427368164,9.785131454467773,0.3269529938697815,3107.100341796875,0.23284700512886047,1.4999999621068127e-05,318.4578552246094
2025-02-08 00:00:00+00:00,96482.453125,2632.308349609375,613.32421875,2.4243760108947754,0.7018489837646484,199.5998992919922,0.25326600670814514,0.23164799809455872,0.12919500470161438,0.3086499869823456,4.7452287673950195,104.68509674072266,24.599567413330078,1.0002269744873047,18.464569091796875,9.831110000610352,0.33198800683021545,3142.324951171875,0.23450599610805511,1.5999999959603883e-05,323.50653076171875
2025-02-09 00:00:00+00:00,96500.09375,2628.72119140625,616.64208984375,2.396939992904663,0.6827009916305542,200.49755859375,0.24929000437259674,0.23254099488258362,0.06377500295639038,0.303631991147995,4.77225923538208,107.45870208740234,24.912887573242188,1.000161051750183,18.30515480041504,9.885298728942871,0.31458398699760437,3130.66943359375,0.2295749932527542,1.5999999959603883e-05,324.8921203613281
2025-02-10 00:00:00+00:00,97437.5546875,2661.166748046875,618.3145141601562,2.422696113586426,0.7106930017471313,200.35635375976562,0.25525999069213867,0.24614399671554565,0.08649999648332596,0.3121410012245178,4.841084003448486,120.08202362060547,25.63951873779297,1.0000449419021606,18.766145706176758,9.86941909790039,0.3129050135612488,3169.981201171875,0.23190400004386902,1.5999999959603883e-05,329.0276184082031
2025-02-11 00:00:00+00:00,95747.4296875,2602.781982421875,642.5872802734375,2.4142160415649414,0.7793989777565002,197.98236083984375,0.2531220018863678,0.24107299745082855,0.16167600452899933,0.30773499608039856,4.808444023132324,119.69583129882812,25.39145851135254,0.9999020099639893,18.642301559448242,9.814030647277832,0.31841400265693665,3107.768310546875,0.22879500687122345,1.5999999959603883e-05,331.39703369140625
2025-02-12 00:00:00+00:00,97885.859375,2736.902099609375,698.037353515625,2.472835063934326,0.7992240190505981,196.7738037109375,0.26412200927734375,0.24332399666309357,0.06276299804449081,0.3286980092525482,5.228726863861084,122.0439224243164,26.493667602539062,0.9999250173568726,19.180673599243164,9.829962730407715,0.3329710066318512,3265.475830078125,0.23454700410366058,1.700000029813964e-05,343.0455627441406
2025-02-13 00:00:00+00:00,96623.8671875,2675.902587890625,668.2775268554688,2.5625150203704834,0.8107420206069946,194.46095275878906,0.26249200105667114,0.23402200639247894,0.05877700075507164,0.3168259859085083,5.1322340965271,126.31777954101562,25.416154861450195,1.0002340078353882,18.558940887451172,9.761002540588379,0.33761900663375854,3188.45556640625,0.22570399940013885,1.5999999959603883e-05,335.3482360839844
2025-02-14 00:00:00+00:00,97508.96875,2726.091552734375,658.0436401367188,2.7401959896087646,0.8005070090293884,199.9356689453125,0.271928995847702,0.23148399591445923,0.04877899959683418,0.32311999797821045,5.187249183654785,125.12673950195312,26.39476776123047,0.9998329877853394,19.41437530517578,9.832884788513184,0.350942999124527,3246.9306640625,0.23089900612831116,1.700000029813964e-05,341.62628173828125
2025-02-15 00:00:00+00:00,97580.3515625,2693.559814453125,662.3276977539062,2.76157808303833,0.7811099886894226,194.48208618164062,0.27172398567199707,0.2374349981546402,0.05671599879860878,0.3181470036506653,5.023991107940674,133.84043884277344,25.489839553833008,1.00005304813385,18.98305892944336,9.800140380859375,0.34902000427246094,3214.39404296875,0.22906500101089478,1.5999999959603883e-05,332.8094177246094
2025-02-16 00:00:00+00:00,96175.03125,2663.31591796875,674.100830078125,2.7278249263763428,0.772005021572113,188.4864044189453,0.2657400071620941,0.24266600608825684,0.19404800236225128,0.32516300678253174,4.880805969238281,125.55438232421875,24.837257385253906,1.000161051750183,18.70529556274414,9.707204818725586,0.3426069915294647,3180.64599609375,0.22014600038528442,1.5999999959603883e-05,326.4682922363281
2025-02-17 00:00:00+00:00,95773.3828125,2743.19970703125,667.2290649414062,2.658273935317993,0.8080250024795532,177.6897430419922,0.2581480145454407,0.23871800303459167,0.21734300255775452,0.31951698660850525,4.888372898101807,122.30784606933594,25.0288143157959,1.0000109672546387,19.099895477294922,9.785493850708008,0.33372199535369873,3273.5068359375,0.21204300224781036,1.5999999959603883e-05,323.638427734375
2025-02-18 00:00:00+00:00,95539.546875,2669.3388671875,647.443359375,2.558877944946289,0.7523630261421204,169.08428955078125,0.2509010136127472,0.23897099494934082,0.042504001408815384,0.3019540011882782,4.758245944976807,129.49008178710938,23.48827362060547,0.9997910261154175,17.83260726928711,9.769024848937988,0.323184996843338,3178.886474609375,0.2066829949617386,1.4999999621068127e-05,315.83685302734375
2025-02-19 00:00:00+00:00,96635.609375,2715.77099609375,653.5147094726562,2.7408010959625244,0.7729430198669434,169.01080322265625,0.2547680139541626,0.24224799871444702,0.1821260005235672,0.30111199617385864,4.882347106933594,135.21470642089844,23.72795867919922,1.0000309944152832,17.978578567504883,9.618066787719727,0.3422729969024658,3241.408203125,0.21569600701332092,1.4999999621068127e-05,322.58984375
2025-02-20 00:00:00+00:00,98333.9375,2740.386474609375,657.2009887695312,2.6908280849456787,0.8044739961624146,176.04888916015625,0.2548600137233734,0.24641600251197815,0.1164420023560524,0.307574987411499,5.047636032104492,130.60191345214844,25.14973258972168,0.9999039769172668,18.298744201660156,9.737695693969727,0.3447270095348358,3270.0615234375,0.2219499945640564,1.5999999959603883e-05,326.0089416503906
2025-02-21 00:00:00+00:00,96125.546875,2659.655517578125,646.8995361328125,2.5701398849487305,0.7613710165023804,168.89163208007812,0.23930799961090088,0.23760099709033966,0.16748900711536407,0.293597012758255,5.05633020401001,128.05027770996094,24.5191650390625,1.0000109672546387,17.39421272277832,9.729670524597168,0.32577499747276306,3162.802001953125,0.2132059931755066,1.4999999621068127e-05,313.6491394042969
2025-02-22 00:00:00+00:00,96577.7578125,2764.029296875,668.5747680664062,2.5757060050964355,0.7744519710540771,172.16285705566406,0.2467229962348938,0.23836299777030945,0.1160459965467453,0.29840201139450073,5.044673919677734,126.0592269897461,25.816495895385742,1.0002349615097046,17.76429557800293,9.705737113952637,0.3345920145511627,3304.00830078125,0.2165219932794571,1.5999999959603883e-05,320.9940490722656
2025-02-23 00:00:00+00:00,96273.921875,2821.310302734375,657.9036865234375,2.5770199298858643,0.7700409889221191,168.03811645507812,0.24302299320697784,0.24597099423408508,0.17319099605083466,0.2957899868488312,4.959229946136475,129.94187927246094,24.88555335998535,0.9998900294303894,17.6387882232666,9.752462387084961,0.3335059881210327,3357.869873046875,0.21149900555610657,1.4999999621068127e-05,327.8842468261719
2025-02-24 00:00:00+00:00,91418.171875,2513.8212890625,613.9630126953125,2.2779290676116943,0.6822019815444946,141.98948669433594,0.21035900712013245,0.24004900455474854,0.14110000431537628,0.26631399989128113,4.413650989532471,114.46142578125,21.88091278076172,0.9999650120735168,15.247294425964355,8.726300239562988,0.2979719936847687,3010.01416015625,0.19624100625514984,1.4000000192027073e-05,291.61492919921875
2025-02-25 00:00:00+00:00,88736.171875,2493.592529296875,622.9407958984375,2.3207170963287354,0.6825820207595825,144.10775756835938,0.2123890072107315,0.23088699579238892,0.31137898564338684,0.27247700095176697,4.633916854858398,114.61450958251953,21.931367874145508,0.9996119737625122,15.29446029663086,8.945788383483887,0.2952730059623718,2986.037841796875,0.19717900454998016,1.4000000192027073e-05,291.6081237792969
2025-02-26 00:00:00+00:00,84347.0234375,2331.45263671875,610.6930541992188,2.1924350261688232,0.6450380086898804,134.83132934570312,0.2055409997701645,0.22679400444030762,0.05329899862408638,0.27287501096725464,4.740311145782471,124.62174224853516,21.797014236450195,0.9997429847717285,15.207539558410645,9.067851066589355,0.2854880094528198,2789.7099609375,0.19775700569152832,1.4000000192027073e-05,293.3774719238281
2025-02-27 00:00:00+00:00,84704.2265625,2305.484375,605.1236572265625,2.198647975921631,0.6455850005149841,137.6208038330078,0.20682400465011597,0.22821100056171417,0.04834799841046333,0.2769930064678192,4.926065921783447,126.77029418945312,22.493072509765625,0.9999819993972778,15.106882095336914,9.222043991088867,0.2831209897994995,2732.1728515625,0.19960199296474457,1.4000000192027073e-05,296.6879577636719
2025-02-28 00:00:00+00:00,84373.0078125,2237.9052734375,587.4515991210938,2.145595073699951,0.6330509781837463,148.03001403808594,0.20196300745010376,0.23320099711418152,0.17536799609661102,0.27201199531555176,4.712969779968262,127.96198272705078,22.368793487548828,0.9998419880867004,14.81668758392334,9.297046661376953,0.2863579988479614,2659.68994140625,0.21262499690055847,1.4000000192027073e-05,315.8653259277344
2025-03-01 00:00:00+00:00,86031.9140625,2216.643310546875,607.5115356445312,2.190603017807007,0.6592649817466736,143.6757049560547,0.20653699338436127,0.23379699885845184,0.30104801058769226,0.2824609875679016,4.662499904632568,124.26994323730469,21.871139526367188,0.999921977519989,14.788805961608887,9.775246620178223,0.31185299158096313,2642.535888671875,0.25308799743652344,1.4000000192027073e-05,311.22760009765625
2025-03-02 00:00:00+00:00,94248.3515625,2519.694580078125,622.9360961914062,2.9369421005249023,1.1295030117034912,178.49549865722656,0.2392670065164566,0.2439039945602417,0.1191449984908104,0.303382009267807,5.196681976318359,127.49488830566406,24.94097328186035,1.0001070499420166,17.41300392150879,9.817832946777344,0.35044199228286743,3009.466552734375,0.2646560072898865,1.4999999621068127e-05,333.97296142578125
2025-03-03 00:00:00+00:00,86065.671875,2145.573974609375,575.1699829101562,2.385741949081421,0.8552640080451965,142.02108764648438,0.19907599687576294,0.23092800378799438,0.029349999502301216,0.2552550137042999,4.473834991455078,109.94983673095703,20.9365177154541,1.0000300407409668,14.450200080871582,9.942689895629883,0.2921229898929596,2559.039306640625,0.22281700372695923,1.2999999853491317e-05,320.451171875
2025-03-04 00:00:00+00:00,87222.1953125,2170.01513671875,583.5868530273438,2.455146074295044,0.941277027130127,144.9165802001953,0.19914600253105164,0.24244500696659088,0.06151999905705452,0.2488279938697815,4.328348159790039,103.70933532714844,20.008602142333984,0.9998959898948669,14.875398635864258,9.705644607543945,0.2950260043144226,2593.706298828125,0.24156099557876587,1.2999999853491317e-05,320.1509704589844
2025-03-05 00:00:00+00:00,90623.5625,2241.977294921875,597.975830078125,2.500509023666382,0.9753559827804565,146.26730346679688,0.20472000539302826,0.24361799657344818,0.08988600224256516,0.2562899887561798,4.529809951782227,104.7320785522461,21.728666305541992,1.0001039505004883,16.462270736694336,9.888017654418945,0.2997699975967407,2672.129150390625,0.2491299957036972,1.2999999853491317e-05,392.21337890625
2025-03-06 00:00:00+00:00,89961.7265625,2202.476806640625,596.7237548828125,2.601728916168213,0.9075520038604736,143.355224609375,0.2017270028591156,0.24010400474071503,0.14577700197696686,0.25056299567222595,4.434199810028076,103.39810180664062,21.02910804748535,1.0000380277633667,17.070051193237305,9.906899452209473,0.29644399881362915,2639.555908203125,0.23794099688529968,1.2999999853491317e-05,395.435302734375
2025-03-07 00:00:00+00:00,86742.671875,2138.987548828125,593.96337890625,2.3816239833831787,0.8167999982833862,139.20913696289062,0.19797299802303314,0.24370400607585907,0.3139890134334564,0.24122300744056702,4.403337001800537,103.48184204101562,20.0969295501709,1.0000970363616943,15.938858985900879,9.91971206665039,0.28327998518943787,2549.30322265625,0.2326270043849945,1.2999999853491317e-05,388.5880126953125
2025-03-08 00:00:00+00:00,86154.59375,2201.51025390625,593.0808715820312,2.323438882827759,0.8046919703483582,136.94207763671875,0.19217200577259064,0.24382899701595306,0.22847199440002441,0.24576400220394135,4.289371013641357,102.25264739990234,20.471092224121094,1.0000380277633667,15.251073837280273,9.797347068786621,0.2757500112056732,2637.071044921875,0.22664299607276917,1.2999999853491317e-05,385.40155029296875
2025-03-09 00:00:00+00:00,80601.0390625,2015.5091552734375,554.5804443359375,2.1345760822296143,0.7201489806175232,126.43543243408203,0.16780300438404083,0.23190799355506897,0.5671539902687073,0.22058600187301636,4.016472816467285,94.47103881835938,17.957881927490234,0.9998570084571838,13.77341079711914,9.7340726852417,0.2627669870853424,2409.724609375,0.19926899671554565,1.2000000424450263e-05,357.228515625
2025-03-10 00:00:00+00:00,78532.0,1861.1513671875,532.1218872070312,2.018294095993042,0.6725969910621643,118.291748046875,0.1540600061416626,0.22948600351810455,0.08032599836587906,0.20721200108528137,3.880053997039795,87.55799102783203,16.28597068786621,1.0000059604644775,12.69313907623291,9.747613906860352,0.24230200052261353,2247.683349609375,0.18943500518798828,1.2000000424450263e-05,331.64532470703125
2025-03-11 00:00:00+00:00,82862.2109375,1919.844970703125,551.4745483398438,2.1669158935546875,0.722586989402771,125.26394653320312,0.16416600346565247,0.2244260013103485,0.10498999804258347,0.2156819999217987,4.037774085998535,90.33271789550781,17.47471809387207,0.9999639987945557,13.099883079528809,9.882753372192383,0.2550249993801117,2307.500244140625,0.19580699503421783,1.2000000424450263e-05,339.49188232421875
2025-03-12 00:00:00+00:00,83722.359375,1908.982666015625,569.8948364257812,2.240755081176758,0.7354440093040466,126.58324432373047,0.17238099873065948,0.22299499809741974,0.08819299936294556,0.21659700572490692,3.973094940185547,91.48965454101562,18.89916229248047,0.9999690055847168,13.482376098632812,9.70914077758789,0.25958898663520813,2278.803955078125,0.20095999538898468,1.2000000424450263e-05,353.9580078125
2025-03-13 00:00:00+00:00,81066.703125,1862.9696044921875,579.2188110351562,2.2510080337524414,0.7022889852523804,123.28614807128906,0.1650650054216385,0.22511500120162964,0.030722999945282936,0.21100899577140808,3.980884075164795,88.03050231933594,18.499713897705078,1.0000170469284058,13.027454376220703,9.713602066040039,0.2732599973678589,2230.24609375,0.18925000727176666,1.2000000424450263e-05,326.1294250488281
2025-03-14 00:00:00+00:00,83969.1015625,1909.467529296875,587.1362915039062,2.356442928314209,0.738315999507904,133.31448364257812,0.17179900407791138,0.22247399389743805,0.03129800036549568,0.2150309979915619,4.180880069732666,91.33390808105469,18.569934844970703,1.000022053718567,13.679569244384766,9.818793296813965,0.2763670086860657,2295.07080078125,0.19188900291919708,1.2999999853491317e-05,330.35772705078125
